Ticker,Company,Sector,Industry,Price,Fair Value,Fair Value Low,Fair Value High,Valuation Methods,Upside %,Margin of Safety %,Sell Target,Suggested Hold,Overall Quant Score,Overall Grade,Tier,Investment Score,Opportunity Score,Position Trade Score,Health Score,Expected Return Score,Conviction Score,Evidence Score,Research Priority,Quality Score,Cash Flow Score,Valuation Score,Growth Score,Financial Strength Score,Momentum Score,Relative Strength Score,Risk Score,Earnings Quality Score,News Sentiment Score,P/E,Forward P/E,PEG,P/S,EV/EBITDA,EV/FCF,FCF Yield %,Earnings Yield %,Profit Margin %,Gross Margin %,Operating Margin %,EBITDA Margin %,FCF Margin %,OCF Margin %,FCF Conversion %,ROE %,ROA %,ROIC Proxy %,Revenue Growth %,Earnings Growth %,Debt/Equity,Current Ratio,Quick Ratio,Cash/Debt,Net Debt/EBITDA,Beta,Volatility %,Max Drawdown %,Dividend Yield %,Payout Ratio %,1M Return %,3M Return %,6M Return %,12M Return %,Relative Strength 6M %,Relative Strength 12M %,Volume Ratio,52W Position,Labels,Verdict,Research Action,Biggest Risk,Why Ranked High,Main Concerns,Research Time,Alerts,Data Coverage %,Data Source,Scan Date,Last Updated,Sector Fair Value,Sector Median P/E,FV Votes,FV Confidence,Total Payout %,Fundamental Core Score,Size Score
SHOP,Shopify Inc.,Technology,Software - Application,125.64,50.26,50.26,124.23,P/E: $50.26 | EV/FCF: $50.26 | DCF: $50.26 | PEG: $68.45 | 52-week midpoint: $124.23,-60.0,-150.0,133.18,Research only,41.4,F,Tier 4 — Low Priority / Avoid,49.0,30.2,41.3,46.3,39.2,32.5,17.5,31.1,26.4,30.8,4.4,66.2,100.0,44.1,9.1,24.8,46.9,100.0,123.18137,53.917717,2.5698,13.184847,71.439,122.1,0.77,0.81,10.77,47.97,15.71,17.37,10.16,17.36,58.54,11.31,9.62,1.23,34.3,,1.432,6.196,4.528,32.08,-2.59,2.585,59.7,-46.7,,0.0,13.7,9.3,-23.6,12.1,-32.5,-9.8,0.3,0.36,General Watchlist,Low Priority / Avoid,High Risk — Needs Confirmation,Valuation Risk,Positive news sentiment (100.0/100),Valuation may be stretched (4.4/100) | Cash-flow profile looks weak (30.8/100) | Relative strength is weak (9.1/100) | Risk profile is elevated (24.8/100),60+ minutes,Valuation risk: stock may be expensive. | Risk warning: volatility/drawdown risk is elevated.,94,Yahoo Finance,2026-07-13,2026-07-13 15:47:04,,,,,,,
ROKU,"Roku, Inc.",Communication Services,Entertainment,142.38,84.63,56.95,198.96,P/E: $56.95 | EV/FCF: $71.78 | DCF: $84.63 | PEG: $198.96 | 52-week midpoint: $94.15,-40.6,-68.3,150.93,Research only,49.6,F,Tier 4 — Low Priority / Avoid,49.3,38.1,68.3,46.1,47.6,40.5,40.0,42.0,10.5,51.9,26.7,65.2,100.0,86.8,98.7,28.4,47.5,41.0,105.47037,38.63677,1.0019,4.253726,48.284,27.77,3.22,0.95,4.06,44.19,4.28,7.88,13.69,10.96,124.97,7.75,1.64,1.1,22.4,,18.761,2.91,2.709,4.75,-4.8,2.008,55.4,-44.4,,0.0,19.0,37.8,28.1,60.0,19.2,38.1,0.13,0.98,General Watchlist,Low Priority / Avoid,High Risk — Needs Confirmation,Business Quality Risk,Strong relative strength vs SPY (98.7/100),Valuation may be stretched (26.7/100) | Risk profile is elevated (28.4/100),60+ minutes,Outperforming SPY on relative strength. | Valuation risk: stock may be expensive. | Risk warning: volatility/drawdown risk is elevated.,94,Yahoo Finance,2026-07-13,2026-07-13 15:47:25,,,,,,,
ZM,"Zoom Communications, Inc.",Technology,Software - Application,92.65,121.17,37.06,196.74,P/E: $122.22 | EV/FCF: $196.74 | DCF: $121.17 | PEG: $37.06 | 52-week midpoint: $96.84,30.8,23.5,114.04,Research only,76.0,C,Tier 2 — Worth Researching,81.7,78.7,57.7,84.6,75.7,79.7,50.0,71.7,66.5,96.5,66.1,70.6,100.0,51.4,45.3,70.9,85.7,50.0,13.645066,14.709571,4.2142,5.507325,13.915,9.42,7.29,7.33,41.99,77.77,25.06,27.18,40.16,40.98,98.01,21.95,6.55,6.34,5.5,74.2,0.604,4.221,4.031,128.23,-5.71,1.014,38.4,-25.9,,0.0,0.4,11.9,8.8,26.2,-0.1,4.3,0.22,0.54,"Long-Term Compounder, Undervalued Opportunity, Healthy Business",Worth Researching,Watchlist / Research Later,News / Sentiment Risk,Strong investment score (81.7/100) | Attractive opportunity/valuation setup (78.7/100) | High business health (84.6/100) | Strong cash-flow profile (96.5/100) | FCF yield looks attractive (7.29%),No major quant red flag detected.,30 minutes,Strong free cash flow yield.,100,Yahoo Finance,2026-07-13,2026-07-13 15:47:31,,,,,,,
BABA,Alibaba Group Holding Limited,Consumer Cyclical,Internet Retail,113.19,123.91,90.58,282.98,P/E: $90.58 | PEG: $282.98 | 52-week midpoint: $123.91,9.5,8.7,121.23,Research only,35.9,F,Tier 4 — Low Priority / Avoid,34.6,45.0,29.7,30.3,37.9,30.1,27.5,33.3,19.4,10.0,74.8,46.7,71.6,19.7,4.6,60.6,33.6,57.0,17.49459,12.518111,0.4689,0.26505005,2.656,,-16.24,5.72,10.12,39.81,1.01,10.76,-4.31,7.45,-57.83,9.22,2.12,4.4,2.9,104.1,25.014,1.282,0.863,1.12,-0.32,0.496,45.6,-49.5,93.0,17.12,0.4,-10.8,-24.3,7.0,-33.2,-14.9,0.31,0.2,Recovery Candidate,Low Priority / Avoid,Avoid for Now,Cash Flow Risk,No single dominant strength; needs manual research.,Cash-flow profile looks weak (10.0/100) | Momentum is weak (19.7/100) | Relative strength is weak (4.6/100) | Free cash flow yield is negative,60+ minutes,No major signal,100,Yahoo Finance,2026-07-13,2026-07-13 15:47:53,,,,,,,
AVB,"AvalonBay Communities, Inc.",Real Estate,REIT - Residential,185.61,178.39,117.74,239.04,P/E (sector median 33x): $239.04 | Dividend (DDM): $117.74,-3.9,-4.0,196.75,Research only,40.3,F,Tier 4 — Low Priority / Avoid,41.6,33.1,44.2,44.0,41.3,28.2,0.0,25.2,49.8,50.0,30.2,24.5,19.1,35.3,24.3,78.4,51.1,54.4,25.460905,38.09901,7.17,8.610272,19.003,,,3.93,33.34,62.61,30.19,60.14,,,,8.49,2.62,3.45,2.1,-41.3,73.8,0.202,0.066,0.01,4.82,0.78,21.4,-29.4,3.79,96.98,-4.3,2.1,6.6,3.6,-1.9,-15.9,0.46,0.74,General Watchlist,Low Priority / Avoid,High Risk — Needs Confirmation,Debt / Balance Sheet Risk,No single dominant strength; needs manual research.,Valuation may be stretched (30.2/100) | Growth profile looks weak (24.5/100) | Financial strength looks weak (19.1/100) | Momentum is weak (35.3/100),60+ minutes,Valuation risk: stock may be expensive. | Financial risk: balance sheet metrics look weak.,94,Yahoo Finance,2026-07-31,2026-07-31 23:23:20,236.25,32.4,1/2,Medium,89.6,41.7,96.9
EA,Electronic Arts Inc.,Communication Services,Electronic Gaming & Multimedia,209.86,185.47,71.36,198.67,"P/E (sector median 20x): $71.36 | EV/FCF (sector median 22x): $198.67 | DCF (3-stage, CAPM): $185.47",-11.6,-13.2,222.45,Research only,68.6,D+,Tier 3 — Watchlist Only,77.8,61.6,57.5,76.7,68.1,68.1,50.0,63.6,79.2,78.2,39.2,76.2,75.6,58.2,49.9,82.6,71.3,30.2,59.96,21.794985,1.3007,7.032967,34.632,23.18,4.19,1.67,11.78,78.97,24.01,19.72,29.47,33.9,86.92,13.49,5.7,25.13,11.9,85.3,27.41,1.046,0.951,1.61,-0.76,0.641,24.4,-30.5,0.36,21.65,2.3,3.9,3.1,38.2,-5.4,18.7,1.9,1.0,General Watchlist,Watchlist Only,Watchlist / Research Later,News / Sentiment Risk,High business health (76.7/100) | Strong cash-flow profile (78.2/100) | Strong quality profile (79.2/100) | Strong growth profile (76.2/100) | ROIC proxy is strong (25.13%),Valuation may be stretched (39.2/100) | Recent news sentiment is weak (30.2/100),30 minutes,Strong ROIC proxy. | Recent news sentiment is negative.,100,Yahoo Finance,2026-07-31,2026-07-31 23:24:32,67.46,19.3,0/3,Low,155.74,77.4,92.4
EQR,Equity Residential,Real Estate,REIT - Residential,65.62,75.13,48.13,90.09,P/E (sector median 32x): $72.78 | EV/FCF (sector median 32x): $90.09 | DCF (FCFF/WACC): $77.49 | Dividend (DDM): $48.13,14.5,12.7,72.76,Research only,49.3,F,Tier 4 — Low Priority / Avoid,53.1,45.1,42.4,57.1,50.3,39.3,2.5,34.0,57.8,84.2,30.4,32.5,20.1,33.8,14.2,83.0,58.8,50.0,28.53261,42.64465,16.1,8.107832,17.772,23.61,5.61,3.5,27.97,62.34,27.88,60.42,45.48,50.05,90.87,8.02,2.67,3.56,2.1,-39.9,78.679,0.127,0.032,0.0,4.51,0.749,21.7,-21.2,4.27,121.33,-4.5,0.6,2.3,10.1,-10.0,-12.9,0.08,0.66,General Watchlist,Low Priority / Avoid,High Risk — Needs Confirmation,Debt / Balance Sheet Risk,Strong cash-flow profile (84.2/100) | FCF yield looks attractive (5.61%) | Fair value upside is positive (14.5%),Valuation may be stretched (30.4/100) | Growth profile looks weak (32.5/100) | Financial strength looks weak (20.1/100) | Momentum is weak (33.8/100),60+ minutes,Valuation risk: stock may be expensive. | Financial risk: balance sheet metrics look weak.,100,Yahoo Finance,2026-08-11,2026-08-11 14:23:27,74.33,32.3,3/4,Medium,108.93,48.9,97.1
TAP,Molson Coors Beverage Company,Consumer Defensive,Beverages - Brewers,40.93,66.77,26.36,132.48,EV/FCF (sector median 24x): $66.77 | DCF (FCFF/WACC): $132.48 | Dividend (DDM): $26.36,63.1,38.7,52.39,Research only,34.2,F,Tier 4 — Low Priority / Avoid,36.4,34.3,28.0,36.7,35.9,27.2,2.5,24.3,35.2,62.0,67.8,8.2,33.8,29.8,0.0,73.6,10.4,43.2,,8.332298,3.9244,0.6885514,5.959,14.42,12.25,,-20.81,37.01,11.3,20.42,8.44,17.84,47.3,-19.47,3.79,6.23,-3.3,-42.3,76.03,0.879,0.634,0.27,2.56,0.427,26.8,-35.7,4.83,35.9,-1.1,7.7,-10.1,-13.3,-23.1,-33.5,0.31,0.2,General Watchlist,Low Priority / Avoid,High Risk — Needs Confirmation,Growth Risk,FCF yield looks attractive (12.25%) | Fair value upside is positive (63.1%),Growth profile looks weak (8.2/100) | Financial strength looks weak (33.8/100) | Momentum is weak (29.8/100) | Relative strength is weak (0.0/100),60+ minutes,Strong free cash flow yield. | Financial risk: balance sheet metrics look weak.,94,Yahoo Finance,2026-09-02,2026-09-02 17:10:37,,28.5,2/3,Low,,24.4,100.0
TTD,"The Trade Desk, Inc.",Communication Services,Advertising Agencies,15.13,19.17,17.45,40.75,"P/E (sector median 21x): $17.45 | EV/FCF (sector median 28x): $40.75 | DCF (3-stage, CAPM): $19.17",26.6,21.0,18.16,Research only,52.8,F,Tier 4 — Low Priority / Avoid,63.0,54.6,24.4,68.0,52.1,62.4,50.0,56.6,67.0,83.9,82.9,23.4,91.6,18.4,0.0,43.0,26.4,56.2,18.017859,15.203415,1.0752,2.378364,8.572,10.26,8.2,5.55,13.61,76.87,14.21,23.34,19.5,36.17,53.9,15.44,6.25,22.01,3.0,-23.6,16.863,1.724,1.677,3.42,-1.51,1.005,65.9,-90.7,,0.0,12.9,-20.2,-39.6,-66.8,-53.1,-82.6,0.33,0.05,Recovery Candidate,Low Priority / Avoid,Avoid for Now,Momentum Risk,Strong cash-flow profile (83.9/100) | FCF yield looks attractive (8.2%) | ROIC proxy is strong (22.01%) | Fair value upside is positive (26.6%),Growth profile looks weak (23.4/100) | Momentum is weak (18.4/100) | Relative strength is weak (0.0/100),60+ minutes,Strong free cash flow yield. | Strong ROIC proxy.,100,Yahoo Finance,2026-09-15,2026-09-15 17:37:08,16.86,20.1,3/3,Medium,211.64,65.1,100.0
BLDR,"Builders FirstSource, Inc.",Industrials,Building Products & Equipment,57.57,52.22,26.45,80.53,P/E (sector median 29x): $26.45 | EV/FCF (sector median 34x): $80.53 | DCF (FCFF/WACC): $52.22,-9.3,-10.2,61.02,Research only,20.0,F,Tier 4 — Low Priority / Avoid,23.0,19.0,16.6,20.3,20.2,7.8,0.0,10.9,0.0,45.0,54.8,14.5,25.1,0.0,0.0,29.6,20.2,60.6,62.576084,13.020644,2.02,0.42871168,11.128,24.49,7.5,1.6,0.71,29.19,3.33,7.08,3.22,6.22,51.73,2.51,2.39,4.14,-8.8,,130.786,1.789,1.014,0.01,5.06,1.412,47.3,-71.5,,0.0,-18.1,-25.6,-29.1,-55.3,-46.5,-71.3,0.7,0.0,General Watchlist,Low Priority / Avoid,High Risk — Needs Confirmation,Momentum Risk,FCF yield looks attractive (7.5%),Growth profile looks weak (14.5/100) | Financial strength looks weak (25.1/100) | Momentum is weak (0.0/100) | Relative strength is weak (0.0/100),60+ minutes,Strong free cash flow yield. | Financial risk: balance sheet metrics look weak. | Risk warning: volatility/drawdown risk is elevated.,94,Yahoo Finance,2026-09-18,2026-09-18 17:03:14,36.23,39.4,1/3,Low,109.18,16.1,100.0
NEM,Newmont Corporation,Basic Materials,Gold,123.63,235.23,176.66,324.09,"P/E (sector median 30x): $235.23 | EV/FCF (sector median 39x): $324.09 | DCF (3-stage, CAPM): $176.66",90.3,47.4,158.25,1-5 years / long-term watch,79.5,C+,Tier 2 — Worth Researching,86.8,72.4,69.7,90.6,78.0,84.0,100.0,85.6,98.4,86.8,69.5,70.7,100.0,67.4,79.8,68.9,72.4,55.5,15.609848,12.071426,2.78,5.0556126,7.671,14.84,6.77,6.41,33.36,68.04,51.57,66.2,34.21,49.01,69.81,25.91,15.75,33.16,15.1,11.4,15.807,2.546,1.949,1.61,-0.2,0.543,44.4,-36.6,0.82,12.86,-6.0,31.7,25.4,49.1,7.2,32.6,0.38,0.8,"Long-Term Compounder, Healthy Business",Worth Researching,Watchlist / Research Later,News / Sentiment Risk,Strong investment score (86.8/100) | Strong conviction score (84.0/100) | Strong evidence score (100.0/100) | High business health (90.6/100) | Strong cash-flow profile (86.8/100),No major quant red flag detected.,30 minutes,Long-term investment quality is strong. | Stock health is strong. | Strong free cash flow yield. | Strong ROIC proxy. | Outperforming SPY on relative strength.,100,Yahoo Finance,2026-09-23,2026-09-23 17:48:03,123.63,15.6,3/3,Medium,116.2,82.4,79.3
NWSA,News Corporation,Communication Services,Entertainment,28.54,32.89,20.89,47.5,"P/E (sector median 21x): $20.89 | EV/FCF (sector median 28x): $47.50 | DCF (3-stage, CAPM): $32.89",15.2,13.2,31.8,Research only,48.8,F,Tier 4 — Low Priority / Avoid,53.6,44.5,43.6,53.0,49.6,50.9,25.0,43.5,45.1,65.4,55.8,33.3,71.7,47.3,25.5,78.5,32.6,42.5,28.257427,18.879158,2.6257,1.6940918,12.967,16.6,6.83,3.54,6.35,57.17,12.54,14.82,11.58,13.64,84.9,7.98,4.66,9.7,10.8,-74.9,31.561,1.623,1.403,0.72,0.61,0.923,24.6,-27.8,0.68,19.42,-6.9,13.5,19.5,-6.7,1.2,-23.1,1.1,0.71,General Watchlist,Low Priority / Avoid,Avoid for Now,Growth Risk,FCF yield looks attractive (6.83%) | Fair value upside is positive (15.2%),Growth profile looks weak (33.3/100) | Relative strength is weak (25.5/100),60+ minutes,Strong free cash flow yield.,100,Yahoo Finance,2026-09-23,2026-09-23 17:48:10,119.75,118.6,2/3,Medium,94.39,52.1,98.8
NWS,News Corporation,Communication Services,Entertainment,31.65,32.89,21.1,47.99,"P/E (sector median 21x): $21.10 | EV/FCF (sector median 28x): $47.99 | DCF (3-stage, CAPM): $32.89",3.9,3.8,33.55,Research only,47.3,F,Tier 4 — Low Priority / Avoid,53.0,42.9,40.1,52.2,48.0,49.0,12.5,39.2,45.1,62.3,48.4,33.3,71.7,39.1,21.3,78.6,32.6,42.5,31.029411,20.936417,2.9068,1.8786967,14.233,18.22,6.16,3.22,6.35,57.17,12.54,14.82,11.58,13.64,84.9,7.98,4.66,9.7,10.8,-74.9,31.561,1.623,1.403,0.72,0.61,0.923,25.3,-26.8,0.62,19.42,-9.4,11.3,16.8,-6.7,-1.4,-23.2,0.5,0.63,General Watchlist,Low Priority / Avoid,Avoid for Now,Growth Risk,FCF yield looks attractive (6.16%),Growth profile looks weak (33.3/100) | Momentum is weak (39.1/100) | Relative strength is weak (21.3/100),60+ minutes,Strong free cash flow yield.,100,Yahoo Finance,2026-09-23,2026-09-23 17:48:16,120.94,118.6,2/3,Medium,94.39,51.7,98.5
NEE,"NextEra Energy, Inc.",Utilities,Utilities - Regulated Electric,77.67,307.67,91.67,523.67,P/E (sector median 21x): $91.67 | Dividend (DDM): $523.67,296.1,74.8,99.42,Research only,38.7,F,Tier 4 — Low Priority / Avoid,42.0,35.5,37.5,38.4,39.8,17.0,0.0,21.4,48.7,25.0,54.0,59.5,7.3,17.4,12.6,72.5,68.2,53.8,17.532732,17.66765,1.6001,5.644215,19.44,,-10.97,5.7,32.4,61.02,31.52,50.85,-61.91,48.09,-128.72,11.68,2.44,4.35,12.4,53.1,161.676,0.534,0.348,0.03,7.35,0.644,25.2,-23.8,3.15,53.47,-7.0,-10.7,-14.0,10.4,-32.2,-6.0,0.52,0.28,General Watchlist,Low Priority / Avoid,High Risk — Needs Confirmation,Debt / Balance Sheet Risk,Fair value upside is positive (296.1%),Cash-flow profile looks weak (25.0/100) | Financial strength looks weak (7.3/100) | Momentum is weak (17.4/100) | Relative strength is weak (12.6/100),60+ minutes,Financial risk: balance sheet metrics look weak.,100,Yahoo Finance,2026-09-23,2026-09-23 17:48:23,78.19,17.7,2/2,Low,78.07,46.7,74.0
NKE,"Nike, Inc.",Consumer Cyclical,Footwear & Accessories,35.85,26.39,15.45,41.27,"P/E (sector median 20x): $41.27 | EV/FCF (sector median 30x): $36.26 | DCF (3-stage, CAPM): $15.45 | Dividend (DDM): $16.52",-26.4,-35.8,38.0,Research only,39.9,F,Tier 4 — Low Priority / Avoid,48.9,37.2,21.8,50.7,39.6,41.1,2.5,31.4,55.5,32.5,64.1,32.3,69.1,1.5,0.0,47.5,47.0,47.6,17.071428,15.782314,1.3992,1.144226,11.274,29.41,3.55,5.86,6.7,43.24,12.69,10.62,4.07,6.18,65.87,22.14,6.97,27.54,-1.1,428.0,74.289,1.961,1.192,0.82,0.41,1.11,37.7,-58.1,4.54,77.62,-11.1,-13.4,-31.7,-48.0,-49.9,-64.5,0.75,0.01,General Watchlist,Low Priority / Avoid,Avoid for Now,Momentum Risk,ROIC proxy is strong (27.54%),Cash-flow profile looks weak (32.5/100) | Growth profile looks weak (32.3/100) | Momentum is weak (1.5/100) | Relative strength is weak (0.0/100),60+ minutes,Strong ROIC proxy.,100,Yahoo Finance,2026-09-23,2026-09-23 17:48:29,35.09,16.7,2/4,Low,127.21,48.6,92.4
NI,NiSource Inc,Utilities,Utilities - Regulated Gas,39.15,40.7,38.9,42.5,P/E (sector median 21x): $38.90 | Dividend (DDM): $42.50,4.0,3.8,41.5,Research only,24.4,F,Tier 4 — Low Priority / Avoid,25.6,21.0,27.7,21.9,26.6,6.9,0.0,12.1,28.0,25.0,53.1,17.8,9.2,14.2,0.8,79.6,20.1,55.0,20.824469,17.375675,2.0519,2.7282972,12.828,,-9.44,4.8,13.15,50.97,17.16,43.97,-25.76,33.47,-76.98,8.55,3.24,3.46,4.6,-58.4,146.649,0.498,0.218,0.0,5.74,0.54,19.2,-19.7,3.01,61.7,-4.1,-17.3,-13.2,-2.7,-31.4,-19.1,0.68,0.0,General Watchlist,Low Priority / Avoid,High Risk — Needs Confirmation,Debt / Balance Sheet Risk,No single dominant strength; needs manual research.,Cash-flow profile looks weak (25.0/100) | Growth profile looks weak (17.8/100) | Financial strength looks weak (9.2/100) | Momentum is weak (14.2/100),60+ minutes,Financial risk: balance sheet metrics look weak.,100,Yahoo Finance,2026-09-23,2026-09-23 17:48:36,33.18,17.7,1/2,High,57.57,29.1,98.2
NDSN,Nordson Corporation,Industrials,Specialty Industrial Machinery,321.51,285.77,276.7,343.72,P/E (sector median 29x): $285.77 | EV/FCF (sector median 34x): $343.72 | DCF (FCFF/WACC): $276.70,-11.1,-12.5,340.8,Research only,64.3,D,Tier 3 — Watchlist Only,70.4,55.5,61.5,70.9,63.4,61.1,37.5,55.6,86.7,63.9,40.1,67.5,51.3,56.0,69.7,69.6,71.5,41.0,32.5415,24.76419,1.8212,6.011782,20.367,31.78,3.43,3.07,18.63,55.39,27.4,32.15,20.6,25.95,79.37,17.76,8.47,12.97,10.3,23.0,55.619,1.823,1.047,0.06,1.78,0.972,25.9,-36.2,1.18,33.2,-3.4,8.9,20.1,44.5,1.9,28.0,0.34,0.89,General Watchlist,Watchlist Only,Watchlist / Research Later,Valuation Risk,Strong quality profile (86.7/100) | ROIC proxy is strong (12.97%),No major quant red flag detected.,45 minutes,Strong ROIC proxy.,100,Yahoo Finance,2026-09-23,2026-09-23 17:48:43,267.43,27.1,1/3,High,63.28,64.1,98.3
NSC,Norfolk Southern Corporation,Industrials,Railroads,316.96,197.46,104.01,338.7,P/E (sector median 29x): $338.70 | EV/FCF (sector median 34x): $171.89 | DCF (FCFF/WACC): $104.01 | Dividend (DDM): $223.02,-37.7,-60.5,335.98,Research only,44.5,F,Tier 4 — Low Priority / Avoid,49.3,38.9,40.1,49.9,44.7,31.2,2.5,29.0,73.8,39.7,32.6,40.0,26.2,36.8,27.9,65.1,44.5,38.0,27.067463,22.142303,3.7063,5.677182,15.294,62.66,1.94,3.69,21.02,45.16,35.3,45.16,11.02,29.76,37.04,16.98,5.95,10.81,11.4,-4.4,105.519,0.831,0.666,0.06,2.84,1.268,23.8,-25.1,1.72,46.08,-10.2,4.7,12.7,11.0,-5.6,-5.5,0.24,0.54,General Watchlist,Low Priority / Avoid,High Risk — Needs Confirmation,Debt / Balance Sheet Risk,ROIC proxy is strong (10.81%),Valuation may be stretched (32.6/100) | Cash-flow profile looks weak (39.7/100) | Financial strength looks weak (26.2/100) | Momentum is weak (36.8/100),60+ minutes,Valuation risk: stock may be expensive. | Financial risk: balance sheet metrics look weak. | Recent news sentiment is negative.,100,Yahoo Finance,2026-09-23,2026-09-23 17:48:49,316.96,27.1,1/4,Low,85.44,46.0,89.3
NTRS,Northern Trust Corporation,Financial Services,Asset Management,174.73,137.97,122.7,168.76,P/E (sector median 15x): $168.76 | P/B (justified): $122.70 | Dividend (DDM): $137.97,-21.0,-26.6,185.21,Research only,58.1,F,Tier 4 — Low Priority / Avoid,63.4,48.6,63.2,57.2,57.2,54.2,50.0,53.7,55.2,43.9,68.5,90.5,47.3,49.3,70.2,61.9,87.2,56.5,15.503992,13.784153,0.9812,3.5185559,,,,6.45,24.67,0.0,42.5,0.0,,5.83,,17.07,1.28,16.18,36.4,98.6,,,,0.61,,1.257,27.3,-25.2,1.89,27.49,-5.9,0.9,25.6,35.4,7.4,18.9,0.42,0.77,General Watchlist,Low Priority / Avoid,Watchlist / Research Later,Cash Flow Risk,Strong growth profile (90.5/100) | ROIC proxy is strong (16.18%),No major quant red flag detected.,30 minutes,Strong ROIC proxy.,75,Yahoo Finance,2026-09-23,2026-09-23 17:48:56,132.26,11.7,0/3,High,85.84,67.9,96.0
NOC,Northrop Grumman Corporation,Industrials,Aerospace & Defense,516.35,507.65,438.67,909.36,P/E (sector median 29x): $909.36 | EV/FCF (sector median 34x): $498.73 | DCF (FCFF/WACC): $516.57 | Dividend (DDM): $438.67,-1.7,-1.7,547.33,Research only,31.3,F,Tier 4 — Low Priority / Avoid,34.0,27.0,31.3,32.0,32.6,30.7,0.0,23.1,34.3,31.9,47.5,20.2,39.3,19.8,0.0,71.8,20.8,76.6,16.423185,16.957159,3.3766,1.7101912,12.016,35.18,3.38,6.09,10.48,20.06,11.6,16.92,5.78,11.84,48.8,26.96,7.15,12.05,5.1,-5.8,95.348,1.168,1.014,0.14,2.03,-0.11,27.1,-35.1,1.94,29.88,-5.6,3.1,-23.6,-8.9,-41.9,-25.4,0.54,0.08,General Watchlist,Low Priority / Avoid,High Risk — Needs Confirmation,Momentum Risk,Positive news sentiment (76.6/100) | ROIC proxy is strong (12.05%),Cash-flow profile looks weak (31.9/100) | Growth profile looks weak (20.2/100) | Financial strength looks weak (39.3/100) | Momentum is weak (19.8/100),60+ minutes,Strong ROIC proxy. | Financial risk: balance sheet metrics look weak.,100,Yahoo Finance,2026-09-23,2026-09-23 17:49:02,851.01,27.1,2/4,Medium,77.01,32.2,89.0
NCLH,Norwegian Cruise Line Holdings ,Consumer Cyclical,Travel Services,14.08,32.43,32.43,32.43,P/E (sector median 20x): $32.43,130.3,56.6,18.02,Research only,19.0,F,Tier 4 — Low Priority / Avoid,22.4,22.3,12.0,16.3,18.7,0.0,0.0,8.4,11.4,18.9,74.9,39.7,0.0,0.7,0.0,8.6,37.9,32.0,8.533334,8.32048,1.1878,0.6367116,8.592,,-25.99,11.72,7.49,42.46,14.04,25.55,-16.55,20.78,-79.65,36.73,4.25,6.14,4.9,616.3,621.051,0.2,0.078,0.01,6.08,1.881,52.9,-51.6,,0.0,-18.2,-33.0,-28.4,-44.5,-46.6,-61.0,0.78,0.0,Recovery Candidate,Low Priority / Avoid,High Risk — Needs Confirmation,Debt / Balance Sheet Risk,Fair value upside is positive (130.3%),Cash-flow profile looks weak (18.9/100) | Growth profile looks weak (39.7/100) | Financial strength looks weak (0.0/100) | Momentum is weak (0.7/100),60+ minutes,Financial risk: balance sheet metrics look weak. | Risk warning: volatility/drawdown risk is elevated. | Recent news sentiment is negative.,100,Yahoo Finance,2026-09-23,2026-09-23 17:49:09,27.57,16.7,1/1,Low,,32.8,100.0
NRG,"NRG Energy, Inc.",Utilities,Utilities - Independent Power Producers,100.89,85.56,22.32,93.11,P/E (sector median 21x): $79.04 | EV/FCF (rate-anchored 13x): $22.32 | DCF (FCFF/WACC): $92.08 | Dividend (DDM): $93.11,-15.2,-17.9,106.94,Research only,23.1,F,Tier 4 — Low Priority / Avoid,28.3,23.3,15.1,23.0,23.2,0.0,0.0,9.8,31.2,23.3,64.9,38.2,1.5,0.2,0.0,29.2,29.7,41.0,26.410995,9.0167465,0.3943,0.6402456,14.004,58.98,3.64,3.79,2.56,18.8,12.77,9.82,2.33,4.69,49.67,23.77,4.06,12.14,11.0,,483.357,0.968,0.371,0.01,7.16,1.173,51.9,-44.8,1.85,47.66,-9.7,-28.8,-32.8,-40.3,-51.0,-56.7,0.4,0.0,General Watchlist,Low Priority / Avoid,High Risk — Needs Confirmation,Momentum Risk,ROIC proxy is strong (12.14%),Cash-flow profile looks weak (23.3/100) | Growth profile looks weak (38.2/100) | Financial strength looks weak (1.5/100) | Momentum is weak (0.2/100),60+ minutes,Strong ROIC proxy. | Financial risk: balance sheet metrics look weak. | Risk warning: volatility/drawdown risk is elevated.,94,Yahoo Finance,2026-09-23,2026-09-23 17:49:15,67.43,17.7,0/4,Low,168.22,31.3,97.8
NUE,Nucor Corporation,Basic Materials,Steel,247.81,107.49,39.71,377.2,"P/E (sector median 30x): $377.20 | EV/FCF (sector median 39x): $107.49 | DCF (3-stage, CAPM): $39.71",-56.6,-130.5,262.67,Research only,48.8,F,Tier 4 — Low Priority / Avoid,49.2,37.7,71.1,37.3,47.5,41.7,52.5,45.4,28.5,14.6,44.8,80.3,72.3,65.5,100.0,44.0,45.9,86.5,19.512205,12.53541,5.21,1.5573232,10.79,89.7,1.22,5.12,7.99,15.55,15.67,15.74,1.89,12.25,15.45,14.55,7.32,16.85,23.0,93.8,30.512,2.508,1.284,0.38,0.78,1.881,36.8,-37.9,0.91,17.8,1.3,3.3,53.2,86.5,34.9,70.0,0.29,0.81,General Watchlist,Low Priority / Avoid,Avoid for Now,Cash Flow Risk,Strong growth profile (80.3/100) | Strong relative strength vs SPY (100.0/100) | Positive news sentiment (86.5/100) | ROIC proxy is strong (16.85%),Cash-flow profile looks weak (14.6/100),45 minutes,Strong ROIC proxy. | Outperforming SPY on relative strength.,100,Yahoo Finance,2026-09-23,2026-09-23 17:49:22,198.25,15.6,1/3,Low,53.7,59.5,91.9
NVDA,NVIDIA Corporation,Technology,Semiconductors,225.2,53.16,30.31,250.03,"P/E (sector median 32x): $250.03 | EV/FCF (sector median 31x): $53.16 | DCF (3-stage, CAPM): $30.31",-76.4,-323.6,238.71,Research only,63.6,D,Tier 3 — Watchlist Only,71.4,54.2,59.3,71.0,61.2,55.0,52.5,56.8,76.2,36.9,48.3,89.7,100.0,66.9,64.0,38.9,75.4,40.8,28.471556,14.360475,0.4862,17.948654,27.288,131.36,0.77,3.51,63.66,74.67,66.24,66.43,13.8,44.35,31.12,117.21,53.57,77.19,105.9,127.8,16.971,4.589,2.918,1.61,-0.12,2.217,44.2,-36.9,0.44,3.54,8.1,13.3,28.8,23.0,10.6,6.5,0.41,0.86,General Watchlist,Watchlist Only,High Risk — Needs Confirmation,Cash Flow Risk,Strong quality profile (76.2/100) | Strong growth profile (89.7/100) | ROIC proxy is strong (77.19%),Cash-flow profile looks weak (36.9/100) | Risk profile is elevated (38.9/100),60+ minutes,Strong ROIC proxy. | Risk warning: volatility/drawdown risk is elevated.,100,Yahoo Finance,2026-09-23,2026-09-23 17:49:28,203.07,25.7,1/3,Low,42.26,90.8,0.0
NVR,"NVR, Inc.",Consumer Cyclical,Residential Construction,6290.2,7561.87,4809.9,10175.18,"P/E (sector median 20x): $7,561.87 | EV/FCF (sector median 30x): $10,175.18 | DCF (3-stage, CAPM): $4,809.90",20.2,16.8,7243.95,Research only,46.6,F,Tier 4 — Low Priority / Avoid,53.6,43.9,29.1,60.3,47.0,50.9,12.5,39.9,60.7,56.2,59.5,8.3,90.8,21.5,0.0,68.2,34.0,49.0,16.34795,15.701274,4.97,1.7404132,10.991,18.39,5.48,6.12,11.85,21.84,13.89,15.95,9.53,11.07,86.1,31.54,16.55,31.35,-10.9,-22.6,32.15,5.67,1.754,1.0,-0.0,0.913,27.2,-43.9,,0.0,-1.7,-7.0,-3.2,-20.6,-21.5,-37.1,0.34,0.28,General Watchlist,Low Priority / Avoid,Avoid for Now,Growth Risk,FCF yield looks attractive (5.48%) | ROIC proxy is strong (31.35%) | Fair value upside is positive (20.2%),Growth profile looks weak (8.3/100) | Momentum is weak (21.5/100) | Relative strength is weak (0.0/100),60+ minutes,Strong ROIC proxy.,100,Yahoo Finance,2026-09-23,2026-09-23 17:49:35,6429.39,16.7,2/3,Medium,102.12,37.9,98.5
NXPI,NXP Semiconductors N.V.,Technology,Semiconductors,235.19,282.44,80.66,381.16,P/E (sector median 32x): $370.16 | EV/FCF (sector median 31x): $381.16 | DCF (FCFF/WACC): $194.72 | Dividend (DDM): $80.66,20.1,16.7,270.63,Research only,64.8,D,Tier 3 — Watchlist Only,74.5,62.1,47.5,74.7,62.7,56.9,27.5,53.0,68.7,84.8,78.3,85.3,54.3,40.2,37.0,32.5,92.8,49.0,20.084543,12.997435,0.4726,4.4980273,13.422,19.13,5.99,4.98,22.56,56.1,30.41,38.44,26.96,23.73,113.61,27.92,10.46,16.54,19.5,72.6,93.325,2.04,1.194,0.29,1.53,1.817,47.4,-39.4,1.71,34.61,6.2,-19.7,21.3,6.0,3.1,-10.5,0.32,0.36,Recovery Candidate,Watchlist Only,High Risk — Needs Confirmation,Volatility / Drawdown Risk,Strong cash-flow profile (84.8/100) | Strong growth profile (85.3/100) | FCF yield looks attractive (5.99%) | ROIC proxy is strong (16.54%) | Fair value upside is positive (20.1%),Relative strength is weak (37.0/100) | Risk profile is elevated (32.5/100),60+ minutes,Strong ROIC proxy. | Risk warning: volatility/drawdown risk is elevated.,100,Yahoo Finance,2026-09-23,2026-09-23 17:49:41,300.64,25.7,2/4,Low,84.12,79.4,91.3
ORLY,"O'Reilly Automotive, Inc.",Consumer Cyclical,Auto Parts,86.31,61.91,51.22,65.76,P/E (sector median 20x): $61.91 | EV/FCF (sector median 30x): $51.22 | DCF (FCFF/WACC): $65.76,-28.3,-39.4,91.49,Research only,41.9,F,Tier 4 — Low Priority / Avoid,47.2,36.8,36.2,46.9,42.8,29.2,5.0,28.1,72.1,32.5,40.7,38.1,26.3,23.8,0.0,77.9,41.6,74.0,27.399998,23.631813,1.6072,3.7593842,18.886,50.14,2.25,3.65,14.27,51.64,20.15,22.45,8.46,17.71,47.75,,13.67,,8.1,10.3,,0.752,0.093,0.03,2.24,0.515,23.5,-23.3,,0.0,-4.8,-1.7,-1.9,-16.6,-20.2,-33.1,0.35,0.14,General Watchlist,Low Priority / Avoid,High Risk — Needs Confirmation,Momentum Risk,Positive news sentiment (74.0/100),Cash-flow profile looks weak (32.5/100) | Growth profile looks weak (38.1/100) | Financial strength looks weak (26.3/100) | Momentum is weak (23.8/100),60+ minutes,Financial risk: balance sheet metrics look weak.,88,Yahoo Finance,2026-09-23,2026-09-23 17:49:48,52.64,16.7,0/3,High,108.28,47.5,89.6
OXY,Occidental Petroleum Corporatio,Energy,Oil & Gas E&P,57.58,87.26,55.39,245.21,"P/E (sector median 18x): $60.95 | EV/FCF (sector median 19x): $55.39 | DCF (3-stage, CAPM): $113.57 | Dividend (DDM): $245.21",51.5,34.0,73.7,Research only,63.8,D,Tier 3 — Watchlist Only,73.4,61.9,48.6,68.2,63.6,61.4,37.5,57.0,69.6,67.7,78.9,91.6,57.8,43.1,28.7,73.3,76.6,40.0,16.98525,14.328016,1.1262,2.4057145,5.517,19.98,6.58,5.89,30.32,73.32,45.44,57.34,15.83,45.87,34.51,10.63,4.68,19.55,53.4,964.9,34.511,1.411,1.038,0.28,0.76,0.164,35.6,-34.8,1.99,29.5,-3.8,13.2,-5.1,28.3,-23.4,11.9,0.66,0.7,Recovery Candidate,Watchlist Only,Watchlist / Research Later,News / Sentiment Risk,Strong growth profile (91.6/100) | FCF yield looks attractive (6.58%) | ROIC proxy is strong (19.55%) | Fair value upside is positive (51.5%),Relative strength is weak (28.7/100),60+ minutes,Strong free cash flow yield. | Strong ROIC proxy.,100,Yahoo Finance,2026-09-23,2026-09-23 17:49:54,54.44,16.1,3/4,Low,43.49,92.7,91.6
ODFL,"Old Dominion Freight Line, Inc.",Industrials,Trucking,178.31,150.4,77.28,161.14,"P/E (sector median 29x): $150.40 | EV/FCF (sector median 34x): $161.14 | DCF (3-stage, CAPM): $77.28",-15.7,-18.6,189.01,Research only,64.9,D,Tier 3 — Watchlist Only,77.5,60.0,41.9,79.5,63.5,67.0,50.0,62.2,93.2,53.0,31.4,69.0,93.5,21.5,29.4,56.3,74.8,56.0,34.290386,26.811115,2.1599,6.599503,20.356,37.6,2.63,2.92,19.44,39.57,28.84,32.01,17.33,24.88,69.63,24.82,15.78,29.81,10.4,32.3,0.44,1.889,1.713,14.2,-0.15,1.165,39.1,-45.2,0.65,21.92,-11.4,-18.5,-3.4,29.1,-21.6,12.7,0.38,0.43,General Watchlist,Watchlist Only,Watchlist / Research Later,Momentum Risk,High business health (79.5/100) | Strong quality profile (93.2/100) | ROIC proxy is strong (29.81%),Valuation may be stretched (31.4/100) | Momentum is weak (21.5/100) | Relative strength is weak (29.4/100),30 minutes,Strong ROIC proxy. | Valuation risk: stock may be expensive.,100,Yahoo Finance,2026-09-23,2026-09-23 17:50:01,140.75,27.1,0/3,Medium,86.96,65.7,95.1
OMC,Omnicom Group Inc.,Communication Services,Advertising Agencies,76.26,345.17,7.65,694.65,P/E (sector median 21x): $7.65 | EV/FCF (sector median 28x): $302.54 | DCF (FCFF/WACC): $387.80 | Dividend (DDM): $694.65,352.6,77.9,97.61,Research only,51.7,F,Tier 4 — Low Priority / Avoid,59.8,52.3,39.5,50.6,52.1,42.6,15.0,40.3,29.2,81.8,60.7,87.9,32.7,31.4,9.1,68.0,66.9,50.0,206.10811,6.493485,15.97,0.9715383,8.071,6.96,19.6,0.49,1.74,18.96,15.38,16.43,19.05,11.54,164.98,6.05,5.09,15.01,63.4,58.8,107.744,0.924,0.668,0.29,2.2,0.673,33.5,-33.3,4.25,837.84,-13.4,4.6,3.3,6.6,-15.0,-9.9,0.37,0.48,General Watchlist,Low Priority / Avoid,High Risk — Needs Confirmation,Business Quality Risk,Strong cash-flow profile (81.8/100) | Strong growth profile (87.9/100) | FCF yield looks attractive (19.6%) | ROIC proxy is strong (15.01%) | Fair value upside is positive (352.6%),Financial strength looks weak (32.7/100) | Momentum is weak (31.4/100) | Relative strength is weak (9.1/100),60+ minutes,Strong free cash flow yield. | Strong ROIC proxy. | Financial risk: balance sheet metrics look weak.,100,Yahoo Finance,2026-09-23,2026-09-23 17:50:07,43.87,118.6,3/4,Low,100.27,61.8,97.7
ON,ON Semiconductor Corporation,Technology,Semiconductors,74.06,48.36,48.05,128.89,"P/E (sector median 32x): $48.36 | EV/FCF (sector median 31x): $128.89 | DCF (3-stage, CAPM): $48.05",-34.7,-53.1,78.5,Research only,59.3,F,Tier 4 — Low Priority / Avoid,66.6,53.5,53.0,64.9,56.5,58.4,52.5,56.7,36.4,86.3,63.8,71.9,82.7,45.3,67.0,15.6,70.2,65.4,48.405228,16.352034,0.1645,4.6521244,14.124,17.82,5.75,2.07,10.17,42.78,19.53,33.72,26.73,26.98,99.08,8.31,6.75,11.86,9.2,36.6,65.055,3.464,2.287,0.82,0.4,1.997,60.1,-57.2,,0.0,3.0,-36.0,18.8,43.8,0.6,27.3,0.45,0.33,General Watchlist,Low Priority / Avoid,High Risk — Needs Confirmation,Volatility / Drawdown Risk,Strong cash-flow profile (86.3/100) | Positive news sentiment (65.4/100) | FCF yield looks attractive (5.75%) | ROIC proxy is strong (11.86%),Risk profile is elevated (15.6/100),60+ minutes,Risk warning: volatility/drawdown risk is elevated.,100,Yahoo Finance,2026-09-23,2026-09-23 17:50:14,39.28,25.7,1/3,Low,49.34,59.8,96.5
OKE,"ONEOK, Inc.",Energy,Oil & Gas Midstream,91.21,86.69,17.57,930.57,P/E (sector median 18x): $102.12 | EV/FCF (sector median 19x): $17.57 | DCF (FCFF/WACC): $71.26 | Dividend (DDM): $930.57,-5.0,-5.2,96.68,Research only,33.5,F,Tier 4 — Low Priority / Avoid,36.4,29.3,41.3,23.6,34.2,11.9,0.0,17.3,26.8,18.6,55.3,69.9,13.2,44.8,34.0,61.3,34.9,33.0,16.0581,14.624603,1.7018,1.4606417,11.707,99.79,1.57,6.23,9.29,27.21,13.25,19.48,2.29,15.64,14.62,16.28,5.77,7.39,52.8,14.2,143.07,0.737,0.515,0.0,4.28,0.719,29.5,-42.2,4.75,72.54,-1.9,5.7,2.7,34.3,-15.5,17.8,0.37,0.82,General Watchlist,Low Priority / Avoid,High Risk — Needs Confirmation,Debt / Balance Sheet Risk,No single dominant strength; needs manual research.,Cash-flow profile looks weak (18.6/100) | Financial strength looks weak (13.2/100) | Relative strength is weak (34.0/100) | Recent news sentiment is weak (33.0/100),60+ minutes,Financial risk: balance sheet metrics look weak. | Recent news sentiment is negative.,100,Yahoo Finance,2026-09-23,2026-09-23 17:50:20,91.21,16.1,2/4,Low,81.61,51.8,91.6
ORCL,Oracle Corporation,Technology,Software - Infrastructure,146.41,202.31,202.31,202.31,P/E (sector median 32x): $202.31,38.2,27.6,187.4,Research only,36.3,F,Tier 4 — Low Priority / Avoid,40.5,35.2,31.3,37.4,34.7,9.8,0.0,18.0,36.9,25.0,62.0,75.0,16.0,24.6,0.0,7.8,75.0,77.0,22.876562,13.3134,0.8331,6.1678724,17.094,,-10.36,4.37,26.36,63.96,35.63,47.97,-63.88,65.4,-97.69,41.19,6.36,11.78,29.6,54.5,251.716,1.171,1.02,0.22,3.84,1.732,57.1,-64.6,1.34,31.35,2.8,-6.7,0.2,-54.9,-18.0,-71.4,0.41,0.15,General Watchlist,Low Priority / Avoid,High Risk — Needs Confirmation,Volatility / Drawdown Risk,Strong growth profile (75.0/100) | Positive news sentiment (77.0/100) | ROIC proxy is strong (11.78%) | Fair value upside is positive (38.2%),Cash-flow profile looks weak (25.0/100) | Financial strength looks weak (16.0/100) | Momentum is weak (24.6/100) | Relative strength is weak (0.0/100),60+ minutes,Financial risk: balance sheet metrics look weak. | Risk warning: volatility/drawdown risk is elevated.,100,Yahoo Finance,2026-09-23,2026-09-23 17:50:27,164.31,25.7,1/1,Low,38.33,63.9,26.6
OTIS,Otis Worldwide Corporation,Industrials,Specialty Industrial Machinery,68.66,109.35,97.85,138.76,P/E (sector median 29x): $112.51 | EV/FCF (sector median 34x): $97.85 | DCF (FCFF/WACC): $106.18 | Dividend (DDM): $138.76,59.3,37.2,87.88,Research only,32.8,F,Tier 4 — Low Priority / Avoid,36.1,32.1,28.2,32.3,34.2,23.6,0.0,21.8,14.0,53.7,61.8,37.9,23.6,16.5,0.0,67.7,46.5,41.0,17.6491,15.121579,2.2125,1.7527231,12.971,23.84,5.5,5.67,10.17,30.31,15.13,17.71,9.63,12.55,76.76,,14.25,,7.3,13.0,,0.831,0.684,0.09,3.04,0.875,23.2,-34.7,2.59,43.7,-4.9,-4.9,-10.9,-21.5,-29.1,-38.0,0.27,0.08,General Watchlist,Low Priority / Avoid,High Risk — Needs Confirmation,Business Quality Risk,FCF yield looks attractive (5.5%) | Fair value upside is positive (59.3%),Growth profile looks weak (37.9/100) | Financial strength looks weak (23.6/100) | Momentum is weak (16.5/100) | Relative strength is weak (0.0/100),60+ minutes,Financial risk: balance sheet metrics look weak.,88,Yahoo Finance,2026-09-23,2026-09-23 17:50:33,105.3,27.1,4/4,High,94.5,42.9,96.9
PCAR,PACCAR Inc.,Industrials,Farm & Heavy Construction Machinery,112.69,112.59,68.32,136.52,P/E (sector median 29x): $136.52 | EV/FCF (sector median 34x): $112.59 | DCF (FCFF/WACC): $68.32,-0.1,-0.1,119.45,Research only,35.7,F,Tier 4 — Low Priority / Avoid,39.4,30.7,35.0,36.8,36.8,37.0,2.5,27.6,26.7,34.8,57.3,23.9,70.9,26.9,20.2,72.9,23.2,50.0,23.873941,15.597404,0.8451,2.1323647,20.205,34.01,3.28,4.19,9.0,13.71,12.02,11.76,6.99,15.62,44.74,12.76,4.12,9.98,0.5,4.2,72.91,5.519,4.888,0.58,1.88,0.972,28.3,-24.7,1.23,28.21,-13.3,-3.5,-2.1,18.9,-20.4,2.5,0.47,0.47,General Watchlist,Low Priority / Avoid,Avoid for Now,Growth Risk,No single dominant strength; needs manual research.,Cash-flow profile looks weak (34.8/100) | Growth profile looks weak (23.9/100) | Momentum is weak (26.9/100) | Relative strength is weak (20.2/100),60+ minutes,No major signal,100,Yahoo Finance,2026-09-23,2026-09-23 17:50:40,127.76,27.1,1/3,Medium,50.35,29.5,91.3
PKG,Packaging Corporation of Americ,Consumer Cyclical,Packaging & Containers,241.94,145.58,125.11,1314.3,"P/E (sector median 20x): $151.13 | EV/FCF (sector median 30x): $125.11 | DCF (FCFF/WACC): $140.03 | Dividend (DDM): $1,314.30",-39.8,-66.2,256.46,Research only,39.7,F,Tier 4 — Low Priority / Avoid,43.8,34.2,41.3,37.9,40.5,31.0,2.5,27.1,47.6,23.4,46.7,38.6,61.3,43.9,36.3,73.2,15.6,38.0,31.461561,18.440884,1.5303,2.2608593,12.453,57.53,2.01,3.18,7.26,21.39,13.12,20.98,4.54,17.03,26.66,14.89,8.28,11.63,14.7,-19.5,94.474,2.941,1.767,0.13,1.91,0.797,27.3,-28.4,2.52,68.18,-2.2,2.4,14.8,16.6,-3.4,0.1,0.32,0.8,General Watchlist,Low Priority / Avoid,Avoid for Now,Cash Flow Risk,ROIC proxy is strong (11.63%),Cash-flow profile looks weak (23.4/100) | Growth profile looks weak (38.6/100) | Relative strength is weak (36.3/100) | Recent news sentiment is weak (38.0/100),60+ minutes,Recent news sentiment is negative.,100,Yahoo Finance,2026-09-23,2026-09-23 17:50:46,128.5,16.7,1/4,Low,76.02,37.4,97.7
PLTR,Palantir Technologies Inc.,Technology,Software - Infrastructure,191.26,29.41,18.68,36.98,"P/E (sector median 32x): $36.98 | EV/FCF (sector median 31x): $29.41 | DCF (3-stage, CAPM): $18.68",-84.6,-550.4,202.74,Research only,72.7,C-,Tier 3 — Watchlist Only,82.9,64.1,60.4,85.0,69.6,59.6,52.5,62.3,97.5,54.0,10.3,94.2,100.0,69.6,41.1,32.5,87.0,75.8,163.47437,82.3357,1.7806,74.662994,163.543,201.68,0.47,0.61,49.01,84.8,47.12,43.25,35.07,55.24,63.5,38.1,17.29,100.0,92.8,215.4,2.139,7.228,7.095,44.51,-3.45,1.621,66.5,-48.2,,0.0,8.7,68.5,23.6,6.7,5.3,-9.8,0.83,0.84,"Long-Term Compounder, Healthy Business",Watchlist Only,High Risk — Needs Confirmation,Valuation Risk,Strong investment score (82.9/100) | High business health (85.0/100) | Strong quality profile (97.5/100) | Strong growth profile (94.2/100) | Positive news sentiment (75.8/100),Valuation may be stretched (10.3/100) | Risk profile is elevated (32.5/100),60+ minutes,Stock health is strong. | Strong ROIC proxy. | Valuation risk: stock may be expensive. | Risk warning: volatility/drawdown risk is elevated.,100,Yahoo Finance,2026-09-23,2026-09-23 17:50:52,30.04,25.7,0/3,Medium,7.14,90.0,23.7
PANW,"Palo Alto Networks, Inc.",Technology,Software - Infrastructure,386.49,91.4,12.96,166.15,"P/E (sector median 32x): $12.96 | EV/FCF (sector median 31x): $166.15 | DCF (3-stage, CAPM): $91.40",-76.4,-322.9,409.68,Research only,57.9,F,Tier 4 — Low Priority / Avoid,58.6,46.5,77.5,49.8,57.2,53.8,62.5,55.9,32.1,63.6,10.4,82.9,68.0,86.1,100.0,65.8,45.3,66.4,942.6585,79.21387,1.9127,27.539093,196.086,72.13,1.34,0.11,2.67,70.38,5.4,13.59,36.94,39.66,93.14,1.74,1.4,1.81,34.5,,9.337,0.871,0.735,1.2,-0.32,0.908,41.9,-36.0,,0.0,10.1,35.5,145.8,85.7,127.6,69.2,0.48,0.96,Position Trade Candidate,Low Priority / Avoid,Watchlist / Research Later,Valuation Risk,Strong growth profile (82.9/100) | Strong relative strength vs SPY (100.0/100) | Strong 3-6 month position-trade setup (77.5/100) | Positive news sentiment (66.4/100),Valuation may be stretched (10.4/100),30 minutes,Outperforming SPY on relative strength. | Valuation risk: stock may be expensive.,94,Yahoo Finance,2026-09-23,2026-09-23 17:50:59,10.53,25.7,0/3,Low,41.26,74.0,47.9
PSKY,Paramount Skydance Corporation,Communication Services,Entertainment,9.92,90.34,0.62,243.39,P/E (sector median 21x): $0.62 | EV/FCF (sector median 28x): $178.88 | DCF (FCFF/WACC): $243.39 | Dividend (DDM): $1.80,810.7,89.0,12.7,Research only,36.0,F,Tier 4 — Low Priority / Avoid,39.5,38.0,24.9,40.9,35.5,22.2,5.0,24.0,31.2,81.9,76.3,22.4,18.5,34.9,9.4,24.4,29.3,26.8,330.6667,11.659615,0.7267,0.38138777,8.144,1.53,158.47,0.3,-2.13,33.33,9.35,11.37,60.44,2.8,2161.32,-0.9,2.75,8.16,0.9,-54.1,126.479,1.04,0.736,0.1,4.4,1.52,52.9,-59.9,1.98,666.67,-3.7,2.2,9.2,-45.7,-9.0,-62.2,1.35,0.19,Recovery Candidate,Low Priority / Avoid,High Risk — Needs Confirmation,Debt / Balance Sheet Risk,Strong cash-flow profile (81.9/100) | FCF yield looks attractive (158.47%) | Fair value upside is positive (810.7%),Growth profile looks weak (22.4/100) | Financial strength looks weak (18.5/100) | Momentum is weak (34.9/100) | Relative strength is weak (9.4/100),60+ minutes,Strong free cash flow yield. | Financial risk: balance sheet metrics look weak. | Risk warning: volatility/drawdown risk is elevated. | Recent news sentiment is negative.,100,Yahoo Finance,2026-09-23,2026-09-23 17:51:05,3.56,118.6,2/4,Low,,30.8,99.5
PH,Parker-Hannifin Corporation,Industrials,Specialty Industrial Machinery,977.96,757.92,485.05,823.17,"P/E (sector median 29x): $823.17 | EV/FCF (sector median 34x): $757.92 | DCF (3-stage, CAPM): $485.05",-22.5,-29.0,1036.64,Research only,48.1,F,Tier 4 — Low Priority / Avoid,53.3,41.0,46.9,51.4,48.2,38.5,0.0,32.2,55.8,44.4,23.0,57.3,43.2,41.9,34.6,69.4,60.4,41.0,34.362617,24.8788,3.2312,5.7366805,22.927,43.84,2.4,2.91,16.97,37.55,23.46,26.35,13.78,20.3,67.87,25.08,9.79,16.86,9.8,19.3,56.66,1.262,0.674,0.06,1.45,1.123,29.2,-26.8,0.83,25.98,-3.4,2.0,6.2,29.8,-12.0,13.3,0.29,0.74,General Watchlist,Low Priority / Avoid,Avoid for Now,Valuation Risk,ROIC proxy is strong (16.86%),Valuation may be stretched (23.0/100) | Relative strength is weak (34.6/100),60+ minutes,Strong ROIC proxy. | Valuation risk: stock may be expensive.,100,Yahoo Finance,2026-09-23,2026-09-23 17:51:12,770.34,27.1,0/3,Medium,57.31,55.5,80.5
PAYX,"Paychex, Inc.",Technology,Software - Application,106.05,155.2,117.23,951.51,"P/E (sector median 32x): $154.58 | EV/FCF (sector median 31x): $155.83 | DCF (3-stage, CAPM): $117.23 | Dividend (DDM): $951.51",46.3,31.7,135.74,Research only,65.9,D,Tier 3 — Watchlist Only,72.5,61.5,55.1,75.2,65.0,63.9,40.0,58.6,83.3,82.9,60.7,71.2,37.4,48.0,26.0,61.1,89.1,78.2,21.687119,16.585785,2.0228,5.797256,14.666,21.1,5.55,4.61,27.03,74.29,38.32,46.3,32.18,39.26,81.96,44.77,9.82,27.29,12.5,43.4,123.967,1.259,0.49,0.25,1.16,0.808,26.9,-45.0,4.16,90.59,-15.8,11.3,19.8,-15.1,1.5,-31.6,1.91,0.51,General Watchlist,Watchlist Only,High Risk — Needs Confirmation,Debt / Balance Sheet Risk,High business health (75.2/100) | Strong cash-flow profile (82.9/100) | Strong quality profile (83.3/100) | Positive news sentiment (78.2/100) | FCF yield looks attractive (5.55%),Financial strength looks weak (37.4/100) | Relative strength is weak (26.0/100),60+ minutes,Strong ROIC proxy. | Financial risk: balance sheet metrics look weak.,100,Yahoo Finance,2026-09-23,2026-09-23 17:51:19,125.55,25.7,4/4,Low,96.22,78.9,95.0
PYPL,"PayPal Holdings, Inc.",Financial Services,Credit Services,52.55,65.85,52.49,79.22,P/E (sector median 15x): $79.22 | P/B (justified): $52.49,25.3,20.2,62.53,Research only,46.0,F,Tier 4 — Low Priority / Avoid,49.9,43.8,38.2,52.8,45.5,49.5,25.0,42.0,48.4,72.9,92.6,24.7,55.4,44.4,25.6,42.2,32.9,48.2,9.932892,9.082643,0.9335,1.327174,7.468,10.9,9.77,10.07,14.36,40.48,16.97,18.92,12.96,21.9,59.17,24.5,4.62,20.08,4.8,-3.1,71.751,1.288,0.251,0.79,0.46,1.286,40.4,-57.3,1.06,7.94,-14.6,24.0,19.5,-21.5,1.3,-38.0,0.52,0.38,Recovery Candidate,Low Priority / Avoid,Avoid for Now,Growth Risk,FCF yield looks attractive (9.77%) | ROIC proxy is strong (20.08%) | Fair value upside is positive (25.3%),Growth profile looks weak (24.7/100) | Relative strength is weak (25.6/100),60+ minutes,Strong free cash flow yield. | Strong ROIC proxy.,100,Yahoo Finance,2026-09-23,2026-09-23 17:51:25,62.09,11.7,1/2,High,130.56,51.3,93.7
PNR,Pentair plc.,Industrials,Specialty Industrial Machinery,54.94,73.12,11.41,111.65,P/E (sector median 29x): $111.65 | EV/FCF (sector median 34x): $98.96 | DCF (FCFF/WACC): $47.28 | Dividend (DDM): $11.41,33.1,24.9,68.58,Research only,41.2,F,Tier 4 — Low Priority / Avoid,47.6,41.7,21.5,53.8,41.8,45.0,25.0,39.3,57.7,66.1,82.2,12.1,45.0,0.0,0.0,59.0,40.2,44.0,14.231866,10.628686,0.8868,2.2129219,10.177,18.86,6.29,7.03,16.24,41.39,23.44,25.79,13.92,18.73,74.29,17.13,8.66,13.59,-17.0,-11.1,47.067,1.451,0.659,0.05,1.62,1.018,30.1,-50.6,1.95,26.8,-13.2,-26.2,-36.8,-49.5,-55.1,-66.0,0.19,0.0,Recovery Candidate,Low Priority / Avoid,Avoid for Now,Momentum Risk,FCF yield looks attractive (6.29%) | ROIC proxy is strong (13.59%) | Fair value upside is positive (33.1%),Growth profile looks weak (12.1/100) | Momentum is weak (0.0/100) | Relative strength is weak (0.0/100),60+ minutes,Strong free cash flow yield. | Strong ROIC proxy.,100,Yahoo Finance,2026-09-23,2026-09-23 17:51:32,104.49,27.1,2/4,Low,41.07,41.3,99.9
PEP,"Pepsico, Inc.",Consumer Defensive,Beverages - Non-Alcoholic,129.69,187.49,112.3,565.76,P/E (sector median 24x): $181.68 | EV/FCF (sector median 25x): $112.30 | DCF (FCFF/WACC): $193.30 | Dividend (DDM): $565.76,44.6,30.8,166.0,Research only,46.9,F,Tier 4 — Low Priority / Avoid,52.9,45.9,33.5,53.8,47.5,35.3,27.5,38.5,82.1,43.6,67.0,50.3,17.5,14.6,0.0,67.6,53.4,73.4,16.77749,14.469131,1.3437,1.8281653,11.743,28.31,4.42,5.96,10.79,54.17,16.84,19.49,8.08,13.89,58.2,51.51,8.93,19.95,6.4,137.0,238.949,0.934,0.69,0.2,2.25,0.361,21.5,-25.8,4.51,75.33,-9.4,-7.9,-12.0,-4.3,-30.3,-20.8,0.55,0.0,General Watchlist,Low Priority / Avoid,High Risk — Needs Confirmation,Momentum Risk,Strong quality profile (82.1/100) | Positive news sentiment (73.4/100) | ROIC proxy is strong (19.95%) | Fair value upside is positive (44.6%),Financial strength looks weak (17.5/100) | Momentum is weak (14.6/100) | Relative strength is weak (0.0/100) | Debt/equity is high,60+ minutes,Strong ROIC proxy. | Financial risk: balance sheet metrics look weak.,100,Yahoo Finance,2026-09-23,2026-09-23 17:51:38,172.32,22.3,3/4,Low,89.37,53.8,71.4
PFE,"Pfizer, Inc.",Healthcare,Drug Manufacturers - General,28.15,41.95,22.81,56.68,P/E (sector median 30x): $22.81 | EV/FCF (sector median 29x): $47.59 | DCF (FCFF/WACC): $56.68 | Dividend (DDM): $36.31,49.0,32.9,36.03,Research only,50.3,F,Tier 4 — Low Priority / Avoid,51.0,44.1,56.3,50.7,51.1,51.0,25.0,43.5,29.6,83.5,59.0,44.6,41.5,55.5,33.3,80.6,55.8,72.2,36.55844,9.7169485,12.7753,2.5189307,8.323,16.92,7.78,2.74,6.8,74.72,27.88,39.85,19.6,21.04,93.17,5.01,5.78,10.24,2.6,,74.253,1.267,0.854,0.18,2.04,0.299,24.0,-26.2,6.16,226.32,0.6,19.1,8.0,25.3,-10.3,8.8,0.5,0.87,General Watchlist,Low Priority / Avoid,Avoid for Now,Business Quality Risk,Strong cash-flow profile (83.5/100) | Positive news sentiment (72.2/100) | FCF yield looks attractive (7.78%) | ROIC proxy is strong (10.24%) | Fair value upside is positive (49.0%),Relative strength is weak (33.3/100),60+ minutes,Strong free cash flow yield.,94,Yahoo Finance,2026-09-23,2026-09-23 17:51:45,,,3/4,Medium,79.97,55.5,74.2
PCG,Pacific Gas & Electric Co.,Utilities,Utilities - Regulated Electric,12.52,15.69,2.62,28.76,P/E (sector median 21x): $28.76 | Dividend (DDM): $2.62,25.4,20.3,14.9,Research only,25.4,F,Tier 4 — Low Priority / Avoid,28.0,24.3,23.5,24.0,26.6,7.8,0.0,13.2,19.3,25.0,79.9,35.5,7.5,3.8,0.0,55.9,47.3,46.0,9.003597,6.946526,0.538,1.454295,8.986,,-16.37,11.11,11.83,39.82,24.79,40.46,-23.8,31.53,-75.49,9.32,2.57,4.69,0.1,39.8,189.45,1.216,0.52,0.02,6.1,0.245,32.6,-41.3,1.55,12.59,-30.9,-26.7,-27.4,-13.8,-45.7,-30.3,0.52,0.0,Recovery Candidate,Low Priority / Avoid,High Risk — Needs Confirmation,Momentum Risk,Fair value upside is positive (25.4%),Cash-flow profile looks weak (25.0/100) | Growth profile looks weak (35.5/100) | Financial strength looks weak (7.5/100) | Momentum is weak (3.8/100),60+ minutes,Financial risk: balance sheet metrics look weak.,100,Yahoo Finance,2026-09-23,2026-09-23 17:51:51,24.54,17.7,1/2,Low,4.34,28.5,95.0
PM,Philip Morris International Inc,Consumer Defensive,Tobacco,191.2,209.15,133.31,1374.8,"P/E (sector median 24x): $171.33 | EV/FCF (sector median 25x): $133.31 | DCF (FCFF/WACC): $246.97 | Dividend (DDM): $1,374.80",9.4,8.6,204.66,Research only,56.1,F,Tier 4 — Low Priority / Avoid,58.9,48.3,55.9,63.4,56.2,43.6,15.0,40.6,86.0,64.7,41.3,46.6,27.4,51.6,45.9,77.0,58.4,57.6,26.227709,20.803457,2.2846,7.00451,18.96,35.16,3.26,3.81,25.56,67.48,40.0,42.34,22.83,33.53,68.1,,14.59,,10.4,-7.5,,0.98,0.47,0.12,2.39,0.395,27.8,-20.6,3.36,80.73,-0.1,7.8,17.6,22.3,-0.6,5.8,0.47,0.85,General Watchlist,Low Priority / Avoid,High Risk — Needs Confirmation,Debt / Balance Sheet Risk,Strong quality profile (86.0/100),Financial strength looks weak (27.4/100),60+ minutes,Financial risk: balance sheet metrics look weak.,88,Yahoo Finance,2026-09-23,2026-09-23 17:51:58,162.51,22.3,2/4,Low,90.4,60.4,51.0
PSX,Phillips 66,Energy,Oil & Gas Refining & Marketing,253.29,372.45,184.21,1076.45,"P/E (sector median 18x): $314.82 | EV/FCF (sector median 19x): $184.21 | DCF (FCFF/WACC): $430.09 | Dividend (DDM): $1,076.45",47.0,32.0,324.21,Research only,51.7,F,Tier 4 — Low Priority / Avoid,49.6,42.6,76.9,37.1,51.9,47.1,52.5,48.7,30.3,32.5,75.9,82.8,45.6,83.2,100.0,73.1,46.3,60.0,14.465447,10.17365,0.8215,0.6641913,12.103,26.43,4.5,6.91,4.66,13.1,8.53,6.52,2.99,5.87,50.93,23.45,6.04,21.37,53.1,344.9,62.884,1.32,0.862,0.2,1.66,0.704,33.7,-32.0,1.98,28.2,4.7,51.0,39.3,101.3,21.1,84.8,0.86,0.86,Position Trade Candidate,Low Priority / Avoid,Avoid for Now,Business Quality Risk,Strong growth profile (82.8/100) | Strong relative strength vs SPY (100.0/100) | Strong 3-6 month position-trade setup (76.9/100) | ROIC proxy is strong (21.37%) | Fair value upside is positive (47.0%),Cash-flow profile looks weak (32.5/100),30 minutes,Strong ROIC proxy. | Outperforming SPY on relative strength.,100,Yahoo Finance,2026-09-23,2026-09-23 17:52:04,281.18,16.1,3/4,Low,68.07,67.8,84.3
PNW,Pinnacle West Capital Corporati,Utilities,Utilities - Regulated Electric,91.96,438.64,107.81,769.47,P/E (sector median 21x): $107.81 | Dividend (DDM): $769.47,377.0,79.0,117.71,Research only,25.6,F,Tier 4 — Low Priority / Avoid,25.0,23.7,32.0,19.9,27.7,6.6,0.0,12.5,26.4,25.0,47.6,24.4,0.0,21.9,12.8,75.9,22.3,50.0,17.650671,16.52171,3.5788,2.0066235,12.948,,-8.34,5.67,11.53,43.35,21.34,38.69,-16.73,31.89,-52.48,9.37,2.33,3.98,7.1,-9.5,233.288,0.594,0.311,0.0,7.68,0.437,17.2,-15.2,3.91,69.58,-5.9,-11.9,-4.4,10.7,-22.6,-5.7,0.55,0.36,General Watchlist,Low Priority / Avoid,High Risk — Needs Confirmation,Debt / Balance Sheet Risk,Fair value upside is positive (377.0%),Cash-flow profile looks weak (25.0/100) | Growth profile looks weak (24.4/100) | Financial strength looks weak (0.0/100) | Momentum is weak (21.9/100),60+ minutes,Financial risk: balance sheet metrics look weak.,100,Yahoo Finance,2026-09-23,2026-09-23 17:52:11,91.96,17.7,2/2,Low,69.5,25.6,99.5
PNC,"PNC Financial Services Group, I",Financial Services,Banks - Regional,225.81,265.95,265.2,1148.99,"P/E (sector median 15x): $265.95 | P/B (justified): $265.20 | Dividend (DDM): $1,148.99",17.8,15.1,255.91,Research only,51.6,F,Tier 4 — Low Priority / Avoid,57.8,46.9,47.6,52.1,51.7,49.0,25.0,44.0,35.0,60.0,67.2,81.9,40.8,33.0,28.9,69.6,83.3,50.0,12.714527,10.545324,1.5986,3.7043247,,,,7.87,31.37,0.0,38.69,0.0,,30.79,,12.62,1.31,5.61,23.6,24.9,,,,0.15,,0.889,24.1,-29.8,3.51,37.44,-7.3,-5.1,11.2,14.8,-7.1,-1.7,0.58,0.62,General Watchlist,Low Priority / Avoid,Avoid for Now,Momentum Risk,Strong growth profile (81.9/100) | Fair value upside is positive (17.8%),Momentum is weak (33.0/100) | Relative strength is weak (28.9/100),45 minutes,No major signal,75,Yahoo Finance,2026-09-23,2026-09-23 17:52:17,208.42,11.7,3/3,Low,68.07,52.9,86.1
PPG,"PPG Industries, Inc.",Basic Materials,Specialty Chemicals,107.21,142.32,119.91,212.66,P/E (sector median 30x): $212.66 | EV/FCF (sector median 39x): $153.78 | DCF (FCFF/WACC): $119.91 | Dividend (DDM): $130.87,32.8,24.7,133.55,Research only,39.8,F,Tier 4 — Low Priority / Avoid,44.6,39.3,29.7,43.8,40.7,39.1,12.5,33.3,55.2,41.4,68.9,28.4,45.0,24.9,6.3,65.0,25.7,47.0,14.973464,12.37542,1.5399,1.45136,11.106,27.13,4.63,6.68,9.57,41.2,14.02,16.43,6.73,13.18,51.05,19.3,6.05,12.71,7.2,-1.5,86.938,1.58,1.055,0.22,2.17,1.063,29.7,-31.1,2.75,40.75,-5.3,-10.8,5.0,0.5,-13.3,-16.0,0.43,0.4,General Watchlist,Low Priority / Avoid,Avoid for Now,Momentum Risk,ROIC proxy is strong (12.71%) | Fair value upside is positive (32.8%),Growth profile looks weak (28.4/100) | Momentum is weak (24.9/100) | Relative strength is weak (6.3/100),60+ minutes,Strong ROIC proxy.,100,Yahoo Finance,2026-09-23,2026-09-23 17:52:24,111.77,15.6,4/4,Medium,79.62,43.4,97.3
PPL,PPL Corporation,Utilities,Utilities - Regulated Electric,32.41,35.24,34.97,35.51,P/E (sector median 21x): $34.97 | Dividend (DDM): $35.51,8.7,8.0,34.53,Research only,29.4,F,Tier 4 — Low Priority / Avoid,32.3,25.8,30.1,27.6,31.4,10.0,0.0,15.3,30.7,23.8,62.7,36.6,11.5,14.4,0.0,82.7,43.2,46.0,19.174555,15.300966,1.2044,2.5948303,11.915,,-7.95,5.22,13.47,44.09,23.59,40.0,-20.63,28.24,-73.04,8.63,3.2,4.99,4.2,21.2,135.434,0.905,0.571,0.02,5.33,0.583,18.1,-17.3,3.47,65.98,-6.8,-11.5,-11.1,-6.3,-29.4,-22.7,0.38,0.0,General Watchlist,Low Priority / Avoid,High Risk — Needs Confirmation,Debt / Balance Sheet Risk,No single dominant strength; needs manual research.,Cash-flow profile looks weak (23.8/100) | Growth profile looks weak (36.6/100) | Financial strength looks weak (11.5/100) | Momentum is weak (14.4/100),60+ minutes,Financial risk: balance sheet metrics look weak.,100,Yahoo Finance,2026-09-23,2026-09-23 17:52:30,29.83,17.7,2/2,High,102.7,33.4,97.2
PFG,Principal Financial Group Inc,Financial Services,Asset Management,114.76,105.12,96.72,159.92,P/E (sector median 15x): $105.12 | P/B (justified): $96.72 | Dividend (DDM): $159.92,-8.4,-9.2,121.65,Research only,47.1,F,Tier 4 — Low Priority / Avoid,46.4,36.5,65.2,41.5,47.7,49.1,50.0,47.0,30.4,48.5,75.2,35.7,73.6,66.8,89.6,81.5,20.1,50.0,16.347578,11.045853,1.06,1.5656875,10.806,22.01,4.3,6.12,9.93,47.34,12.34,13.71,6.73,31.94,21.08,12.95,0.35,14.85,6.4,2.8,35.307,1.586,0.38,1.4,-0.84,0.872,25.9,-22.4,2.96,45.44,3.3,8.4,32.9,44.4,14.6,27.9,0.35,0.91,General Watchlist,Low Priority / Avoid,Avoid for Now,Business Quality Risk,Strong relative strength vs SPY (89.6/100) | ROIC proxy is strong (14.85%),Growth profile looks weak (35.7/100),30 minutes,Strong ROIC proxy. | Outperforming SPY on relative strength.,100,Yahoo Finance,2026-09-23,2026-09-23 17:52:37,82.38,11.7,1/3,Medium,79.8,49.7,97.2
PG,Procter & Gamble Company (The),Consumer Defensive,Household & Personal Products,147.8,120.12,73.51,155.82,"P/E (sector median 24x): $155.82 | EV/FCF (sector median 25x): $129.85 | DCF (3-stage, CAPM): $110.39 | Dividend (DDM): $73.51",-18.7,-23.0,156.67,Research only,49.4,F,Tier 4 — Low Priority / Avoid,53.9,42.0,42.4,61.3,50.2,48.2,25.0,42.3,87.4,56.6,44.7,23.2,42.0,34.9,5.0,87.1,40.6,76.6,22.29261,19.973515,3.792,3.9474127,14.972,27.9,3.87,4.49,18.44,50.87,22.08,28.44,15.26,22.47,67.91,30.29,10.72,19.36,1.5,-15.5,64.49,0.677,0.413,0.28,1.01,0.377,19.0,-21.2,2.94,64.33,0.8,-2.1,4.8,-0.6,-13.5,-17.1,0.34,0.43,General Watchlist,Low Priority / Avoid,Avoid for Now,Growth Risk,Strong quality profile (87.4/100) | Positive news sentiment (76.6/100) | ROIC proxy is strong (19.36%),Growth profile looks weak (23.2/100) | Momentum is weak (34.9/100) | Relative strength is weak (5.0/100),60+ minutes,Strong ROIC proxy.,100,Yahoo Finance,2026-09-23,2026-09-23 17:52:43,147.8,22.3,1/4,Medium,100.62,51.6,43.3
PGR,Progressive Corporation (The),Financial Services,Insurance - Property & Casualty,205.51,298.44,295.47,8356.04,"P/E (sector median 15x): $298.44 | P/B (justified): $295.47 | Dividend (DDM): $8,356.04",45.2,31.1,263.05,Research only,46.9,F,Tier 4 — Low Priority / Avoid,52.8,45.6,34.2,53.6,48.2,49.6,25.0,43.0,37.3,81.8,74.2,38.6,49.7,22.7,0.0,82.5,50.9,49.0,10.31159,12.619743,63.4591,1.3104737,8.218,8.37,12.67,9.7,12.85,18.52,18.21,16.92,16.61,17.95,92.51,34.94,7.84,32.3,7.3,5.0,24.428,0.293,0.234,0.26,0.4,0.259,25.4,-30.4,19.0,69.74,-8.2,-6.8,-0.2,-9.2,-18.5,-25.7,0.95,0.34,Recovery Candidate,Low Priority / Avoid,Avoid for Now,Momentum Risk,Strong cash-flow profile (81.8/100) | FCF yield looks attractive (12.67%) | ROIC proxy is strong (32.3%) | Fair value upside is positive (45.2%),Growth profile looks weak (38.6/100) | Momentum is weak (22.7/100) | Relative strength is weak (0.0/100),60+ minutes,Strong free cash flow yield. | Strong ROIC proxy.,100,Yahoo Finance,2026-09-23,2026-09-23 17:52:50,233.89,11.7,3/3,Low,21.02,53.4,81.2
PLD,"Prologis, Inc.",Real Estate,REIT - Industrial,134.94,134.85,82.73,159.4,P/E (sector median 31x): $137.52 | EV/FCF (sector median 30x): $132.18 | DCF (FCFF/WACC): $82.73 | Dividend (DDM): $159.40,-0.1,-0.1,143.04,Research only,59.1,F,Tier 4 — Low Priority / Avoid,66.7,53.3,48.4,68.2,58.5,42.1,27.5,45.0,73.1,78.3,20.3,75.9,19.5,34.8,26.0,65.5,95.5,49.0,30.121653,39.631428,118.2851,13.583146,24.724,30.81,4.12,3.32,43.58,75.55,43.03,69.76,55.99,54.27,103.17,7.75,2.52,3.6,12.3,85.3,63.823,0.649,0.488,0.05,5.24,1.316,25.6,-28.1,3.15,92.65,-5.1,-3.4,5.1,22.2,-13.1,5.7,0.32,0.66,General Watchlist,Low Priority / Avoid,High Risk — Needs Confirmation,Debt / Balance Sheet Risk,Strong cash-flow profile (78.3/100) | Strong growth profile (75.9/100),Valuation may be stretched (20.3/100) | Financial strength looks weak (19.5/100) | Momentum is weak (34.8/100) | Relative strength is weak (26.0/100),60+ minutes,Valuation risk: stock may be expensive. | Financial risk: balance sheet metrics look weak.,100,Yahoo Finance,2026-09-23,2026-09-23 17:52:56,,,2/4,Medium,91.18,68.5,79.2
PRU,"Prudential Financial, Inc.",Financial Services,Insurance - Life,118.53,165.02,130.87,1217.54,"P/E (sector median 15x): $165.02 | P/B (justified): $130.87 | Dividend (DDM): $1,217.54",39.2,28.2,151.72,Research only,49.0,F,Tier 4 — Low Priority / Avoid,49.9,44.6,57.8,42.5,49.5,39.6,40.0,43.0,28.5,71.0,93.6,66.4,24.6,57.6,61.6,68.5,49.3,50.0,10.756352,7.977927,0.6834,0.6269866,11.746,8.12,18.41,9.3,6.01,29.02,7.52,7.98,11.54,16.82,68.63,12.01,0.43,7.89,14.1,89.2,163.891,0.777,0.681,0.69,3.37,0.819,25.2,-25.7,4.76,49.86,-2.3,12.8,28.2,21.4,10.0,4.9,0.3,0.85,General Watchlist,Low Priority / Avoid,High Risk — Needs Confirmation,Debt / Balance Sheet Risk,FCF yield looks attractive (18.41%) | Fair value upside is positive (39.2%),Financial strength looks weak (24.6/100),45 minutes,Strong free cash flow yield. | Financial risk: balance sheet metrics look weak.,100,Yahoo Finance,2026-09-23,2026-09-23 17:53:03,129.32,11.7,3/3,Low,161.65,47.9,94.4
PEG,Public Service Enterprise Group,Utilities,Utilities - Regulated Electric,67.7,26.54,2.48,82.98,P/E (sector median 21x): $82.98 | EV/FCF (rate-anchored 20x): $2.48 | DCF (FCFF/WACC): $18.05 | Dividend (DDM): $35.02,-60.8,-155.1,71.76,Research only,24.0,F,Tier 4 — Low Priority / Avoid,25.6,19.5,24.8,26.1,26.0,6.6,0.0,11.7,41.6,21.2,42.1,4.9,10.4,8.7,0.0,77.1,21.1,50.0,16.882792,14.489279,3.2665,2.6896563,13.206,546.98,0.32,5.92,16.04,33.33,18.87,35.58,0.86,28.64,3.0,11.83,3.24,4.47,-8.9,-42.7,142.409,0.877,0.487,0.01,5.49,0.519,20.7,-23.6,3.88,64.68,-7.1,-16.6,-14.1,-14.3,-32.3,-30.8,0.58,0.0,General Watchlist,Low Priority / Avoid,High Risk — Needs Confirmation,Growth Risk,No single dominant strength; needs manual research.,Cash-flow profile looks weak (21.2/100) | Growth profile looks weak (4.9/100) | Financial strength looks weak (10.4/100) | Momentum is weak (8.7/100),60+ minutes,Financial risk: balance sheet metrics look weak.,100,Yahoo Finance,2026-09-23,2026-09-23 17:53:09,70.78,17.7,1/4,Low,69.15,18.4,95.7
PTC,PTC Inc.,Technology,Software - Application,141.37,274.92,124.22,325.59,"P/E (sector median 32x): $325.59 | EV/FCF (sector median 31x): $274.92 | DCF (3-stage, CAPM): $124.22",94.5,48.6,180.95,Research only,58.3,F,Tier 4 — Low Priority / Avoid,65.4,56.6,35.9,77.1,57.8,60.8,37.5,54.4,91.5,92.7,75.7,19.7,49.1,35.2,0.0,58.3,60.5,50.0,13.725242,15.867812,1.3113,5.192849,12.89,15.95,6.72,7.29,41.43,84.5,28.23,43.2,34.92,32.34,107.97,35.05,11.54,14.15,-6.8,-12.0,46.335,1.025,0.889,0.22,0.98,1.002,34.7,-48.1,,0.0,-8.4,25.2,-1.1,-31.4,-19.4,-47.8,0.73,0.31,Recovery Candidate,Low Priority / Avoid,Watchlist / Research Later,Growth Risk,High business health (77.1/100) | Strong cash-flow profile (92.7/100) | Strong quality profile (91.5/100) | FCF yield looks attractive (6.72%) | ROIC proxy is strong (14.15%),Growth profile looks weak (19.7/100) | Momentum is weak (35.2/100) | Relative strength is weak (0.0/100),60+ minutes,Strong free cash flow yield. | Strong ROIC proxy.,100,Yahoo Finance,2026-09-23,2026-09-23 17:53:16,264.44,25.7,2/3,Low,19.8,58.0,98.8
PSA,Public Storage,Real Estate,REIT - Industrial,288.16,267.01,217.15,321.4,P/E (sector median 31x): $321.40 | EV/FCF (sector median 30x): $311.09 | DCF (FCFF/WACC): $222.94 | Dividend (DDM): $217.15,-7.3,-7.9,305.45,Research only,58.2,F,Tier 4 — Low Priority / Avoid,66.6,52.8,43.5,70.4,58.0,46.4,15.0,43.3,86.9,74.4,34.6,59.4,24.4,26.4,19.8,72.4,82.8,49.0,27.522446,28.17524,3.8787,10.965069,18.986,27.95,4.34,3.63,41.63,74.42,45.7,69.98,47.54,64.6,73.59,21.93,6.98,11.76,3.3,45.1,109.632,0.22,0.13,0.03,2.89,0.935,23.2,-25.6,4.14,114.5,-10.4,-8.4,9.7,7.3,-8.6,-9.2,0.46,0.49,General Watchlist,Low Priority / Avoid,High Risk — Needs Confirmation,Debt / Balance Sheet Risk,Strong quality profile (86.9/100) | ROIC proxy is strong (11.76%),Valuation may be stretched (34.6/100) | Financial strength looks weak (24.4/100) | Momentum is weak (26.4/100) | Relative strength is weak (19.8/100),60+ minutes,Valuation risk: stock may be expensive. | Financial risk: balance sheet metrics look weak.,100,Yahoo Finance,2026-09-23,2026-09-23 17:53:22,,,2/4,High,103.95,64.3,92.3
PHM,"PulteGroup, Inc.",Consumer Cyclical,Residential Construction,120.02,160.0,64.79,197.71,"P/E (sector median 20x): $197.71 | EV/FCF (sector median 30x): $160.00 | DCF (3-stage, CAPM): $64.79",33.3,25.0,150.0,Research only,38.7,F,Tier 4 — Low Priority / Avoid,42.8,36.7,28.8,46.4,39.4,42.9,37.5,40.1,45.4,44.2,79.5,8.8,69.3,20.1,0.0,62.2,27.9,61.8,11.92992,10.809387,1.0218,1.3933756,8.74,22.32,4.72,8.38,11.62,25.56,15.69,16.78,6.57,9.91,66.32,14.9,9.21,14.16,-9.6,-18.2,19.065,7.272,0.608,0.54,0.42,1.201,34.2,-38.0,0.85,10.21,-7.2,-11.4,2.1,-6.3,-16.2,-22.8,0.37,0.32,Recovery Candidate,Low Priority / Avoid,Avoid for Now,Growth Risk,ROIC proxy is strong (14.16%) | Fair value upside is positive (33.3%),Growth profile looks weak (8.8/100) | Momentum is weak (20.1/100) | Relative strength is weak (0.0/100),60+ minutes,Strong ROIC proxy.,100,Yahoo Finance,2026-09-23,2026-09-23 17:53:29,168.11,16.7,2/3,Low,49.18,33.3,97.5
PWR,"Quanta Services, Inc.",Industrials,Engineering & Construction,635.43,403.51,252.79,2088.63,"P/E (sector median 29x): $252.79 | EV/FCF (sector median 34x): $410.66 | DCF (FCFF/WACC): $396.36 | Dividend (DDM): $2,088.63",-36.5,-57.5,673.56,Research only,42.7,F,Tier 4 — Low Priority / Avoid,44.8,34.8,57.8,31.4,42.5,28.2,15.0,29.7,19.1,26.8,20.3,84.3,41.4,47.5,55.5,55.7,48.7,93.8,72.70366,32.23064,1.4518,2.903276,33.765,52.58,2.05,1.38,4.03,15.46,7.22,9.25,5.94,9.66,61.53,15.34,5.23,11.92,41.1,94.7,67.78,1.098,0.979,0.08,2.0,1.2,41.4,-33.9,7.0,4.92,3.0,-9.5,9.9,60.6,-8.4,44.1,0.31,0.62,General Watchlist,Low Priority / Avoid,Avoid for Now,Business Quality Risk,Strong growth profile (84.3/100) | Positive news sentiment (93.8/100) | ROIC proxy is strong (11.92%),Valuation may be stretched (20.3/100) | Cash-flow profile looks weak (26.8/100),45 minutes,Valuation risk: stock may be expensive.,100,Yahoo Finance,2026-09-23,2026-09-23 17:53:35,236.57,27.1,1/4,Low,14.42,54.1,85.2
QCOM,QUALCOMM Incorporated,Technology,Semiconductors,197.42,180.48,28.92,291.34,"P/E (sector median 32x): $276.28 | EV/FCF (sector median 31x): $291.34 | DCF (3-stage, CAPM): $84.69 | Dividend (DDM): $28.92",-8.6,-9.4,209.27,Research only,53.8,F,Tier 4 — Low Priority / Avoid,54.5,43.7,60.2,61.9,52.2,50.6,52.5,50.7,58.5,77.4,64.6,22.7,66.5,66.2,75.0,39.4,44.2,60.6,22.5881,19.347296,0.8803,4.78469,17.934,21.01,4.86,4.43,21.01,54.23,18.53,27.23,23.24,28.14,82.58,33.75,11.61,18.48,-4.0,-23.0,55.21,2.016,1.137,0.54,0.58,1.679,46.1,-41.0,1.86,41.03,25.2,0.5,54.8,18.7,36.6,2.3,0.38,0.59,General Watchlist,Low Priority / Avoid,High Risk — Needs Confirmation,Growth Risk,Strong cash-flow profile (77.4/100) | Strong relative strength vs SPY (75.0/100) | ROIC proxy is strong (18.48%),Growth profile looks weak (22.7/100) | Risk profile is elevated (39.4/100),45 minutes,Strong ROIC proxy. | Outperforming SPY on relative strength. | Risk warning: volatility/drawdown risk is elevated.,100,Yahoo Finance,2026-09-23,2026-09-23 17:53:42,224.39,25.7,2/4,Low,87.84,53.7,65.7
DGX,Quest Diagnostics Incorporated,Healthcare,Diagnostics & Research,233.67,228.16,189.57,267.77,P/E (sector median 30x): $267.77 | EV/FCF (sector median 29x): $189.57 | DCF (FCFF/WACC): $228.16,-2.4,-2.4,247.69,Research only,39.7,F,Tier 4 — Low Priority / Avoid,39.4,30.6,57.3,30.9,41.1,35.8,0.0,27.2,14.3,37.4,51.8,49.6,45.1,55.8,55.6,88.2,37.8,51.4,25.848452,19.379303,1.5271,2.2310505,14.154,35.26,3.53,3.87,9.19,33.19,15.25,19.6,7.87,16.46,47.8,14.6,6.4,10.45,10.2,15.0,81.074,1.591,1.282,0.1,2.55,0.549,23.6,-11.6,1.47,26.11,-4.2,15.5,20.2,28.7,1.9,12.3,0.65,0.82,General Watchlist,Low Priority / Avoid,Avoid for Now,Business Quality Risk,ROIC proxy is strong (10.45%),Cash-flow profile looks weak (37.4/100),60+ minutes,No major signal,100,Yahoo Finance,2026-09-23,2026-09-23 17:53:49,,,1/3,High,92.21,44.7,97.0
Q,"Qnity Electronics, Inc.",Technology,Semiconductor Equipment & Materials,124.49,99.46,88.51,102.89,P/E (sector median 32x): $88.51 | EV/FCF (sector median 31x): $99.46 | DCF (FCFF/WACC): $102.89,-20.1,-25.2,131.96,Research only,42.5,F,Tier 4 — Low Priority / Avoid,47.4,37.2,43.4,40.4,42.8,41.6,0.0,31.3,26.9,49.0,36.0,56.1,53.1,36.3,41.6,64.3,40.9,42.5,44.460712,23.147408,1.3204,5.002042,19.643,38.81,2.96,2.25,11.25,46.22,22.32,29.29,14.82,22.44,66.06,6.72,5.3,8.49,22.1,-34.3,59.992,2.008,1.202,0.21,2.34,,30.0,-25.0,0.26,7.86,0.0,0.0,0.0,0.0,0.0,0.0,1.0,0.5,General Watchlist,Low Priority / Avoid,Avoid for Now,Business Quality Risk,No single dominant strength; needs manual research.,Valuation may be stretched (36.0/100) | Momentum is weak (36.3/100),60+ minutes,No major signal,94,Yahoo Finance,2026-09-23,2026-09-23 17:53:55,71.89,25.7,0/3,High,0.47,55.4,96.9
RL,Ralph Lauren Corporation,Consumer Cyclical,Apparel Manufacturing,349.19,311.7,181.6,426.94,"P/E (sector median 20x): $311.70 | EV/FCF (sector median 29x): $426.94 | DCF (3-stage, CAPM): $181.60",-10.7,-12.0,370.14,Research only,55.3,F,Tier 4 — Low Priority / Avoid,66.3,52.6,34.4,66.3,54.3,55.4,37.5,51.4,86.2,49.8,59.5,60.6,63.2,25.3,14.8,48.8,55.1,50.5,22.017025,16.696089,1.8574,2.4901288,13.287,24.05,4.23,4.54,11.76,70.27,18.39,19.07,10.53,15.77,66.8,37.54,11.0,32.1,14.0,21.6,110.373,2.045,1.325,0.65,0.67,1.353,37.6,-36.2,1.19,23.55,-3.7,-14.6,1.5,13.6,-18.0,-3.6,0.6,0.44,General Watchlist,Low Priority / Avoid,Watchlist / Research Later,Momentum Risk,Strong quality profile (86.2/100) | ROIC proxy is strong (32.1%),Momentum is weak (25.3/100) | Relative strength is weak (14.8/100),60+ minutes,Strong ROIC proxy.,100,Yahoo Finance,2026-09-24,2026-09-24 17:49:24,443.74,28.0,1/3,Medium,100.02,69.6,97.8
RJF,"Raymond James Financial, Inc.",Financial Services,Asset Management,157.46,251.12,171.76,330.49,P/E (sector median 15x): $171.76 | P/B (justified): $330.49,59.5,37.3,201.55,Research only,56.2,F,Tier 4 — Low Priority / Avoid,65.9,54.5,38.5,63.3,56.5,55.8,37.5,52.1,64.1,47.2,72.8,66.7,80.6,31.1,6.8,75.3,64.5,43.5,13.727986,11.090849,0.7824,1.9847814,,,,7.28,15.13,93.16,19.3,0.0,,10.75,,18.42,2.58,84.15,15.1,42.0,47.594,2.109,2.097,2.63,,0.917,27.4,-28.1,1.37,18.48,-9.9,5.0,8.8,-9.2,-10.7,-26.4,0.76,0.43,Recovery Candidate,Low Priority / Avoid,Watchlist / Research Later,Momentum Risk,ROIC proxy is strong (84.15%) | Fair value upside is positive (59.5%),Momentum is weak (31.1/100) | Relative strength is weak (6.8/100),60+ minutes,Strong ROIC proxy.,88,Yahoo Finance,2026-09-24,2026-09-24 17:49:32,157.46,13.7,2/2,Medium,64.42,78.0,96.2
RDDT,"Reddit, Inc.",Communication Services,Internet Content & Information,151.44,88.96,61.7,107.16,"P/E (sector median 21x): $88.96 | EV/FCF (sector median 28x): $107.16 | DCF (3-stage, CAPM): $61.70",-41.3,-70.2,160.52,Research only,67.5,D+,Tier 3 — Watchlist Only,84.1,66.2,33.4,84.1,64.5,62.8,40.0,60.0,91.7,61.2,42.8,89.4,100.0,22.3,6.3,20.0,83.7,64.2,35.21744,15.632015,0.7581,10.484817,33.031,39.04,2.33,2.84,31.35,91.44,28.79,28.84,24.4,36.93,66.08,30.71,15.65,100.0,61.1,177.8,0.635,10.486,10.175,133.53,-3.45,2.022,80.7,-61.4,,0.0,-6.8,-4.2,8.5,-36.2,-11.0,-53.4,0.28,0.22,"Long-Term Compounder, Healthy Business",Watchlist Only,High Risk — Needs Confirmation,Volatility / Drawdown Risk,Strong investment score (84.1/100) | High business health (84.1/100) | Strong quality profile (91.7/100) | Strong growth profile (89.4/100) | ROIC proxy is strong (100.0%),Momentum is weak (22.3/100) | Relative strength is weak (6.3/100) | Risk profile is elevated (20.0/100),60+ minutes,Strong ROIC proxy. | Risk warning: volatility/drawdown risk is elevated.,100,Yahoo Finance,2026-09-24,2026-09-24 17:49:39,,,0/3,Medium,,96.5,96.4
RTX,RTX Corporation,Industrials,Aerospace & Defense,191.22,198.01,164.58,622.0,P/E (sector median 29x): $164.58 | EV/FCF (sector median 34x): $220.35 | DCF (FCFF/WACC): $175.68 | Dividend (DDM): $622.00,3.6,3.4,202.69,Research only,46.5,F,Tier 4 — Low Priority / Avoid,50.7,40.2,48.6,45.2,47.5,43.8,15.0,37.3,41.8,46.8,39.6,66.5,39.9,32.4,21.3,85.0,54.4,84.6,33.606327,24.354923,2.2145,2.7563455,18.329,29.49,3.83,2.98,8.28,20.35,12.7,17.0,10.57,15.19,69.55,12.27,4.21,9.68,14.5,28.7,57.02,1.011,0.652,0.21,1.92,0.287,26.0,-19.3,1.52,48.77,-9.1,2.8,-1.2,20.9,-20.7,3.7,0.33,0.52,General Watchlist,Low Priority / Avoid,High Risk — Needs Confirmation,Momentum Risk,Positive news sentiment (84.6/100),Valuation may be stretched (39.6/100) | Financial strength looks weak (39.9/100) | Momentum is weak (32.4/100) | Relative strength is weak (21.3/100),60+ minutes,Financial risk: balance sheet metrics look weak.,100,Yahoo Finance,2026-09-24,2026-09-24 17:49:46,159.82,28.1,2/4,Low,141.06,48.5,57.8
O,Realty Income Corporation,Real Estate,REIT - Retail,55.31,46.21,30.79,696.01,P/E (sector median 30x): $41.39 | EV/FCF (sector median 30x): $30.79 | DCF (FCFF/WACC): $51.03 | Dividend (DDM): $696.01,-16.5,-19.7,58.63,Research only,43.3,F,Tier 4 — Low Priority / Avoid,50.8,39.2,35.2,44.7,44.6,26.6,2.5,27.6,32.0,58.0,19.0,68.3,26.3,17.0,0.7,87.7,68.6,43.4,40.37591,35.6177,2.8516,8.6291275,16.008,54.21,3.02,2.48,20.9,92.68,46.97,88.33,26.08,68.69,37.97,3.23,2.36,3.2,9.6,69.2,74.722,1.528,0.741,0.02,5.74,0.712,17.5,-19.3,5.86,236.42,-11.6,-9.7,-5.5,-2.0,-24.9,-19.3,0.76,0.13,General Watchlist,Low Priority / Avoid,High Risk — Needs Confirmation,Momentum Risk,No single dominant strength; needs manual research.,Valuation may be stretched (19.0/100) | Financial strength looks weak (26.3/100) | Momentum is weak (17.0/100) | Relative strength is weak (0.7/100),60+ minutes,Valuation risk: stock may be expensive. | Financial risk: balance sheet metrics look weak.,100,Yahoo Finance,2026-09-24,2026-09-24 17:49:53,29.2,21.3,1/4,Low,258.94,64.1,92.5
REG,Regency Centers Corporation,Real Estate,REIT - Retail,73.0,88.69,87.39,653.33,P/E (sector median 30x): $89.72 | EV/FCF (sector median 30x): $87.39 | DCF (FCFF/WACC): $87.66 | Dividend (DDM): $653.33,21.5,17.7,84.77,Research only,49.9,F,Tier 4 — Low Priority / Avoid,55.4,46.1,41.8,55.1,51.0,39.6,2.5,34.6,41.7,82.2,42.2,53.2,25.4,26.8,8.2,88.1,74.5,49.0,24.577442,28.998722,2.61,8.096585,17.491,25.2,5.45,4.07,33.0,71.54,39.64,63.55,44.1,50.82,86.78,8.19,3.23,4.49,8.9,8.9,71.972,0.964,0.888,0.04,4.62,0.807,17.7,-15.0,4.15,100.1,-3.9,-8.1,0.0,6.3,-19.4,-10.9,0.48,0.49,General Watchlist,Low Priority / Avoid,High Risk — Needs Confirmation,Debt / Balance Sheet Risk,Strong cash-flow profile (82.2/100) | FCF yield looks attractive (5.45%) | Fair value upside is positive (21.5%),Financial strength looks weak (25.4/100) | Momentum is weak (26.8/100) | Relative strength is weak (8.2/100),60+ minutes,Financial risk: balance sheet metrics look weak.,100,Yahoo Finance,2026-09-24,2026-09-24 17:50:00,63.31,21.3,4/4,Low,116.09,61.2,99.0
REGN,"Regeneron Pharmaceuticals, Inc.",Healthcare,Biotechnology,793.13,942.94,930.01,1196.98,"P/E (sector median 30x): $1,196.98 | EV/FCF (sector median 29x): $930.01 | DCF (3-stage, CAPM): $942.94",18.9,15.9,905.48,Research only,64.7,D,Tier 3 — Watchlist Only,72.1,58.7,55.3,73.4,63.8,68.4,62.5,65.1,71.6,66.3,65.1,57.6,100.0,57.6,41.4,63.8,58.8,62.0,19.627073,13.02698,1.323,5.2564063,15.902,24.39,3.75,5.1,27.87,44.46,33.11,30.27,19.73,30.13,65.48,14.04,6.53,14.91,16.7,-4.5,8.535,3.335,2.633,2.95,-1.12,0.193,36.3,-53.9,0.47,9.01,-4.9,28.0,6.1,40.4,-13.3,23.2,0.4,0.8,General Watchlist,Watchlist Only,Watchlist / Research Later,Growth Risk,ROIC proxy is strong (14.91%) | Fair value upside is positive (18.9%),No major quant red flag detected.,30 minutes,Strong ROIC proxy.,100,Yahoo Finance,2026-09-24,2026-09-24 17:50:07,944.51,23.4,3/3,High,50.39,64.5,87.6
RF,Regions Financial Corporation,Financial Services,Banks - Regional,27.25,29.48,19.05,36.84,P/E (sector median 15x): $36.84 | P/B (justified): $29.48 | Dividend (DDM): $19.05,8.2,7.6,28.92,Research only,43.9,F,Tier 4 — Low Priority / Avoid,48.7,38.8,37.7,50.7,44.1,43.5,12.5,35.7,41.5,56.4,69.6,36.6,46.1,25.4,13.3,63.8,64.4,50.0,11.075204,9.573119,1.4806,3.2068005,,,,9.03,30.84,0.0,39.31,0.0,,24.56,,11.87,1.39,10.25,3.4,8.5,,,,0.53,,1.003,27.7,-31.9,4.0,43.09,-10.1,-8.2,7.9,6.0,-11.6,-11.2,0.58,0.5,General Watchlist,Low Priority / Avoid,Avoid for Now,Momentum Risk,ROIC proxy is strong (10.25%),Growth profile looks weak (36.6/100) | Momentum is weak (25.4/100) | Relative strength is weak (13.3/100),60+ minutes,No major signal,75,Yahoo Finance,2026-09-24,2026-09-24 17:50:14,33.78,13.7,2/3,Medium,70.53,35.7,97.4
RSG,"Republic Services, Inc.",Industrials,Waste Management,213.48,177.38,176.55,203.91,P/E (sector median 29x): $203.91 | EV/FCF (sector median 34x): $177.38 | DCF (FCFF/WACC): $176.55,-16.9,-20.3,226.29,Research only,40.6,F,Tier 4 — Low Priority / Avoid,46.3,36.7,31.8,46.4,41.8,27.9,0.0,26.2,68.5,43.3,31.4,32.2,24.1,29.6,0.0,81.0,33.8,38.0,30.28085,26.48977,2.7539,3.870129,15.112,40.89,2.97,3.3,12.94,43.04,20.43,31.12,11.5,26.89,42.77,18.15,6.17,10.39,4.6,5.1,118.798,0.644,0.579,0.01,2.7,0.4,18.8,-22.5,1.26,35.41,-3.4,0.3,-0.4,-5.1,-19.8,-22.3,0.2,0.48,General Watchlist,Low Priority / Avoid,High Risk — Needs Confirmation,Debt / Balance Sheet Risk,ROIC proxy is strong (10.39%),Valuation may be stretched (31.4/100) | Growth profile looks weak (32.2/100) | Financial strength looks weak (24.1/100) | Momentum is weak (29.6/100),60+ minutes,Valuation risk: stock may be expensive. | Financial risk: balance sheet metrics look weak. | Recent news sentiment is negative.,100,Yahoo Finance,2026-09-24,2026-09-24 17:50:21,198.02,28.1,0/3,High,60.88,40.5,90.3
RMD,ResMed Inc.,Healthcare,Medical Instruments & Supplies,220.92,188.88,168.36,308.94,"P/E (sector median 30x): $308.94 | EV/FCF (sector median 29x): $188.88 | DCF (3-stage, CAPM): $168.36",-14.5,-17.0,234.18,Research only,59.2,F,Tier 4 — Low Priority / Avoid,70.6,54.2,36.1,75.5,59.0,61.0,25.0,51.6,88.6,54.4,57.4,39.7,100.0,30.2,0.0,75.9,54.5,50.0,21.181208,16.695738,1.288,5.6369576,14.994,33.46,2.95,4.72,26.95,61.62,30.86,37.07,16.61,31.94,52.01,24.27,14.0,23.19,8.6,2.4,12.542,3.1,1.831,1.78,-0.31,0.766,28.3,-37.3,1.19,23.01,-6.6,11.6,-1.8,-19.0,-21.3,-36.2,0.18,0.39,General Watchlist,Low Priority / Avoid,Watchlist / Research Later,Momentum Risk,High business health (75.5/100) | Strong quality profile (88.6/100) | ROIC proxy is strong (23.19%),Growth profile looks weak (39.7/100) | Momentum is weak (30.2/100) | Relative strength is weak (0.0/100),60+ minutes,Strong ROIC proxy.,100,Yahoo Finance,2026-09-24,2026-09-24 17:50:28,243.78,23.4,1/3,Medium,43.37,66.5,96.0
RVTY,"Revvity, Inc.",Healthcare,Diagnostics & Research,146.19,111.03,61.31,350.72,P/E (sector median 30x): $61.31 | EV/FCF (sector median 29x): $139.19 | DCF (FCFF/WACC): $82.87 | Dividend (DDM): $350.72,-24.1,-31.7,154.96,Research only,54.4,F,Tier 4 — Low Priority / Avoid,52.4,41.7,74.9,52.9,53.7,53.8,37.5,47.8,48.2,66.4,43.7,36.4,54.7,90.0,100.0,61.6,42.4,49.0,70.62319,24.808998,0.7337,5.602292,20.753,30.04,3.71,1.42,8.16,54.98,17.05,30.08,20.78,21.55,96.39,3.21,2.37,4.11,1.3,1.2,46.225,1.8,1.357,0.31,2.65,1.089,38.0,-35.3,20.0,13.46,17.1,28.8,66.7,71.0,47.2,53.8,0.43,0.99,General Watchlist,Low Priority / Avoid,Avoid for Now,Growth Risk,Strong relative strength vs SPY (100.0/100),Growth profile looks weak (36.4/100),45 minutes,Outperforming SPY on relative strength.,100,Yahoo Finance,2026-09-24,2026-09-24 17:50:35,48.38,23.4,1/4,Low,144.7,39.7,98.6
HOOD,"Robinhood Markets, Inc.",Financial Services,Capital Markets,121.61,43.28,33.84,52.73,P/E (sector median 15x): $33.84 | P/B (justified): $52.73,-64.4,-181.0,128.91,Research only,56.0,F,Tier 4 — Low Priority / Avoid,61.2,48.5,56.8,59.6,52.6,28.5,5.0,32.5,69.6,43.3,29.7,85.3,34.6,72.6,55.0,0.0,87.5,54.2,53.811947,35.93187,2.1423,22.16989,,,,1.86,42.01,91.89,43.88,0.0,,4.97,,23.62,4.53,20.11,32.3,47.6,240.279,1.116,1.066,1.04,,2.34,74.7,-57.3,,0.0,12.0,23.2,72.9,-4.1,53.4,-21.3,0.44,0.65,General Watchlist,Low Priority / Avoid,High Risk — Needs Confirmation,Volatility / Drawdown Risk,Strong growth profile (85.3/100) | ROIC proxy is strong (20.11%),Valuation may be stretched (29.7/100) | Financial strength looks weak (34.6/100) | Risk profile is elevated (0.0/100) | Debt/equity is high,60+ minutes,Strong ROIC proxy. | Valuation risk: stock may be expensive. | Financial risk: balance sheet metrics look weak. | Risk warning: volatility/drawdown risk is elevated.,88,Yahoo Finance,2026-09-24,2026-09-24 17:50:42,31.02,13.7,0/2,High,0.0,76.0,82.9
ROK,"Rockwell Automation, Inc.",Industrials,Specialty Industrial Machinery,430.42,309.19,133.6,372.4,"P/E (sector median 29x): $309.19 | EV/FCF (sector median 34x): $372.40 | DCF (3-stage, CAPM): $133.60",-28.2,-39.2,456.25,Research only,53.0,F,Tier 4 — Low Priority / Avoid,58.2,45.8,51.1,57.4,52.1,43.6,15.0,39.5,72.5,47.5,26.0,61.5,35.7,43.1,51.6,53.1,65.1,50.0,40.2638,28.972338,1.8834,5.3376284,24.478,39.27,2.72,2.48,13.39,49.09,20.97,23.31,14.53,19.3,75.28,30.63,9.99,22.4,7.9,40.4,103.347,1.075,0.658,0.13,1.5,1.515,32.7,-27.8,1.28,51.03,0.2,-9.9,20.1,27.3,0.6,10.0,0.25,0.62,General Watchlist,Low Priority / Avoid,High Risk — Needs Confirmation,Valuation Risk,ROIC proxy is strong (22.4%),Valuation may be stretched (26.0/100) | Financial strength looks weak (35.7/100),60+ minutes,Strong ROIC proxy. | Valuation risk: stock may be expensive. | Financial risk: balance sheet metrics look weak.,100,Yahoo Finance,2026-09-24,2026-09-24 17:50:49,300.25,28.1,0/3,Low,99.04,59.8,93.3
ROL,"Rollins, Inc.",Consumer Cyclical,Personal Services,30.16,25.3,21.62,145.9,"P/E (sector median 20x): $21.62 | EV/FCF (sector median 29x): $26.75 | DCF (3-stage, CAPM): $23.86 | Dividend (DDM): $145.90",-16.1,-19.2,31.97,Research only,47.5,F,Tier 4 — Low Priority / Avoid,57.2,45.5,24.9,61.3,47.6,45.3,2.5,36.2,93.1,49.1,37.2,33.9,36.9,5.5,0.0,63.8,45.4,45.8,27.422728,23.223497,2.6402,3.6986957,19.235,33.16,3.46,3.65,13.55,52.37,18.8,22.05,12.79,16.49,77.55,37.01,14.06,23.93,7.9,3.1,78.015,0.629,0.424,0.1,1.16,0.736,24.8,-53.5,2.25,64.9,-17.0,-29.2,-43.1,-44.8,-62.6,-62.0,1.3,0.0,General Watchlist,Low Priority / Avoid,High Risk — Needs Confirmation,Momentum Risk,Strong quality profile (93.1/100) | ROIC proxy is strong (23.93%),Valuation may be stretched (37.2/100) | Growth profile looks weak (33.9/100) | Financial strength looks weak (36.9/100) | Momentum is weak (5.5/100),60+ minutes,Strong ROIC proxy. | Financial risk: balance sheet metrics look weak.,100,Yahoo Finance,2026-09-24,2026-09-24 17:50:56,30.77,28.0,1/4,Low,91.97,56.8,98.9
ROP,"Roper Technologies, Inc.",Technology,Software - Application,362.49,749.61,533.1,758.66,P/E (sector median 32x): $758.66 | EV/FCF (sector median 31x): $533.10 | DCF (FCFF/WACC): $749.61,106.8,51.6,463.98,Research only,52.9,F,Tier 4 — Low Priority / Avoid,59.8,51.1,39.6,59.9,53.2,45.0,40.0,47.4,45.4,86.5,70.9,63.1,28.0,27.2,1.0,68.9,83.9,55.0,15.103541,14.921739,1.432,4.329563,14.573,20.83,6.32,6.62,30.24,69.53,27.73,39.1,27.36,32.23,84.89,13.07,4.23,6.12,8.5,233.0,60.531,0.553,0.438,0.03,3.38,0.747,25.2,-46.5,0.99,14.46,-12.3,9.3,5.1,-27.4,-14.4,-44.7,0.26,0.24,Recovery Candidate,Low Priority / Avoid,High Risk — Needs Confirmation,Momentum Risk,Strong cash-flow profile (86.5/100) | FCF yield looks attractive (6.32%) | Fair value upside is positive (106.8%),Financial strength looks weak (28.0/100) | Momentum is weak (27.2/100) | Relative strength is weak (1.0/100),60+ minutes,Strong free cash flow yield. | Financial risk: balance sheet metrics look weak.,100,Yahoo Finance,2026-09-24,2026-09-24 17:51:03,851.81,35.5,3/3,High,30.49,68.4,95.3
ROST,"Ross Stores, Inc.",Consumer Cyclical,Apparel Retail,235.69,170.9,162.33,184.55,"P/E (sector median 20x): $162.33 | EV/FCF (sector median 29x): $184.55 | DCF (3-stage, CAPM): $170.90",-27.5,-37.9,249.83,Research only,54.4,F,Tier 4 — Low Priority / Avoid,60.1,46.2,55.7,55.0,54.5,49.7,15.0,42.3,65.0,34.1,31.8,68.1,65.9,55.2,53.0,79.0,52.5,41.0,28.533897,26.356546,2.4926,3.0844288,20.562,37.56,2.65,3.5,10.85,33.38,13.58,14.92,8.17,14.93,54.69,42.63,12.78,36.43,13.3,70.5,70.281,1.612,0.929,0.9,0.12,0.861,26.1,-21.1,0.76,20.56,-2.1,9.8,9.5,63.1,-9.9,45.9,0.18,0.83,General Watchlist,Low Priority / Avoid,Avoid for Now,Valuation Risk,ROIC proxy is strong (36.43%),Valuation may be stretched (31.8/100) | Cash-flow profile looks weak (34.1/100),60+ minutes,Strong ROIC proxy. | Valuation risk: stock may be expensive.,100,Yahoo Finance,2026-09-24,2026-09-24 17:51:10,231.1,28.0,0/3,High,80.9,58.8,88.6
RCL,Royal Caribbean Cruises Ltd.,Consumer Cyclical,Travel Services,240.66,210.16,102.13,318.18,P/E (sector median 20x): $318.18 | Dividend (DDM): $102.13,-12.7,-14.5,255.1,Research only,27.0,F,Tier 4 — Low Priority / Avoid,29.0,23.1,26.7,30.3,26.5,3.4,0.0,11.5,42.6,25.0,69.0,20.0,8.7,10.5,0.0,24.7,37.1,95.6,14.865039,11.865794,0.9494,3.4453676,12.195,,-2.36,6.73,23.54,50.28,27.07,37.07,-8.12,36.32,-22.34,44.67,7.68,12.15,6.5,-4.6,224.816,0.209,0.113,0.04,3.27,1.75,45.4,-35.6,2.61,30.88,-16.5,-23.9,-11.2,-24.7,-30.6,-41.9,1.28,0.09,General Watchlist,Low Priority / Avoid,High Risk — Needs Confirmation,Debt / Balance Sheet Risk,Positive news sentiment (95.6/100) | ROIC proxy is strong (12.15%),Cash-flow profile looks weak (25.0/100) | Growth profile looks weak (20.0/100) | Financial strength looks weak (8.7/100) | Momentum is weak (10.5/100),60+ minutes,Strong ROIC proxy. | Financial risk: balance sheet metrics look weak. | Risk warning: volatility/drawdown risk is elevated.,100,Yahoo Finance,2026-09-24,2026-09-24 17:51:17,452.96,28.0,1/2,Low,13.82,33.6,90.5
SPGI,S&P Global Inc.,Financial Services,Financial Data & Stock Exchanges,404.27,201.58,157.28,245.88,P/E (sector median 15x): $245.88 | P/B (justified): $157.28,-50.1,-100.6,428.53,Research only,53.3,F,Tier 4 — Low Priority / Avoid,59.9,46.2,46.7,61.2,53.2,54.2,25.0,46.1,42.3,80.8,53.3,59.4,46.6,32.8,1.0,70.8,84.3,88.8,24.620584,19.994312,1.9237,7.3923078,16.774,25.07,4.57,4.06,30.54,70.9,44.79,50.51,33.79,35.54,95.1,14.26,7.03,13.23,10.4,17.7,42.98,0.954,0.83,0.26,1.43,1.077,27.2,-30.5,0.95,23.49,-6.4,8.4,5.1,-13.2,-14.4,-30.4,0.41,0.25,General Watchlist,Low Priority / Avoid,Avoid for Now,Momentum Risk,Strong cash-flow profile (80.8/100) | Positive news sentiment (88.8/100) | ROIC proxy is strong (13.23%),Momentum is weak (32.8/100) | Relative strength is weak (1.0/100),60+ minutes,Strong ROIC proxy.,100,Yahoo Finance,2026-09-24,2026-09-24 17:51:24,225.41,13.7,0/2,High,182.33,72.5,81.2
CRM,"Salesforce, Inc.",Technology,Software - Application,238.76,345.51,332.05,572.52,P/E (sector median 32x): $345.51 | EV/FCF (sector median 31x): $572.52 | DCF (FCFF/WACC): $332.05,44.7,30.9,305.61,Research only,64.8,D,Tier 3 — Watchlist Only,67.7,58.9,64.0,71.1,63.0,56.5,52.5,58.0,68.0,98.5,76.8,68.7,30.4,75.4,44.6,40.0,83.1,78.4,21.844463,14.917885,0.7791,4.472199,17.56,12.77,9.02,4.58,21.99,77.28,21.38,29.36,40.36,35.85,112.58,19.38,5.7,10.7,10.8,118.9,110.417,0.839,0.673,0.27,2.4,1.202,40.8,-58.7,0.74,15.68,16.3,59.3,32.1,-1.5,12.7,-18.8,0.32,0.78,General Watchlist,Watchlist Only,High Risk — Needs Confirmation,Debt / Balance Sheet Risk,Strong cash-flow profile (98.5/100) | Positive news sentiment (78.4/100) | FCF yield looks attractive (9.02%) | ROIC proxy is strong (10.7%) | Fair value upside is positive (44.7%),Financial strength looks weak (30.4/100),60+ minutes,Strong free cash flow yield. | Financial risk: balance sheet metrics look weak.,100,Yahoo Finance,2026-09-24,2026-09-24 17:51:31,387.92,35.5,3/3,Medium,195.41,70.7,68.2
SNDK,Sandisk Corporation,Technology,Computer Hardware,1753.37,1675.28,1586.16,2331.29,"P/E (sector median 32x): $2,331.29 | EV/FCF (sector median 31x): $1,586.16 | DCF (3-stage, CAPM): $1,675.28",-4.5,-4.7,1858.57,Research only,77.5,C+,Tier 2 — Worth Researching,84.5,67.2,75.1,86.0,74.3,72.7,77.5,74.5,100.0,65.9,54.8,87.5,97.0,65.0,100.0,35.0,75.4,93.6,23.77444,6.654502,,12.679077,20.72,33.86,3.01,4.21,56.46,71.47,78.47,62.31,38.13,57.64,66.15,91.64,43.91,100.0,371.6,,1.277,2.29,1.707,23.69,-0.36,,105.7,-56.5,,0.0,16.9,-16.1,190.7,1656.4,171.2,1639.1,0.47,0.74,"Long-Term Compounder, Position Trade Candidate, Healthy Business",Worth Researching,High Risk — Needs Confirmation,Volatility / Drawdown Risk,Strong investment score (84.5/100) | High business health (86.0/100) | Strong quality profile (100.0/100) | Strong growth profile (87.5/100) | Strong relative strength vs SPY (100.0/100),Risk profile is elevated (35.0/100),60+ minutes,Stock health is strong. | Strong ROIC proxy. | Outperforming SPY on relative strength. | Risk warning: volatility/drawdown risk is elevated.,88,Yahoo Finance,2026-09-24,2026-09-24 17:51:38,2617.52,35.5,1/3,High,64.84,94.7,58.0
SBAC,SBA Communications Corporation,Real Estate,REIT - Specialty,167.51,140.07,72.56,280.35,P/E (sector median 30x): $280.35 | EV/FCF (sector median 30x): $114.99 | DCF (FCFF/WACC): $165.15 | Dividend (DDM): $72.56,-16.4,-19.6,177.56,Research only,45.3,F,Tier 4 — Low Priority / Avoid,52.0,42.0,30.5,56.9,45.5,35.2,15.0,34.4,77.8,67.0,39.3,30.0,12.5,19.3,0.0,62.9,52.1,50.0,18.050646,20.46681,10.2043,6.190582,18.03,43.96,4.23,5.54,34.51,74.2,52.16,63.87,26.2,44.74,58.56,,8.41,,2.3,-10.5,,0.165,0.122,0.02,8.12,0.984,30.4,-31.6,2.93,50.92,-10.7,-6.8,2.7,-13.6,-16.7,-30.8,0.62,0.08,General Watchlist,Low Priority / Avoid,High Risk — Needs Confirmation,Debt / Balance Sheet Risk,Strong quality profile (77.8/100),Valuation may be stretched (39.3/100) | Growth profile looks weak (30.0/100) | Financial strength looks weak (12.5/100) | Momentum is weak (19.3/100),60+ minutes,Financial risk: balance sheet metrics look weak.,88,Yahoo Finance,2026-09-24,2026-09-24 17:51:45,197.79,21.3,1/4,Low,101.78,57.0,98.3
SLB,SLB Limited,Energy,Oil & Gas Equipment & Services,51.81,37.46,33.44,41.59,"P/E (sector median 18x): $35.97 | EV/FCF (sector median 19x): $33.44 | DCF (3-stage, CAPM): $41.59 | Dividend (DDM): $38.96",-27.7,-38.3,54.92,Research only,38.2,F,Tier 4 — Low Priority / Avoid,39.3,30.8,47.8,35.3,39.1,37.2,0.0,27.4,30.2,41.1,60.3,29.5,53.8,50.9,45.0,73.1,18.5,50.0,25.273172,16.016693,1.374,2.1144328,11.763,29.39,3.84,3.96,8.53,16.99,12.71,20.3,8.13,17.96,45.23,12.91,6.17,10.5,5.0,-29.7,47.002,1.439,0.942,0.32,1.18,0.774,36.5,-29.0,2.27,56.59,-2.3,9.8,0.9,53.9,-18.6,36.7,0.43,0.72,General Watchlist,Low Priority / Avoid,Avoid for Now,Growth Risk,ROIC proxy is strong (10.5%),Growth profile looks weak (29.5/100),60+ minutes,No major signal,100,Yahoo Finance,2026-09-24,2026-09-24 17:51:52,,,0/4,High,64.22,33.5,88.4
STX,Seagate Technology Holdings PLC,Technology,Computer Hardware,908.66,255.69,149.66,438.12,"P/E (sector median 32x): $438.12 | EV/FCF (sector median 31x): $255.69 | DCF (3-stage, CAPM): $149.66",-71.9,-255.4,963.18,Research only,61.1,D-,Tier 3 — Watchlist Only,64.9,51.3,69.2,61.3,57.8,49.9,40.0,50.3,69.5,44.4,37.2,94.6,46.0,63.7,100.0,12.3,83.2,71.6,65.55988,16.410276,0.5262,16.943249,46.997,108.85,0.94,1.53,26.11,45.58,43.07,36.92,15.94,30.13,52.91,371.53,29.35,95.02,48.5,148.8,179.88,1.67,1.075,0.44,0.49,2.087,61.0,-40.0,0.32,21.15,10.6,-11.4,120.1,301.6,100.6,284.4,0.45,0.79,General Watchlist,Watchlist Only,High Risk — Needs Confirmation,Volatility / Drawdown Risk,Strong growth profile (94.6/100) | Strong relative strength vs SPY (100.0/100) | Positive news sentiment (71.6/100) | ROIC proxy is strong (95.02%),Valuation may be stretched (37.2/100) | Risk profile is elevated (12.3/100),60+ minutes,Strong ROIC proxy. | Outperforming SPY on relative strength. | Risk warning: volatility/drawdown risk is elevated.,100,Yahoo Finance,2026-09-24,2026-09-24 17:51:59,491.92,35.5,0/3,Low,66.94,70.6,66.4
SRE,DBA Sempra,Utilities,Utilities - Diversified,78.01,52.65,34.64,70.67,P/E (sector median 20x): $70.67 | Dividend (DDM): $34.64,-32.5,-48.2,82.69,Research only,30.6,F,Tier 4 — Low Priority / Avoid,35.7,26.2,25.6,33.4,32.0,12.1,0.0,16.5,32.6,25.0,63.1,36.8,24.4,8.8,0.0,75.2,54.2,24.0,22.611595,14.087864,0.6657,3.7640767,16.836,,-54.22,4.42,16.82,43.99,28.33,43.34,-204.09,39.96,-510.67,6.68,1.96,4.38,-0.1,71.3,84.663,1.642,0.089,0.0,6.23,0.564,26.5,-31.6,3.33,75.51,-7.2,-16.5,-17.6,-6.7,-37.0,-24.0,0.48,0.0,General Watchlist,Low Priority / Avoid,High Risk — Needs Confirmation,Momentum Risk,No single dominant strength; needs manual research.,Cash-flow profile looks weak (25.0/100) | Growth profile looks weak (36.8/100) | Financial strength looks weak (24.4/100) | Momentum is weak (8.8/100),60+ minutes,Financial risk: balance sheet metrics look weak. | Recent news sentiment is negative.,100,Yahoo Finance,2026-09-24,2026-09-24 17:52:06,,,0/2,Medium,54.88,33.7,92.7
NOW,"ServiceNow, Inc.",Technology,Software - Application,138.49,109.56,50.58,146.27,"P/E (sector median 32x): $50.58 | EV/FCF (sector median 31x): $146.27 | DCF (3-stage, CAPM): $109.56",-20.9,-26.4,146.8,Research only,51.5,F,Tier 4 — Low Priority / Avoid,54.9,45.1,54.8,51.6,50.5,52.8,37.5,47.7,44.3,76.3,34.0,58.6,44.0,66.5,45.9,44.9,41.1,69.8,86.55625,27.667513,1.0143,9.718949,51.549,29.0,3.6,1.16,11.34,74.77,4.06,19.67,34.95,36.03,97.01,14.24,4.25,2.9,24.0,-21.9,67.538,0.701,0.565,0.55,1.31,0.972,49.3,-64.5,,0.0,10.1,40.9,33.7,-25.8,14.2,-43.0,0.32,0.52,General Watchlist,Low Priority / Avoid,Avoid for Now,Valuation Risk,Strong cash-flow profile (76.3/100) | Positive news sentiment (69.8/100),Valuation may be stretched (34.0/100),45 minutes,Valuation risk: stock may be expensive.,100,Yahoo Finance,2026-09-24,2026-09-24 17:52:13,56.79,35.5,1/3,Low,58.79,62.5,77.2
SHW,Sherwin-Williams Company (The),Basic Materials,Specialty Chemicals,317.39,321.96,224.86,330.92,P/E (sector median 30x): $321.96 | EV/FCF (sector median 39x): $330.92 | DCF (FCFF/WACC): $224.86,1.4,1.4,336.43,Research only,42.5,F,Tier 4 — Low Priority / Avoid,49.2,40.6,28.9,50.4,42.7,29.1,2.5,28.2,82.8,41.3,37.9,42.0,9.3,20.9,0.0,56.2,45.9,49.0,29.279522,23.336472,2.1148,3.156414,19.86,37.32,3.25,3.42,11.01,48.98,18.12,19.29,10.27,15.92,64.48,65.12,9.52,18.77,7.5,14.3,389.958,0.727,0.413,0.02,3.13,1.089,26.1,-25.7,0.98,29.34,-9.4,-6.1,-0.9,-6.9,-20.3,-24.1,0.78,0.33,General Watchlist,Low Priority / Avoid,High Risk — Needs Confirmation,Debt / Balance Sheet Risk,Strong quality profile (82.8/100) | ROIC proxy is strong (18.77%),Valuation may be stretched (37.9/100) | Financial strength looks weak (9.3/100) | Momentum is weak (20.9/100) | Relative strength is weak (0.0/100),60+ minutes,Strong ROIC proxy. | Financial risk: balance sheet metrics look weak.,100,Yahoo Finance,2026-09-24,2026-09-24 17:52:20,,,2/3,High,87.3,48.0,88.3
SPG,"Simon Property Group, Inc.",Real Estate,REIT - Retail,205.06,289.62,167.4,428.07,P/E (sector median 30x): $428.07 | EV/FCF (sector median 30x): $167.40 | DCF (FCFF/WACC): $241.62 | Dividend (DDM): $337.62,41.2,29.2,262.48,Research only,50.7,F,Tier 4 — Low Priority / Avoid,54.5,48.6,45.8,53.2,50.5,39.3,40.0,44.1,71.0,65.5,34.2,61.7,0.0,35.1,34.6,53.6,59.8,64.0,14.471418,30.170656,4.58,11.215774,18.717,36.96,3.33,6.91,66.57,81.43,46.02,73.84,37.39,59.4,62.95,120.51,5.63,7.52,19.5,-12.5,503.504,0.266,0.264,0.03,5.54,1.312,22.8,-24.3,4.36,62.1,-5.4,-8.1,15.4,16.5,-4.0,-0.7,0.26,0.57,General Watchlist,Low Priority / Avoid,High Risk — Needs Confirmation,Debt / Balance Sheet Risk,Fair value upside is positive (41.2%),Valuation may be stretched (34.2/100) | Financial strength looks weak (0.0/100) | Momentum is weak (35.1/100) | Relative strength is weak (34.6/100),45 minutes,Valuation risk: stock may be expensive. | Financial risk: balance sheet metrics look weak.,100,Yahoo Finance,2026-09-24,2026-09-24 17:52:27,302.02,21.3,3/4,Medium,91.14,63.1,88.2
SWKS,"Skyworks Solutions, Inc.",Technology,Semiconductors,88.92,45.95,28.53,89.6,"P/E (sector median 32x): $61.01 | EV/FCF (sector median 31x): $89.60 | DCF (3-stage, CAPM): $28.53 | Dividend (DDM): $30.88",-48.3,-93.5,94.25,Research only,37.0,F,Tier 4 — Low Priority / Avoid,34.4,26.4,57.5,32.9,36.3,33.6,27.5,31.5,0.0,45.6,32.9,12.8,89.2,80.1,69.2,39.4,18.1,50.5,46.06995,17.91684,12.7368,3.333073,15.499,30.4,3.35,2.17,7.23,40.73,8.82,21.93,11.18,17.84,62.67,5.09,3.44,4.98,-3.1,-68.6,11.869,3.101,1.312,1.17,-0.13,1.518,50.2,-49.9,4.13,147.15,35.3,27.1,59.6,13.0,40.2,-4.3,0.27,0.94,General Watchlist,Low Priority / Avoid,High Risk — Needs Confirmation,Business Quality Risk,No single dominant strength; needs manual research.,Valuation may be stretched (32.9/100) | Growth profile looks weak (12.8/100) | Risk profile is elevated (39.4/100),60+ minutes,Valuation risk: stock may be expensive. | Risk warning: volatility/drawdown risk is elevated.,100,Yahoo Finance,2026-09-24,2026-09-24 17:52:34,68.5,35.5,1/4,Low,114.82,29.0,99.1
SJM,The J.M. Smucker Company,Consumer Defensive,Packaged Foods,123.07,205.19,51.0,356.72,P/E (sector median 24x): $51.00 | EV/FCF (sector median 25x): $221.20 | DCF (FCFF/WACC): $356.72 | Dividend (DDM): $189.18,66.7,40.0,157.53,Research only,56.2,F,Tier 4 — Low Priority / Avoid,56.9,50.8,61.1,57.2,56.6,46.9,40.0,48.2,71.2,78.1,62.0,43.5,22.8,57.3,62.0,75.0,40.6,74.0,56.714283,11.280456,2.17,1.4357184,8.822,13.64,11.14,1.76,2.51,37.95,17.9,24.72,15.99,20.86,76.67,3.93,6.26,10.24,5.0,,120.682,0.87,0.288,0.01,3.05,0.263,29.1,-22.8,3.66,205.61,-1.9,10.4,31.7,18.6,12.2,1.4,0.28,0.79,General Watchlist,Low Priority / Avoid,High Risk — Needs Confirmation,Debt / Balance Sheet Risk,Strong cash-flow profile (78.1/100) | Positive news sentiment (74.0/100) | FCF yield looks attractive (11.14%) | ROIC proxy is strong (10.24%) | Fair value upside is positive (66.7%),Financial strength looks weak (22.8/100),60+ minutes,Strong free cash flow yield. | Financial risk: balance sheet metrics look weak.,94,Yahoo Finance,2026-09-24,2026-09-24 17:52:41,46.37,21.4,3/4,Low,,39.5,99.1
SW,Smurfit WestRock plc,Consumer Cyclical,Packaging & Containers,45.19,32.64,18.47,43.78,P/E (sector median 20x): $18.47 | EV/FCF (sector median 29x): $42.65 | DCF (FCFF/WACC): $43.78 | Dividend (DDM): $22.63,-27.8,-38.5,47.9,Research only,25.0,F,Tier 4 — Low Priority / Avoid,25.8,20.3,33.5,19.1,26.0,25.0,0.0,18.3,0.0,34.4,62.6,26.0,35.8,32.6,22.2,57.0,16.7,47.5,48.074467,13.171048,0.26,0.7566619,8.274,31.16,5.13,2.08,1.59,18.16,5.47,14.61,3.88,10.52,36.85,2.71,2.62,4.29,1.1,,78.427,1.447,0.773,0.05,2.95,0.931,41.8,-40.5,3.89,187.51,-8.6,-2.6,13.4,6.2,-6.0,-11.0,0.48,0.7,General Watchlist,Low Priority / Avoid,High Risk — Needs Confirmation,Business Quality Risk,FCF yield looks attractive (5.13%),Cash-flow profile looks weak (34.4/100) | Growth profile looks weak (26.0/100) | Financial strength looks weak (35.8/100) | Momentum is weak (32.6/100),60+ minutes,Financial risk: balance sheet metrics look weak.,94,Yahoo Finance,2026-09-24,2026-09-24 17:52:48,26.3,28.0,0/4,Medium,84.09,21.9,97.3
SNA,Snap-On Incorporated,Industrials,Tools & Accessories,367.32,511.52,276.08,734.93,"P/E (sector median 29x): $570.09 | EV/FCF (sector median 34x): $734.93 | DCF (3-stage, CAPM): $452.96 | Dividend (DDM): $276.08",39.3,28.2,470.18,Research only,66.9,D,Tier 3 — Watchlist Only,77.1,64.0,42.3,83.9,67.2,71.7,62.5,68.1,93.4,78.7,65.8,40.3,96.3,26.3,12.3,89.0,61.2,59.0,18.63648,17.169735,1.9027,3.6020904,13.312,16.98,5.84,5.37,19.6,51.83,25.4,26.83,21.03,22.49,93.53,17.93,9.85,18.54,4.2,5.1,21.595,3.433,2.508,1.26,-0.24,0.712,23.3,-20.8,2.64,48.27,-6.9,-7.8,1.2,10.9,-18.2,-6.3,0.3,0.5,Healthy Business,Watchlist Only,Watchlist / Research Later,Momentum Risk,High business health (83.9/100) | Strong cash-flow profile (78.7/100) | Strong quality profile (93.4/100) | FCF yield looks attractive (5.84%) | ROIC proxy is strong (18.54%),Momentum is weak (26.3/100) | Relative strength is weak (12.3/100),45 minutes,Strong ROIC proxy.,100,Yahoo Finance,2026-09-24,2026-09-24 17:52:55,553.59,28.1,3/4,Low,59.6,62.3,98.1
SOLV,Solventum Corporation,Healthcare,Medical Instruments & Supplies,88.28,71.27,61.94,242.3,P/E (sector median 30x): $242.30 | EV/FCF (sector median 29x): $61.94 | DCF (FCFF/WACC): $71.27,-19.3,-23.9,93.58,Research only,38.0,F,Tier 4 — Low Priority / Avoid,34.3,25.8,61.5,34.2,38.7,24.1,0.0,21.5,33.6,34.8,61.9,25.5,19.2,59.6,71.2,72.7,49.4,50.0,10.792175,12.209695,1.22,1.8083454,17.502,40.77,3.25,9.27,17.26,54.78,9.78,13.71,5.88,2.52,233.97,33.96,2.7,6.62,2.2,3.9,110.313,1.021,0.501,0.08,4.29,0.687,30.4,-27.5,,0.0,-3.6,13.3,36.6,20.3,17.1,3.1,0.2,0.86,General Watchlist,Low Priority / Avoid,High Risk — Needs Confirmation,Debt / Balance Sheet Risk,No single dominant strength; needs manual research.,Cash-flow profile looks weak (34.8/100) | Growth profile looks weak (25.5/100) | Financial strength looks weak (19.2/100),60+ minutes,Financial risk: balance sheet metrics look weak.,100,Yahoo Finance,2026-09-24,2026-09-24 17:53:02,191.19,23.4,1/3,Low,0.0,38.1,98.8
SO,Southern Company (The),Utilities,Utilities - Regulated Electric,83.24,63.0,40.99,85.01,P/E (sector median 20x): $85.01 | Dividend (DDM): $40.99,-24.3,-32.1,88.23,Research only,35.9,F,Tier 4 — Low Priority / Avoid,39.7,30.1,33.8,39.7,37.2,15.1,0.0,19.4,62.0,25.0,54.6,37.2,4.8,13.0,0.0,79.6,53.8,66.0,20.05783,16.904783,2.0124,3.172942,12.126,,-4.09,4.99,15.43,48.29,29.61,47.24,-12.97,35.29,-36.74,11.48,3.27,6.21,0.1,30.4,182.058,0.787,0.441,0.04,5.2,0.316,17.6,-15.0,3.64,71.81,-7.5,-12.5,-10.6,-8.2,-30.0,-25.5,0.41,0.08,General Watchlist,Low Priority / Avoid,High Risk — Needs Confirmation,Debt / Balance Sheet Risk,Positive news sentiment (66.0/100),Cash-flow profile looks weak (25.0/100) | Growth profile looks weak (37.2/100) | Financial strength looks weak (4.8/100) | Momentum is weak (13.0/100),60+ minutes,Financial risk: balance sheet metrics look weak.,100,Yahoo Finance,2026-09-24,2026-09-24 17:53:09,,,1/2,Medium,75.83,31.8,85.2
LUV,Southwest Airlines Company,Industrials,Airlines,41.43,43.74,41.21,46.28,P/E (sector median 29x): $46.28 | Dividend (DDM): $41.21,5.6,5.3,43.92,Research only,28.3,F,Tier 4 — Low Priority / Avoid,31.1,25.3,34.6,18.5,29.1,18.8,2.5,18.5,8.0,10.6,70.8,56.3,40.2,33.8,26.3,54.1,25.2,40.0,25.89375,8.795898,0.1993,0.6739565,9.912,,-4.12,3.86,2.78,22.4,3.38,7.77,-2.78,8.41,-33.02,11.1,2.32,7.89,16.4,20.5,97.275,0.489,0.378,0.55,1.33,1.12,42.7,-33.5,1.75,45.0,2.0,-20.1,4.0,26.5,-15.4,9.3,0.55,0.49,Recovery Candidate,Low Priority / Avoid,Avoid for Now,Business Quality Risk,No single dominant strength; needs manual research.,Cash-flow profile looks weak (10.6/100) | Momentum is weak (33.8/100) | Relative strength is weak (26.3/100) | Free cash flow yield is negative,60+ minutes,No major signal,100,Yahoo Finance,2026-09-24,2026-09-24 17:53:16,44.94,28.1,1/2,High,212.41,39.8,97.9
SWK,"Stanley Black & Decker, Inc.",Industrials,Tools & Accessories,89.89,124.53,33.82,234.58,P/E (sector median 29x): $118.30 | EV/FCF (sector median 34x): $234.58 | DCF (FCFF/WACC): $130.75 | Dividend (DDM): $33.82,38.5,27.8,115.05,Research only,45.8,F,Tier 4 — Low Priority / Avoid,46.5,41.2,51.5,44.9,45.6,46.8,27.5,40.9,28.7,67.7,76.8,43.6,38.1,44.4,60.9,49.6,51.4,52.0,21.976772,14.089419,1.39,0.8902412,10.316,13.02,10.45,4.55,4.07,32.21,8.44,11.75,9.31,10.17,91.48,6.89,3.8,7.49,0.4,247.8,58.172,1.432,0.466,0.11,2.58,1.173,40.8,-48.3,3.66,81.17,-7.9,-1.8,27.5,24.5,8.1,7.3,0.23,0.7,Recovery Candidate,Low Priority / Avoid,High Risk — Needs Confirmation,Business Quality Risk,FCF yield looks attractive (10.45%) | Fair value upside is positive (38.5%),Financial strength looks weak (38.1/100),60+ minutes,Strong free cash flow yield. | Financial risk: balance sheet metrics look weak.,100,Yahoo Finance,2026-09-24,2026-09-24 17:53:24,114.88,28.1,3/4,Low,292.15,39.8,99.1
SBUX,Starbucks Corporation,Consumer Cyclical,Restaurants,93.14,36.84,26.84,66.56,P/E (sector median 20x): $34.00 | EV/FCF (sector median 29x): $66.56 | DCF (FCFF/WACC): $39.67 | Dividend (DDM): $26.84,-60.4,-152.8,98.73,Research only,29.1,F,Tier 4 — Low Priority / Avoid,31.3,23.7,33.9,26.6,30.1,18.3,0.0,17.6,14.0,34.3,30.4,39.1,21.7,23.2,12.8,63.6,44.1,50.2,53.83815,29.826275,1.1258,2.7695436,22.361,41.16,2.89,1.86,5.17,22.34,12.92,14.72,8.0,13.01,61.48,,8.02,,-1.4,85.7,,0.76,0.496,0.16,3.34,0.965,30.2,-31.3,2.63,142.77,-11.9,-9.2,1.6,11.5,-17.8,-5.8,0.36,0.52,General Watchlist,Low Priority / Avoid,High Risk — Needs Confirmation,Business Quality Risk,No single dominant strength; needs manual research.,Valuation may be stretched (30.4/100) | Cash-flow profile looks weak (34.3/100) | Growth profile looks weak (39.1/100) | Financial strength looks weak (21.7/100),60+ minutes,Valuation risk: stock may be expensive. | Financial risk: balance sheet metrics look weak.,88,Yahoo Finance,2026-09-24,2026-09-24 17:53:30,48.4,28.0,0/4,Medium,121.76,30.2,83.4
STT,State Street Corporation,Financial Services,Asset Management,181.07,118.26,95.01,169.81,P/E (sector median 15x): $169.81 | P/B (justified): $95.01 | Dividend (DDM): $118.26,-34.7,-53.1,191.93,Research only,60.7,D-,Tier 3 — Watchlist Only,63.7,49.1,72.2,59.3,59.4,59.5,62.5,59.1,48.3,55.4,72.1,81.9,60.0,62.1,100.0,58.5,82.9,49.0,15.967373,11.825166,0.6733,3.31094,,,,6.26,23.0,0.0,34.31,0.0,,23.12,,12.44,0.87,,18.4,68.2,,,,2.93,,1.418,26.2,-25.7,2.05,29.66,-6.2,7.4,44.3,64.4,24.9,47.2,0.47,0.85,General Watchlist,Watchlist Only,Watchlist / Research Later,Business Quality Risk,Strong growth profile (81.9/100) | Strong relative strength vs SPY (100.0/100),No major quant red flag detected.,30 minutes,Outperforming SPY on relative strength.,75,Yahoo Finance,2026-09-24,2026-09-24 17:53:37,155.68,13.7,0/3,Medium,103.73,55.0,92.9
STLD,"Steel Dynamics, Inc.",Basic Materials,Steel,236.03,57.59,23.99,327.3,"P/E (sector median 30x): $327.30 | EV/FCF (sector median 39x): $57.59 | DCF (3-stage, CAPM): $23.99",-75.6,-309.9,250.19,Research only,44.5,F,Tier 4 — Low Priority / Avoid,46.0,34.9,63.9,31.9,44.1,35.0,40.0,38.7,23.5,8.9,41.6,82.3,63.9,60.5,95.8,55.5,43.7,46.0,21.41833,12.063408,11.95,1.6471231,13.965,159.48,0.69,4.67,7.83,14.65,11.5,13.02,1.14,7.65,14.9,17.57,7.87,14.11,33.4,83.6,46.924,3.183,1.316,0.13,1.43,1.515,37.7,-28.7,0.9,18.69,2.1,-5.8,36.8,74.7,17.3,57.5,0.21,0.69,General Watchlist,Low Priority / Avoid,Avoid for Now,Cash Flow Risk,Strong growth profile (82.3/100) | Strong relative strength vs SPY (95.8/100) | ROIC proxy is strong (14.11%),Cash-flow profile looks weak (8.9/100),45 minutes,Strong ROIC proxy. | Outperforming SPY on relative strength.,100,Yahoo Finance,2026-09-24,2026-09-24 17:53:45,,,1/3,Low,70.99,61.7,95.6
STE,STERIS plc (Ireland),Healthcare,Medical Devices,209.38,216.99,149.02,242.59,"P/E (sector median 30x): $242.59 | EV/FCF (sector median 29x): $216.99 | DCF (3-stage, CAPM): $149.02",3.6,3.5,221.94,Research only,41.8,F,Tier 4 — Low Priority / Avoid,48.6,38.4,32.5,45.8,43.0,43.0,12.5,35.2,29.9,52.8,56.3,42.4,63.0,19.2,0.0,80.6,47.5,50.0,25.565325,17.096277,1.7414,3.3812962,13.441,27.6,3.91,3.91,13.33,44.42,19.15,27.17,13.23,21.34,62.0,11.39,6.8,10.42,7.3,14.0,28.312,1.906,1.165,0.24,0.95,0.914,24.2,-25.4,1.23,30.81,-11.2,-0.3,-5.7,-15.3,-25.1,-32.5,0.33,0.16,General Watchlist,Low Priority / Avoid,Avoid for Now,Momentum Risk,ROIC proxy is strong (10.42%),Momentum is weak (19.2/100) | Relative strength is weak (0.0/100),60+ minutes,No major signal,100,Yahoo Finance,2026-09-24,2026-09-24 17:53:52,191.43,23.4,2/3,Medium,85.47,51.6,97.9
SYK,Stryker Corporation,Healthcare,Medical Devices,270.69,285.84,272.22,340.47,P/E (sector median 30x): $285.84 | EV/FCF (sector median 29x): $272.22 | DCF (FCFF/WACC): $340.47,5.6,5.3,286.93,Research only,54.6,F,Tier 4 — Low Priority / Avoid,65.0,51.7,34.0,66.4,54.9,54.9,25.0,48.0,75.9,58.1,57.5,58.9,56.1,2.7,0.0,75.5,70.4,75.2,28.05078,16.187841,1.2877,4.0186315,15.84,28.44,3.96,3.56,14.43,65.59,27.02,28.55,15.9,21.38,74.35,16.51,8.16,15.33,9.4,44.1,64.391,2.157,1.08,0.23,1.62,0.768,25.9,-32.4,1.29,36.06,-18.1,-14.1,-16.9,-26.8,-36.4,-44.0,0.35,0.01,General Watchlist,Low Priority / Avoid,Avoid for Now,Momentum Risk,Strong quality profile (75.9/100) | Positive news sentiment (75.2/100) | ROIC proxy is strong (15.33%),Momentum is weak (2.7/100) | Relative strength is weak (0.0/100),60+ minutes,Strong ROIC proxy.,100,Yahoo Finance,2026-09-24,2026-09-24 17:53:59,225.55,23.4,3/3,High,39.9,67.3,83.8
SMCI,"Super Micro Computer, Inc.",Technology,Computer Hardware,41.31,103.05,103.05,103.05,P/E (sector median 32x): $103.05,149.5,59.9,52.88,Research only,46.3,F,Tier 4 — Low Priority / Avoid,48.2,40.5,57.0,39.3,44.3,31.4,42.5,39.2,25.1,12.5,73.4,73.8,81.7,70.9,55.0,15.7,55.5,75.2,12.67178,7.7564063,0.91,0.69475436,11.744,,-30.39,7.89,5.71,10.82,13.38,7.23,-21.12,-17.43,,21.47,7.88,34.5,93.2,434.7,63.951,3.872,1.928,0.81,0.61,1.996,101.9,-66.2,,0.0,10.5,34.9,86.0,-10.6,66.5,-27.8,0.47,0.54,General Watchlist,Low Priority / Avoid,High Risk — Needs Confirmation,Cash Flow Risk,Positive news sentiment (75.2/100) | ROIC proxy is strong (34.5%) | Fair value upside is positive (149.5%),Cash-flow profile looks weak (12.5/100) | Risk profile is elevated (15.7/100) | Free cash flow yield is negative,60+ minutes,Strong ROIC proxy. | Risk warning: volatility/drawdown risk is elevated.,100,Yahoo Finance,2026-09-24,2026-09-24 17:54:06,115.7,35.5,1/1,Low,0.0,65.8,96.8
SYF,Synchrony Financial,Financial Services,Credit Services,70.97,117.07,13.39,146.0,P/E (sector median 15x): $146.00 | P/B (justified): $117.07 | Dividend (DDM): $13.39,65.0,39.4,90.84,Research only,45.3,F,Tier 4 — Low Priority / Avoid,51.0,43.6,30.7,56.3,45.0,46.4,12.5,37.8,53.6,60.0,77.0,27.3,52.6,21.6,2.1,47.9,59.9,50.0,7.278461,6.7870507,0.8772,2.330434,,,,13.74,35.51,0.0,50.22,0.0,,97.84,,20.79,2.9,25.46,0.6,3.6,,,,0.99,,1.308,37.7,-37.7,1.92,12.31,-12.1,-9.2,5.8,-3.5,-13.6,-20.7,0.31,0.32,Recovery Candidate,Low Priority / Avoid,Avoid for Now,Momentum Risk,ROIC proxy is strong (25.46%) | Fair value upside is positive (65.0%),Growth profile looks weak (27.3/100) | Momentum is weak (21.6/100) | Relative strength is weak (2.1/100),60+ minutes,Strong ROIC proxy.,75,Yahoo Finance,2026-09-24,2026-09-24 17:54:13,133.86,13.7,2/3,Low,79.62,40.0,97.5
SNPS,"Synopsys, Inc.",Technology,Software - Infrastructure,420.53,315.41,181.45,510.75,P/E (sector median 32x): $181.45 | EV/FCF (sector median 31x): $510.75 | DCF (FCFF/WACC): $315.41,-25.0,-33.3,445.76,Research only,55.2,F,Tier 4 — Low Priority / Avoid,67.3,54.2,33.6,62.1,54.2,50.4,25.0,46.9,51.3,80.6,29.8,88.6,45.9,28.9,0.0,48.4,74.0,43.5,73.26307,23.910038,2.1917,8.558302,41.624,25.22,4.25,1.36,11.43,82.92,14.52,22.04,36.38,31.2,116.58,3.66,1.35,2.81,42.4,89.3,34.804,1.337,1.166,0.33,3.49,1.227,50.3,-43.0,,0.0,2.9,-7.6,2.5,-14.2,-16.9,-31.5,0.37,0.32,General Watchlist,Low Priority / Avoid,Watchlist / Research Later,Momentum Risk,Strong cash-flow profile (80.6/100) | Strong growth profile (88.6/100),Valuation may be stretched (29.8/100) | Momentum is weak (28.9/100) | Relative strength is weak (0.0/100),60+ minutes,Valuation risk: stock may be expensive.,100,Yahoo Finance,2026-09-24,2026-09-24 17:54:20,203.72,35.5,1/3,Low,22.71,78.3,87.7
SYY,Sysco Corporation,Consumer Defensive,Food Distribution,78.42,84.91,73.26,116.33,P/E (sector median 24x): $86.26 | EV/FCF (sector median 25x): $73.26 | DCF (FCFF/WACC): $116.33 | Dividend (DDM): $83.57,8.3,7.7,83.29,Research only,28.7,F,Tier 4 — Low Priority / Avoid,30.7,26.0,29.0,27.5,30.1,18.1,2.5,18.4,28.6,36.9,65.7,24.5,16.3,25.0,0.8,67.1,25.3,50.0,21.366486,14.598425,1.4778,0.44475475,11.178,26.24,5.09,4.68,2.08,18.5,4.84,5.31,2.26,3.12,72.55,77.69,7.97,20.31,4.7,5.3,564.591,1.277,0.729,0.12,2.95,0.627,24.2,-24.0,2.85,59.29,-6.0,-2.4,-3.9,-1.9,-23.4,-19.1,0.62,0.47,General Watchlist,Low Priority / Avoid,High Risk — Needs Confirmation,Debt / Balance Sheet Risk,FCF yield looks attractive (5.09%) | ROIC proxy is strong (20.31%),Cash-flow profile looks weak (36.9/100) | Growth profile looks weak (24.5/100) | Financial strength looks weak (16.3/100) | Momentum is weak (25.0/100),60+ minutes,Strong ROIC proxy. | Financial risk: balance sheet metrics look weak.,100,Yahoo Finance,2026-09-24,2026-09-24 17:54:27,78.42,21.4,3/4,High,98.81,31.4,95.0
TMUS,"T-Mobile US, Inc.",Communication Services,Telecom Services,165.27,253.2,175.3,870.05,P/E (sector median 21x): $197.77 | EV/FCF (sector median 28x): $175.30 | DCF (FCFF/WACC): $308.63 | Dividend (DDM): $870.05,53.2,34.7,211.55,Research only,43.6,F,Tier 4 — Low Priority / Avoid,50.9,46.2,21.4,53.8,44.1,34.1,15.0,34.3,82.9,62.6,80.3,36.4,9.7,5.4,0.0,57.4,35.7,39.0,17.287657,11.446448,0.5854,1.923011,8.592,26.05,6.39,5.78,11.46,63.05,25.22,37.28,12.3,31.28,39.32,17.99,5.97,10.57,7.9,5.3,214.035,0.924,0.585,0.02,3.42,0.331,29.0,-37.7,2.46,41.21,-8.5,-8.5,-20.9,-29.5,-40.4,-46.8,0.43,0.0,Recovery Candidate,Low Priority / Avoid,High Risk — Needs Confirmation,Momentum Risk,Strong quality profile (82.9/100) | FCF yield looks attractive (6.39%) | ROIC proxy is strong (10.57%) | Fair value upside is positive (53.2%),Growth profile looks weak (36.4/100) | Financial strength looks weak (9.7/100) | Momentum is weak (5.4/100) | Relative strength is weak (0.0/100),60+ minutes,Strong free cash flow yield. | Financial risk: balance sheet metrics look weak. | Recent news sentiment is negative.,100,Yahoo Finance,2026-09-24,2026-09-24 17:54:34,,,4/4,Low,136.72,47.6,71.4
TROW,"T. Rowe Price Group, Inc.",Financial Services,Asset Management,104.31,149.15,95.68,151.32,P/E (sector median 15x): $149.15 | P/B (justified): $95.68 | Dividend (DDM): $151.32,43.0,30.1,133.52,1-5 years / long-term watch,75.8,C,Tier 2 — Worth Researching,87.5,72.6,50.0,92.8,74.3,81.5,75.0,78.1,88.1,96.3,82.5,69.7,100.0,37.9,30.3,62.0,89.7,55.5,10.472891,10.106373,2.1529,2.9308453,6.982,10.22,9.1,9.55,29.26,51.61,28.69,39.04,26.66,25.45,104.75,19.4,10.66,20.93,10.7,28.6,3.702,4.039,4.039,7.18,-0.94,1.48,26.9,-34.0,4.97,51.61,-6.4,-0.7,19.3,4.9,-0.1,-12.3,0.43,0.56,"Long-Term Compounder, Recovery Candidate, Healthy Business",Worth Researching,Watchlist / Research Later,Momentum Risk,Strong investment score (87.5/100) | Strong conviction score (81.5/100) | High business health (92.8/100) | Strong cash-flow profile (96.3/100) | Strong quality profile (88.1/100),Momentum is weak (37.9/100) | Relative strength is weak (30.3/100),45 minutes,Long-term investment quality is strong. | Stock health is strong. | Strong free cash flow yield. | Strong ROIC proxy.,100,Yahoo Finance,2026-09-24,2026-09-24 17:54:41,136.73,13.7,2/3,High,86.11,77.4,97.6
TTWO,"Take-Two Interactive Software, ",Communication Services,Electronic Gaming & Multimedia,206.75,140.87,100.96,180.77,"EV/FCF (sector median 28x): $180.77 | DCF (3-stage, CAPM): $100.96",-31.9,-46.8,219.16,Research only,37.2,F,Tier 4 — Low Priority / Avoid,42.6,33.1,30.9,40.8,38.0,38.9,12.5,31.7,28.2,53.6,32.2,32.8,48.5,16.2,4.2,68.6,39.3,58.5,,20.088573,2.8155,5.781671,51.789,31.6,3.25,,-4.79,57.13,0.51,11.46,18.79,7.48,251.13,-9.04,-0.62,0.58,2.0,,81.607,1.062,0.899,0.62,1.46,0.966,31.7,-27.7,,0.0,-11.2,-13.4,7.1,-17.7,-12.3,-34.9,0.31,0.24,General Watchlist,Low Priority / Avoid,Avoid for Now,Momentum Risk,No single dominant strength; needs manual research.,Valuation may be stretched (32.2/100) | Growth profile looks weak (32.8/100) | Momentum is weak (16.2/100) | Relative strength is weak (4.2/100),60+ minutes,Valuation risk: stock may be expensive.,88,Yahoo Finance,2026-09-24,2026-09-24 17:54:48,,,0/2,Medium,,44.5,94.8
TPR,"Tapestry, Inc.",Consumer Cyclical,Luxury Goods,111.85,112.68,58.3,185.4,"P/E (sector median 20x): $142.88 | EV/FCF (sector median 29x): $185.40 | DCF (3-stage, CAPM): $82.49 | Dividend (DDM): $58.30",0.7,0.7,118.56,Research only,53.8,F,Tier 4 — Low Priority / Avoid,66.3,55.4,20.6,71.3,52.5,38.1,17.5,40.5,99.9,73.2,73.7,48.2,34.3,6.5,0.3,34.8,55.8,33.0,15.385144,12.568079,1.6114,2.786282,12.275,17.74,6.28,6.5,19.09,76.59,19.82,25.28,17.49,24.72,70.76,197.13,17.54,35.89,8.9,,571.608,1.752,1.008,0.29,1.39,1.432,43.2,-32.7,1.67,22.01,-13.7,-23.1,-23.0,-2.5,-42.4,-19.7,0.23,0.21,Recovery Candidate,Low Priority / Avoid,High Risk — Needs Confirmation,Momentum Risk,Strong quality profile (99.9/100) | FCF yield looks attractive (6.28%) | ROIC proxy is strong (35.89%),Financial strength looks weak (34.3/100) | Momentum is weak (6.5/100) | Relative strength is weak (0.3/100) | Risk profile is elevated (34.8/100),60+ minutes,Strong free cash flow yield. | Strong ROIC proxy. | Financial risk: balance sheet metrics look weak. | Risk warning: volatility/drawdown risk is elevated. | Recent news sentiment is negative.,94,Yahoo Finance,2026-09-24,2026-09-24 17:54:55,203.4,28.0,2/4,Low,159.03,63.2,97.6
TRGP,"Targa Resources, Inc.",Energy,Oil & Gas Midstream,283.27,90.38,4.41,183.72,P/E (sector median 18x): $183.72 | EV/FCF (sector median 19x): $4.41 | DCF (FCFF/WACC): $39.94 | Dividend (DDM): $140.82,-68.1,-213.4,300.27,Research only,40.6,F,Tier 4 — Low Priority / Avoid,40.4,31.5,54.6,37.7,40.6,17.2,0.0,20.9,63.6,17.9,43.9,46.6,7.5,55.5,64.0,57.6,47.6,41.0,27.055872,23.450712,1.25,3.628286,14.601,1219.23,0.11,3.7,13.54,43.19,27.8,32.84,0.39,25.6,1.54,70.84,9.24,15.92,4.2,23.3,515.794,0.771,0.611,0.01,3.54,0.722,32.8,-31.6,1.77,40.63,-1.3,4.1,16.5,70.1,-2.9,52.9,0.36,0.88,General Watchlist,Low Priority / Avoid,High Risk — Needs Confirmation,Debt / Balance Sheet Risk,ROIC proxy is strong (15.92%),Cash-flow profile looks weak (17.9/100) | Financial strength looks weak (7.5/100) | Debt/equity is high,60+ minutes,Strong ROIC proxy. | Financial risk: balance sheet metrics look weak.,100,Yahoo Finance,2026-09-24,2026-09-24 17:55:02,,,0/4,Low,78.55,37.1,91.1
TGT,Target Corporation,Consumer Defensive,Discount Stores,156.95,162.52,124.9,226.57,P/E (sector median 24x): $226.57 | EV/FCF (sector median 25x): $155.81 | DCF (FCFF/WACC): $169.23 | Dividend (DDM): $124.90,3.6,3.4,166.37,Research only,49.7,F,Tier 4 — Low Priority / Avoid,47.4,39.3,71.3,43.2,49.0,45.6,17.5,38.3,60.5,33.4,64.1,50.8,35.3,67.5,96.5,53.6,33.0,93.2,16.28112,16.438427,1.9793,0.6620108,9.865,24.69,4.81,6.14,4.08,28.38,6.04,7.98,3.19,8.1,39.36,26.41,5.69,16.26,5.3,100.5,107.583,0.988,0.255,0.28,1.6,0.986,35.6,-45.2,2.97,47.3,-4.0,13.3,37.2,87.6,17.7,70.4,0.31,0.85,General Watchlist,Low Priority / Avoid,High Risk — Needs Confirmation,Cash Flow Risk,Strong relative strength vs SPY (96.5/100) | Positive news sentiment (93.2/100) | ROIC proxy is strong (16.26%),Cash-flow profile looks weak (33.4/100) | Financial strength looks weak (35.3/100),60+ minutes,Strong ROIC proxy. | Outperforming SPY on relative strength. | Financial risk: balance sheet metrics look weak.,100,Yahoo Finance,2026-09-24,2026-09-24 17:55:09,205.97,21.4,2/4,Medium,81.6,44.2,89.3
TEL,TE Connectivity plc,Technology,Electronic Components,213.96,229.28,122.14,322.43,"P/E (sector median 32x): $322.43 | EV/FCF (sector median 31x): $229.28 | DCF (3-stage, CAPM): $122.14",7.2,6.7,226.79,Research only,58.1,F,Tier 4 — Low Priority / Avoid,66.9,54.2,43.2,67.3,58.0,55.4,25.0,49.2,92.0,50.0,64.8,58.0,59.4,44.0,1.1,70.8,53.4,74.0,20.97598,16.564062,0.9194,3.2058172,13.491,28.58,3.77,4.77,15.61,36.12,20.77,25.62,12.09,22.87,52.89,23.29,9.69,17.81,13.8,19.2,43.441,1.876,1.07,0.21,0.92,1.158,32.3,-22.0,1.46,28.5,6.2,7.4,2.7,-1.5,-16.8,-18.8,0.32,0.38,General Watchlist,Low Priority / Avoid,Watchlist / Research Later,Momentum Risk,Strong quality profile (92.0/100) | Positive news sentiment (74.0/100) | ROIC proxy is strong (17.81%),Relative strength is weak (1.1/100),60+ minutes,Strong ROIC proxy.,100,Yahoo Finance,2026-09-24,2026-09-24 17:55:16,362.02,35.5,2/3,Low,93.29,60.8,90.9
TDY,Teledyne Technologies Incorpora,Technology,Scientific & Technical Instruments,616.88,565.85,480.52,653.71,"P/E (sector median 32x): $653.71 | EV/FCF (sector median 31x): $565.85 | DCF (3-stage, CAPM): $480.52",-8.3,-9.0,653.89,Research only,43.7,F,Tier 4 — Low Priority / Avoid,49.7,37.4,41.6,44.4,44.7,43.2,12.5,35.5,19.6,50.6,45.7,55.6,64.9,32.6,10.3,85.2,59.5,50.0,29.82971,23.046375,1.4,4.48604,19.138,33.39,3.19,3.35,15.29,43.34,20.2,24.98,14.32,19.94,71.79,9.15,5.14,8.07,9.8,21.2,18.565,2.181,1.161,0.17,1.06,0.908,24.6,-18.4,,0.0,-1.6,-1.6,-1.4,8.6,-20.8,-8.6,0.47,0.64,General Watchlist,Low Priority / Avoid,Avoid for Now,Business Quality Risk,No single dominant strength; needs manual research.,Momentum is weak (32.6/100) | Relative strength is weak (10.3/100),60+ minutes,No major signal,100,Yahoo Finance,2026-09-24,2026-09-24 17:55:23,733.97,35.5,1/3,High,22.31,53.7,96.5
TER,"Teradyne, Inc.",Technology,Semiconductor Equipment & Materials,383.55,157.45,27.52,1037.58,"P/E (sector median 32x): $230.13 | EV/FCF (sector median 31x): $84.76 | DCF (3-stage, CAPM): $27.52 | Dividend (DDM): $1,037.58",-59.0,-143.6,406.56,Research only,59.0,F,Tier 4 — Low Priority / Avoid,67.1,51.3,56.2,61.1,56.5,45.0,30.0,46.1,56.5,30.8,23.9,90.9,90.6,49.4,67.4,27.1,77.7,59.0,52.685436,32.915768,0.7296,13.432813,40.282,138.6,0.73,1.9,25.77,59.24,33.16,33.71,9.8,23.86,41.07,36.46,19.75,40.53,103.9,385.8,2.883,2.125,1.315,3.54,-0.17,1.778,66.3,-51.4,13.0,6.87,4.7,-18.7,18.7,185.3,-0.7,168.1,0.24,0.72,General Watchlist,Low Priority / Avoid,High Risk — Needs Confirmation,Valuation Risk,Strong growth profile (90.9/100) | ROIC proxy is strong (40.53%),Valuation may be stretched (23.9/100) | Cash-flow profile looks weak (30.8/100) | Risk profile is elevated (27.1/100),60+ minutes,Strong ROIC proxy. | Valuation risk: stock may be expensive. | Risk warning: volatility/drawdown risk is elevated.,100,Yahoo Finance,2026-09-24,2026-09-24 17:55:30,258.38,35.5,1/4,Low,103.52,81.0,91.2
TSLA,"Tesla, Inc.",Consumer Cyclical,Auto Manufacturers,379.58,20.83,14.8,36.61,"P/E (sector median 20x): $20.83 | EV/FCF (sector median 29x): $36.61 | DCF (3-stage, CAPM): $14.80",-94.5,-1722.2,402.35,Research only,28.2,F,Tier 4 — Low Priority / Avoid,34.0,25.8,23.8,26.9,27.5,12.2,0.0,15.7,6.1,17.9,0.4,50.7,89.4,38.9,0.0,24.4,12.0,44.6,358.11322,172.76219,4.5442,14.468091,137.101,304.9,0.32,0.28,3.67,18.85,1.41,10.38,4.67,18.03,25.88,4.67,1.93,1.94,25.5,-3.0,18.373,1.941,1.347,2.71,-2.55,1.845,59.7,-53.8,,0.0,9.8,-0.0,2.0,-14.3,-17.4,-31.5,0.49,0.42,General Watchlist,Low Priority / Avoid,High Risk — Needs Confirmation,Valuation Risk,No single dominant strength; needs manual research.,Valuation may be stretched (0.4/100) | Cash-flow profile looks weak (17.9/100) | Momentum is weak (38.9/100) | Relative strength is weak (0.0/100),60+ minutes,Valuation risk: stock may be expensive. | Risk warning: volatility/drawdown risk is elevated.,100,Yahoo Finance,2026-09-24,2026-09-24 17:55:37,29.66,28.0,0/3,Medium,0.0,37.6,0.0
TXN,Texas Instruments Incorporated,Technology,Semiconductors,270.38,161.18,54.8,226.89,"P/E (sector median 32x): $207.68 | EV/FCF (sector median 31x): $114.68 | DCF (3-stage, CAPM): $54.80 | Dividend (DDM): $226.89",-40.4,-67.7,286.6,Research only,65.7,D,Tier 3 — Watchlist Only,70.3,54.2,73.6,66.2,63.8,64.5,50.0,59.8,69.0,45.9,31.9,92.4,74.7,56.9,99.0,52.5,78.1,81.4,41.15373,25.400078,0.9665,12.693359,26.893,72.22,1.44,2.43,31.11,58.33,42.58,48.94,18.22,44.55,40.91,35.18,13.06,26.11,22.8,51.8,78.036,4.857,3.245,0.5,0.74,1.314,41.2,-33.4,2.23,85.41,4.0,-12.8,38.8,52.4,19.4,35.2,0.22,0.67,General Watchlist,Watchlist Only,Watchlist / Research Later,Valuation Risk,Strong growth profile (92.4/100) | Strong relative strength vs SPY (99.0/100) | Positive news sentiment (81.4/100) | ROIC proxy is strong (26.11%),Valuation may be stretched (31.9/100),30 minutes,Strong ROIC proxy. | Outperforming SPY on relative strength. | Valuation risk: stock may be expensive.,100,Yahoo Finance,2026-09-24,2026-09-24 17:55:44,233.18,35.5,0/4,Low,93.94,78.9,59.6
CLX,Clorox Company (The),Consumer Defensive,Household & Personal Products,81.39,47.99,14.26,108.39,P/E (sector median 23x): $108.39 | EV/FCF (sector median 25x): $14.26 | DCF (FCFF/WACC): $29.36 | Dividend (DDM): $66.63,-41.0,-69.6,86.27,Research only,14.1,F,Tier 4 — Low Priority / Avoid,14.8,11.6,17.1,11.9,15.5,0.0,0.0,5.5,18.8,11.9,58.9,4.4,1.1,0.5,0.0,52.0,10.8,50.0,17.428265,13.000372,1.0911,1.4646688,13.564,140.1,1.12,5.74,8.73,42.32,12.88,16.96,1.64,9.11,18.04,163.76,8.32,12.34,-2.0,-50.1,2221.429,0.658,0.337,0.03,4.79,0.544,26.8,-48.5,6.14,103.12,-16.7,-14.6,-19.5,-30.7,-37.6,-47.1,0.48,0.0,General Watchlist,Low Priority / Avoid,High Risk — Needs Confirmation,Momentum Risk,ROIC proxy is strong (12.34%),Cash-flow profile looks weak (11.9/100) | Growth profile looks weak (4.4/100) | Financial strength looks weak (1.1/100) | Momentum is weak (0.5/100),60+ minutes,Strong ROIC proxy. | Financial risk: balance sheet metrics look weak.,100,Yahoo Finance,2026-09-29,2026-09-29 18:32:16,81.39,17.4,1/4,Low,158.15,24.5,99.7
CME,CME Group Inc.,Financial Services,Financial Data & Stock Exchanges,265.31,157.2,79.03,176.35,P/E (sector median 15x): $176.35 | P/B (justified): $157.20 | Dividend (DDM): $79.03,-40.7,-68.8,281.22,Research only,55.6,F,Tier 4 — Low Priority / Avoid,63.6,49.4,40.5,69.9,56.0,54.8,25.0,47.6,85.1,66.6,37.5,35.0,57.2,33.9,4.4,84.8,60.1,50.0,22.502544,20.52426,4.7092,14.118004,20.173,33.09,3.05,4.44,63.44,100.0,65.04,70.61,43.05,63.77,67.51,15.8,1.48,12.34,0.8,2.5,14.587,1.018,0.019,0.59,0.33,0.275,21.3,-31.1,1.98,95.42,-6.6,15.4,-9.3,1.2,-27.3,-15.1,0.36,0.49,General Watchlist,Low Priority / Avoid,Watchlist / Research Later,Momentum Risk,Strong quality profile (85.1/100) | ROIC proxy is strong (12.34%),Valuation may be stretched (37.5/100) | Growth profile looks weak (35.0/100) | Momentum is weak (33.9/100) | Relative strength is weak (4.4/100),60+ minutes,Strong ROIC proxy.,100,Yahoo Finance,2026-09-29,2026-09-29 18:32:23,,,0/3,Medium,99.05,61.7,85.2
CMS,CMS Energy Corporation,Utilities,Utilities - Regulated Electric,63.2,48.63,30.67,66.59,P/E (sector median 20x): $66.59 | Dividend (DDM): $30.67,-23.0,-30.0,66.99,Research only,17.1,F,Tier 4 — Low Priority / Avoid,16.9,12.6,25.1,13.0,19.4,0.4,0.0,6.6,9.1,21.2,53.5,8.6,5.5,12.0,0.0,76.4,16.9,50.0,19.036144,15.20876,2.2767,2.248732,13.101,,-11.1,5.25,11.64,40.31,17.17,34.24,-24.95,24.37,-102.37,9.16,2.97,4.18,-0.5,-43.9,185.604,0.936,0.413,0.01,6.32,0.331,17.2,-20.4,3.64,66.92,-7.1,-16.1,-17.2,-10.4,-35.3,-26.8,1.12,0.04,General Watchlist,Low Priority / Avoid,High Risk — Needs Confirmation,Debt / Balance Sheet Risk,No single dominant strength; needs manual research.,Cash-flow profile looks weak (21.2/100) | Growth profile looks weak (8.6/100) | Financial strength looks weak (5.5/100) | Momentum is weak (12.0/100),60+ minutes,Financial risk: balance sheet metrics look weak.,100,Yahoo Finance,2026-09-29,2026-09-29 18:32:30,63.2,19.0,1/2,Medium,67.56,19.7,98.0
KO,Coca-Cola Company (The),Consumer Defensive,Beverages - Non-Alcoholic,87.06,59.33,27.52,282.18,P/E (sector median 23x): $77.29 | EV/FCF (sector median 25x): $27.52 | DCF (FCFF/WACC): $41.36 | Dividend (DDM): $282.18,-31.9,-46.8,92.29,Research only,54.9,F,Tier 4 — Low Priority / Avoid,57.9,44.0,59.1,61.4,55.2,43.0,12.5,38.8,92.2,36.0,25.3,50.5,40.6,53.0,55.3,86.2,59.7,50.0,26.145647,24.689625,4.025,7.4727497,23.835,77.63,1.39,3.82,28.56,61.89,34.87,33.91,10.41,32.6,31.93,42.05,9.4,21.57,6.7,16.9,115.519,1.305,0.798,0.37,1.64,0.342,18.0,-14.7,2.43,62.46,-1.2,7.7,15.9,35.3,-2.1,19.0,0.44,0.84,General Watchlist,Low Priority / Avoid,Avoid for Now,Valuation Risk,Strong quality profile (92.2/100) | ROIC proxy is strong (21.57%),Valuation may be stretched (25.3/100) | Cash-flow profile looks weak (36.0/100),60+ minutes,Strong ROIC proxy. | Valuation risk: stock may be expensive.,100,Yahoo Finance,2026-09-29,2026-09-29 18:32:37,58.03,17.4,1/4,Low,82.88,58.8,38.1
CTSH,Cognizant Technology Solutions ,Technology,Information Technology Services,56.19,120.07,34.64,145.24,"P/E (sector median 32x): $145.24 | EV/FCF (sector median 31x): $145.10 | DCF (3-stage, CAPM): $95.05 | Dividend (DDM): $34.64",113.7,53.2,71.92,Research only,46.4,F,Tier 4 — Low Priority / Avoid,52.5,45.0,33.1,54.0,46.7,51.5,37.5,46.4,37.1,67.8,92.3,28.6,80.2,34.5,0.0,61.2,40.3,50.0,12.18872,8.874184,0.8549,1.1695064,6.592,12.01,8.75,8.2,10.26,33.44,17.48,18.65,10.24,13.48,75.95,14.92,10.73,19.34,4.5,3.8,14.479,2.182,1.683,0.5,0.26,0.83,34.3,-56.1,2.33,27.47,-13.0,37.6,-7.2,-14.3,-25.3,-30.7,0.44,0.38,Recovery Candidate,Low Priority / Avoid,Avoid for Now,Growth Risk,FCF yield looks attractive (8.75%) | ROIC proxy is strong (19.34%) | Fair value upside is positive (113.7%),Growth profile looks weak (28.6/100) | Momentum is weak (34.5/100) | Relative strength is weak (0.0/100),45 minutes,Strong free cash flow yield. | Strong ROIC proxy.,100,Yahoo Finance,2026-09-29,2026-09-29 18:32:44,326.02,70.7,3/4,Low,76.91,50.7,97.1
COHR,Coherent Corp.,Technology,Scientific & Technical Instruments,291.37,129.8,129.8,129.8,P/E (sector median 32x): $129.80,-55.5,-124.5,308.85,Research only,34.5,F,Tier 4 — Low Priority / Avoid,36.2,27.5,49.7,23.1,33.1,19.8,17.5,24.0,1.6,5.7,37.3,69.1,71.1,51.1,75.3,18.9,34.6,50.0,70.71966,20.878431,0.92,8.015904,40.192,,-1.14,1.41,11.31,37.5,11.83,20.0,-9.13,1.12,-817.44,7.98,3.39,5.33,33.7,,31.612,2.427,1.168,0.56,1.1,2.104,78.6,-54.8,,0.0,4.9,-21.0,22.3,169.9,4.3,153.5,0.64,0.58,General Watchlist,Low Priority / Avoid,High Risk — Needs Confirmation,Business Quality Risk,Strong relative strength vs SPY (75.3/100),Valuation may be stretched (37.3/100) | Cash-flow profile looks weak (5.7/100) | Risk profile is elevated (18.9/100) | Free cash flow yield is negative,60+ minutes,Outperforming SPY on relative strength. | Risk warning: volatility/drawdown risk is elevated.,94,Yahoo Finance,2026-09-29,2026-09-29 18:32:50,291.37,70.7,0/1,Low,12.66,48.7,91.7
COIN,"Coinbase Global, Inc.",Financial Services,Financial Data & Stock Exchanges,189.29,14.88,14.88,14.88,P/B (justified): $14.88,-92.1,-1172.5,200.65,Research only,47.8,F,Tier 4 — Low Priority / Avoid,55.8,45.4,30.6,59.9,45.8,47.5,15.0,39.6,39.3,85.8,31.0,27.5,86.3,42.6,8.5,16.9,37.5,50.0,,66.76401,2.3685,8.263357,69.303,18.17,5.34,,-16.34,85.81,-13.92,11.58,44.15,28.35,155.72,-7.85,1.12,-6.06,-17.3,,50.982,2.423,1.276,1.32,-3.03,3.388,79.3,-66.4,,0.0,0.6,18.9,8.4,-43.3,-9.6,-59.6,0.4,0.2,General Watchlist,Low Priority / Avoid,High Risk — Needs Confirmation,Volatility / Drawdown Risk,Strong cash-flow profile (85.8/100) | FCF yield looks attractive (5.34%),Valuation may be stretched (31.0/100) | Growth profile looks weak (27.5/100) | Relative strength is weak (8.5/100) | Risk profile is elevated (16.9/100),60+ minutes,Valuation risk: stock may be expensive. | Risk warning: volatility/drawdown risk is elevated.,88,Yahoo Finance,2026-09-29,2026-09-29 18:32:57,,,0/1,Low,60.35,49.8,92.9
CL,Colgate-Palmolive Company,Consumer Defensive,Household & Personal Products,86.33,88.47,58.95,96.77,"P/E (sector median 23x): $58.95 | EV/FCF (sector median 25x): $96.77 | DCF (3-stage, CAPM): $91.60 | Dividend (DDM): $85.33",2.5,2.4,91.5,Research only,49.0,F,Tier 4 — Low Priority / Avoid,55.1,46.3,35.2,59.3,49.3,38.8,15.0,37.2,89.5,65.2,53.9,30.5,21.8,29.9,12.4,67.5,36.5,50.0,33.98622,21.052206,1.566,3.2696319,15.193,21.89,5.03,2.94,9.68,60.43,20.97,23.68,16.43,21.17,77.61,267.37,15.84,52.5,4.9,-5.5,1388.163,1.026,0.555,0.18,1.29,0.323,21.8,-25.7,2.45,82.28,-3.9,-6.4,2.5,10.1,-15.5,-6.3,0.35,0.52,General Watchlist,Low Priority / Avoid,High Risk — Needs Confirmation,Debt / Balance Sheet Risk,Strong quality profile (89.5/100) | FCF yield looks attractive (5.03%) | ROIC proxy is strong (52.5%),Growth profile looks weak (30.5/100) | Financial strength looks weak (21.8/100) | Momentum is weak (29.9/100) | Relative strength is weak (12.4/100),60+ minutes,Strong ROIC proxy. | Financial risk: balance sheet metrics look weak.,100,Yahoo Finance,2026-09-29,2026-09-29 18:33:04,44.27,17.4,2/4,Medium,127.79,49.2,89.7
CMCSA,Comcast Corporation,Communication Services,Telecom Services,21.54,53.8,17.15,88.63,P/E (sector median 20x): $62.04 | EV/FCF (sector median 27x): $45.56 | DCF (FCFF/WACC): $88.63 | Dividend (DDM): $17.15,149.8,60.0,27.56,Research only,36.3,F,Tier 4 — Low Priority / Avoid,40.9,38.0,21.3,43.6,37.5,31.4,15.0,30.2,49.7,68.0,77.8,11.8,28.5,5.1,0.0,64.0,17.4,50.0,6.9022436,6.0102763,142.98,0.61182904,4.703,12.62,16.62,14.49,8.97,69.39,17.23,27.28,10.17,26.03,39.05,11.49,4.31,9.86,-1.2,-66.8,100.474,0.796,0.653,0.08,2.43,0.662,30.1,-45.2,6.06,42.31,-19.1,-9.2,-23.1,-23.5,-41.1,-39.8,0.35,0.0,Recovery Candidate,Low Priority / Avoid,High Risk — Needs Confirmation,Momentum Risk,FCF yield looks attractive (16.62%) | Fair value upside is positive (149.8%),Growth profile looks weak (11.8/100) | Financial strength looks weak (28.5/100) | Momentum is weak (5.1/100) | Relative strength is weak (0.0/100),60+ minutes,Strong free cash flow yield. | Financial risk: balance sheet metrics look weak.,100,Yahoo Finance,2026-09-29,2026-09-29 18:33:11,,,3/4,Low,108.14,43.7,88.4
FIX,"Comfort Systems USA, Inc.",Industrials,Engineering & Construction,1661.55,1509.38,1054.5,8435.56,"P/E (sector median 28x): $1,157.03 | EV/FCF (sector median 35x): $1,861.72 | DCF (3-stage, CAPM): $1,054.50 | Dividend (DDM): $8,435.56",-9.2,-10.1,1761.24,Research only,65.8,D,Tier 3 — Watchlist Only,75.1,59.8,57.3,70.0,63.4,57.6,40.0,56.2,76.1,55.3,39.5,92.4,80.8,55.0,72.6,34.1,67.0,50.0,40.89466,27.61037,0.5431,5.208142,28.327,30.8,3.15,2.45,12.78,25.66,17.06,17.84,16.4,22.71,72.23,55.29,17.04,89.79,50.3,91.9,11.498,1.214,1.172,5.15,-0.77,1.676,56.9,-46.0,22.0,6.4,7.5,-10.9,20.6,107.7,2.6,91.3,0.44,0.68,General Watchlist,Watchlist Only,High Risk — Needs Confirmation,Volatility / Drawdown Risk,Strong quality profile (76.1/100) | Strong growth profile (92.4/100) | ROIC proxy is strong (89.79%),Valuation may be stretched (39.5/100) | Risk profile is elevated (34.1/100),60+ minutes,Strong ROIC proxy. | Risk warning: volatility/drawdown risk is elevated.,100,Yahoo Finance,2026-09-29,2026-09-29 18:33:17,1095.73,27.0,2/4,Low,23.43,76.3,91.5
COP,ConocoPhillips,Energy,Oil & Gas E&P,125.6,137.69,109.32,717.65,"P/E (sector median 18x): $132.66 | EV/FCF (sector median 19x): $109.32 | DCF (3-stage, CAPM): $142.72 | Dividend (DDM): $717.65",9.6,8.8,134.67,Research only,53.3,F,Tier 4 — Low Priority / Avoid,59.7,48.0,52.9,49.5,53.7,52.1,37.5,48.8,27.5,57.8,77.5,90.2,62.2,50.1,35.0,79.4,64.9,50.0,16.613756,13.000819,1.0836,2.3408365,6.237,21.71,5.1,6.02,14.4,47.57,31.51,41.55,11.93,34.01,35.08,14.18,7.53,19.82,35.5,107.0,35.639,1.542,1.176,0.33,0.58,0.134,32.4,-26.9,2.67,43.65,-5.2,22.5,-3.5,35.2,-21.5,18.8,0.61,0.73,Recovery Candidate,Low Priority / Avoid,Avoid for Now,Business Quality Risk,Strong growth profile (90.2/100) | FCF yield looks attractive (5.1%) | ROIC proxy is strong (19.82%),Relative strength is weak (35.0/100),60+ minutes,Strong ROIC proxy.,100,Yahoo Finance,2026-09-29,2026-09-29 18:33:24,125.6,16.6,3/4,Low,93.5,83.3,75.9
ED,"Consolidated Edison, Inc.",Utilities,Utilities - Regulated Electric,103.47,439.7,122.15,757.25,P/E (sector median 20x): $122.15 | Dividend (DDM): $757.25,325.0,76.5,132.44,Research only,39.0,F,Tier 4 — Low Priority / Avoid,43.0,36.9,36.6,36.7,40.7,18.2,0.0,22.3,52.4,19.9,57.4,52.2,25.7,25.6,9.9,85.0,41.5,50.0,16.989555,15.942704,2.0608,2.1631994,10.529,,-2.21,5.89,12.53,53.37,16.54,34.84,-4.78,22.36,-21.36,8.96,3.24,4.4,13.2,22.1,110.113,1.268,0.967,0.05,4.36,0.259,18.5,-17.4,3.42,57.15,-3.3,-6.0,-7.1,7.4,-25.1,-9.0,0.37,0.51,General Watchlist,Low Priority / Avoid,High Risk — Needs Confirmation,Cash Flow Risk,Fair value upside is positive (325.0%),Cash-flow profile looks weak (19.9/100) | Financial strength looks weak (25.7/100) | Momentum is weak (25.6/100) | Relative strength is weak (9.9/100),60+ minutes,Financial risk: balance sheet metrics look weak.,100,Yahoo Finance,2026-09-29,2026-09-29 18:33:31,115.93,19.0,2/2,Low,55.92,45.8,94.9
STZ,"Constellation Brands, Inc.",Consumer Defensive,Beverages - Brewers,112.12,223.18,54.57,272.55,P/E (sector median 23x): $243.70 | EV/FCF (sector median 25x): $202.65 | DCF (FCFF/WACC): $272.55 | Dividend (DDM): $54.57,99.1,49.8,143.51,Research only,57.7,F,Tier 4 — Low Priority / Avoid,67.5,58.5,28.9,75.3,57.3,50.4,27.5,48.6,90.0,93.6,85.7,45.9,23.0,3.4,0.0,56.3,79.2,50.0,10.678096,9.140781,1.495,2.114521,8.685,13.58,11.54,9.36,20.14,52.72,35.93,38.16,24.41,29.74,82.06,23.69,8.57,13.78,-3.3,30.7,123.205,0.913,0.247,0.01,3.02,0.4,30.8,-54.2,3.65,38.95,-14.2,-17.4,-24.2,-15.4,-42.2,-31.8,0.34,0.0,Recovery Candidate,Low Priority / Avoid,High Risk — Needs Confirmation,Momentum Risk,High business health (75.3/100) | Strong cash-flow profile (93.6/100) | Strong quality profile (90.0/100) | FCF yield looks attractive (11.54%) | ROIC proxy is strong (13.78%),Financial strength looks weak (23.0/100) | Momentum is weak (3.4/100) | Relative strength is weak (0.0/100),60+ minutes,Strong free cash flow yield. | Strong ROIC proxy. | Financial risk: balance sheet metrics look weak.,100,Yahoo Finance,2026-09-29,2026-09-29 18:33:38,183.0,17.4,3/4,Low,237.13,55.9,98.1
CEG,Constellation Energy Corporatio,Utilities,Utilities - Independent Power Producers,265.02,205.19,205.19,205.19,P/E (sector median 20x): $205.19,-22.6,-29.2,280.93,Research only,23.5,F,Tier 4 — Low Priority / Avoid,26.9,21.2,25.7,17.5,23.9,0.0,0.0,9.5,9.9,14.0,40.2,43.5,33.6,31.4,0.0,39.8,19.1,50.0,25.906647,19.896532,3.74,3.0028882,14.666,,-7.06,3.86,11.08,22.11,8.66,25.43,-21.19,13.45,-157.52,15.06,3.89,3.83,23.0,-46.8,76.419,1.455,0.471,0.03,3.02,1.117,55.2,-50.7,0.66,15.92,-3.5,12.2,-4.8,-20.3,-22.8,-36.6,0.38,0.17,General Watchlist,Low Priority / Avoid,High Risk — Needs Confirmation,Business Quality Risk,No single dominant strength; needs manual research.,Cash-flow profile looks weak (14.0/100) | Financial strength looks weak (33.6/100) | Momentum is weak (31.4/100) | Relative strength is weak (0.0/100),60+ minutes,Financial risk: balance sheet metrics look weak. | Risk warning: volatility/drawdown risk is elevated.,100,Yahoo Finance,2026-09-29,2026-09-29 18:33:45,194.74,19.0,0/1,Low,51.83,38.2,85.5
COO,"The Cooper Companies, Inc.",Healthcare,Medical Instruments & Supplies,56.1,67.89,49.58,85.09,P/E (sector median 29x): $85.09 | EV/FCF (sector median 30x): $67.89 | DCF (FCFF/WACC): $49.58,21.0,17.4,64.94,Research only,42.4,F,Tier 4 — Low Priority / Avoid,49.8,42.0,26.1,49.6,42.9,42.3,2.5,33.1,47.7,57.8,74.9,42.8,37.8,3.5,0.0,62.5,54.4,50.0,19.278349,11.952064,0.5198,2.5178106,14.382,24.7,5.09,5.19,13.46,65.93,20.82,22.0,12.81,24.39,52.52,6.84,2.73,6.35,0.6,357.1,33.634,1.222,0.506,0.06,2.84,0.818,33.4,-51.7,,0.0,-20.0,-22.0,-21.5,-17.1,-39.6,-33.4,0.75,0.09,Recovery Candidate,Low Priority / Avoid,High Risk — Needs Confirmation,Momentum Risk,FCF yield looks attractive (5.09%) | Fair value upside is positive (21.0%),Financial strength looks weak (37.8/100) | Momentum is weak (3.5/100) | Relative strength is weak (0.0/100),60+ minutes,Financial risk: balance sheet metrics look weak.,100,Yahoo Finance,2026-09-29,2026-09-29 18:33:52,66.53,22.9,2/3,Medium,25.88,53.7,99.5
CPRT,"Copart, Inc.",Industrials,Specialty Business Services,27.02,39.59,14.03,44.14,"P/E (sector median 28x): $44.14 | EV/FCF (sector median 35x): $39.59 | DCF (3-stage, CAPM): $14.03",46.5,31.7,34.59,Research only,58.2,F,Tier 4 — Low Priority / Avoid,69.7,58.3,25.7,78.5,57.7,63.3,25.0,52.8,94.5,62.8,55.6,25.1,100.0,6.2,0.0,59.7,48.9,50.0,17.435484,15.437387,2.833,5.361966,11.079,23.56,3.54,5.74,31.81,48.98,32.01,40.33,18.97,34.39,55.17,16.16,10.27,25.2,2.4,-14.6,0.97,7.912,7.601,50.81,-2.34,1.029,28.8,-57.7,,0.0,-18.1,-6.1,-18.6,-39.4,-36.6,-55.7,0.42,0.0,General Watchlist,Low Priority / Avoid,Watchlist / Research Later,Momentum Risk,High business health (78.5/100) | Strong quality profile (94.5/100) | ROIC proxy is strong (25.2%) | Fair value upside is positive (46.5%),Growth profile looks weak (25.1/100) | Momentum is weak (6.2/100) | Relative strength is weak (0.0/100),60+ minutes,Strong ROIC proxy.,100,Yahoo Finance,2026-09-29,2026-09-29 18:33:58,41.79,27.0,2/3,Low,0.0,57.6,97.1
GLW,Corning Incorporated,Technology,Electronic Components,158.44,26.15,12.36,68.37,P/E (sector median 32x): $68.37 | EV/FCF (sector median 31x): $26.15 | DCF (FCFF/WACC): $12.36,-83.5,-506.0,167.95,Research only,44.4,F,Tier 4 — Low Priority / Avoid,47.8,37.6,50.7,41.3,43.4,21.6,5.0,25.7,51.4,21.7,19.6,63.2,51.2,50.0,66.8,38.4,38.3,50.0,73.01613,36.305374,0.9548,8.045431,33.787,187.91,0.54,1.37,11.2,36.39,15.65,24.08,4.33,23.08,18.76,16.81,5.37,11.15,16.6,18.5,71.448,1.813,0.978,0.27,1.68,1.151,56.4,-51.5,0.74,51.61,6.5,-28.0,16.9,99.1,-1.1,82.8,0.6,0.46,General Watchlist,Low Priority / Avoid,High Risk — Needs Confirmation,Valuation Risk,ROIC proxy is strong (11.15%),Valuation may be stretched (19.6/100) | Cash-flow profile looks weak (21.7/100) | Risk profile is elevated (38.4/100),60+ minutes,Valuation risk: stock may be expensive. | Risk warning: volatility/drawdown risk is elevated.,100,Yahoo Finance,2026-09-29,2026-09-29 18:34:05,153.46,70.7,0/3,Low,125.21,43.4,78.3
CPAY,"Corpay, Inc.",Technology,Software - Infrastructure,391.86,696.9,517.95,852.23,P/E (sector median 32x): $517.95 | EV/FCF (sector median 31x): $696.90 | DCF (FCFF/WACC): $852.23,77.8,43.8,501.58,Research only,67.2,D+,Tier 3 — Watchlist Only,70.2,62.0,65.7,72.5,65.8,57.7,65.0,62.6,89.0,95.4,78.4,67.0,15.8,64.2,82.3,50.6,71.7,50.0,23.835764,12.460561,0.7512,5.12486,12.127,17.44,7.56,4.2,22.72,80.54,46.92,55.74,38.76,36.79,105.35,29.22,6.32,16.76,21.5,-7.0,275.291,0.972,0.48,0.3,2.7,0.873,36.2,-34.5,,0.0,-3.1,14.9,34.7,32.5,16.6,16.1,0.74,0.8,General Watchlist,Watchlist Only,High Risk — Needs Confirmation,Debt / Balance Sheet Risk,Strong cash-flow profile (95.4/100) | Strong quality profile (89.0/100) | Strong relative strength vs SPY (82.3/100) | FCF yield looks attractive (7.56%) | ROIC proxy is strong (16.76%),Financial strength looks weak (15.8/100) | Debt/equity is high,30 minutes,Strong free cash flow yield. | Strong ROIC proxy. | Outperforming SPY on relative strength. | Financial risk: balance sheet metrics look weak.,100,Yahoo Finance,2026-09-29,2026-09-29 18:34:12,1162.63,70.7,3/3,Medium,87.33,70.8,97.0
CTVA,"Corteva, Inc.",Basic Materials,Agricultural Inputs,78.06,64.02,48.31,134.41,"P/E (sector median 29x): $48.31 | EV/FCF (sector median 39x): $134.41 | DCF (3-stage, CAPM): $64.02",-18.0,-21.9,82.74,Research only,48.9,F,Tier 4 — Low Priority / Avoid,54.9,42.2,39.2,60.0,49.7,49.2,12.5,39.6,69.5,56.0,54.9,21.5,63.8,24.4,18.0,87.8,44.8,50.0,47.30909,18.927536,1.0455,2.9239454,12.777,22.6,4.64,2.11,5.66,49.54,30.13,24.0,13.57,6.8,199.61,4.26,4.55,15.32,-1.2,-9.9,19.191,1.516,0.989,0.49,0.59,0.577,26.3,-20.7,0.93,43.64,-7.6,-6.4,-6.3,16.3,-24.4,-0.1,0.36,0.59,General Watchlist,Low Priority / Avoid,Avoid for Now,Growth Risk,ROIC proxy is strong (15.32%),Growth profile looks weak (21.5/100) | Momentum is weak (24.4/100) | Relative strength is weak (18.0/100),60+ minutes,Strong ROIC proxy.,100,Yahoo Finance,2026-09-29,2026-09-29 18:34:19,69.76,42.3,1/3,Low,133.19,43.0,92.6
CSGP,"CoStar Group, Inc.",Real Estate,Real Estate Services,26.66,20.45,5.42,30.17,"P/E (sector median 30x): $5.42 | EV/FCF (sector median 30x): $30.17 | DCF (3-stage, CAPM): $20.45",-23.3,-30.3,28.25,Research only,47.8,F,Tier 4 — Low Priority / Avoid,60.3,46.5,25.7,54.3,47.7,52.1,25.0,44.6,35.6,50.9,49.9,67.3,91.7,3.6,0.0,60.6,53.7,50.0,148.08333,15.027654,0.1054,3.037273,27.539,26.29,3.82,0.68,2.08,78.68,8.22,11.08,11.61,13.98,83.04,0.89,0.47,2.95,18.4,1261.0,14.537,2.214,2.064,1.1,-0.28,0.747,39.0,-72.5,,0.0,-16.9,-9.2,-33.9,-68.4,-52.0,-84.7,0.36,0.0,General Watchlist,Low Priority / Avoid,Avoid for Now,Momentum Risk,No single dominant strength; needs manual research.,Momentum is weak (3.6/100) | Relative strength is weak (0.0/100),45 minutes,No major signal,100,Yahoo Finance,2026-09-29,2026-09-29 18:34:25,15.36,85.3,1/3,Low,0.0,59.6,99.5
COST,Costco Wholesale Corporation,Consumer Defensive,Discount Stores,924.34,442.82,409.03,482.07,"P/E (sector median 23x): $482.07 | EV/FCF (sector median 25x): $409.03 | DCF (3-stage, CAPM): $442.82",-52.1,-108.7,979.8,Research only,34.5,F,Tier 4 — Low Priority / Avoid,39.2,28.5,34.1,34.4,36.1,21.9,2.5,21.9,32.0,15.6,6.0,42.1,71.8,29.1,4.5,86.9,24.8,50.0,44.503613,36.97357,4.4343,1.3515522,27.605,55.46,1.74,2.25,3.04,12.82,3.97,4.74,2.36,5.22,45.17,28.4,8.79,41.21,11.1,15.0,23.953,1.06,0.575,2.48,-0.89,0.855,20.7,-20.7,0.64,26.69,-2.1,0.1,-7.0,1.4,-25.0,-14.9,0.57,0.32,General Watchlist,Low Priority / Avoid,Avoid for Now,Valuation Risk,ROIC proxy is strong (41.21%),Valuation may be stretched (6.0/100) | Cash-flow profile looks weak (15.6/100) | Momentum is weak (29.1/100) | Relative strength is weak (4.5/100),60+ minutes,Strong ROIC proxy. | Valuation risk: stock may be expensive.,100,Yahoo Finance,2026-09-29,2026-09-29 18:34:32,361.99,17.4,0/3,High,60.32,45.3,32.1
CRH,CRH PLC,Basic Materials,Building Materials,83.45,75.1,34.95,165.72,P/E (sector median 29x): $165.72 | EV/FCF (sector median 39x): $88.59 | DCF (FCFF/WACC): $61.60 | Dividend (DDM): $34.95,-10.0,-11.1,88.46,Research only,36.4,F,Tier 4 — Low Priority / Avoid,43.7,34.0,23.4,42.7,36.9,35.3,0.0,27.4,54.7,30.8,64.1,33.4,44.6,6.3,0.0,58.9,34.8,50.0,14.743816,12.850045,1.5259,1.4370984,9.571,36.65,3.64,6.78,9.94,36.25,19.02,20.01,5.23,14.03,37.26,15.81,6.06,14.23,5.6,13.9,77.592,1.579,1.005,0.15,2.17,1.198,32.3,-35.8,1.86,26.86,-11.5,-20.3,-20.0,-26.4,-38.0,-42.7,1.3,0.0,General Watchlist,Low Priority / Avoid,Avoid for Now,Momentum Risk,ROIC proxy is strong (14.23%),Cash-flow profile looks weak (30.8/100) | Growth profile looks weak (33.4/100) | Momentum is weak (6.3/100) | Relative strength is weak (0.0/100),60+ minutes,Strong ROIC proxy.,100,Yahoo Finance,2026-09-29,2026-09-29 18:34:39,239.3,42.3,2/4,Low,80.18,44.7,92.0
CRWD,"CrowdStrike Holdings, Inc.",Technology,Software - Infrastructure,260.38,27.53,0.95,61.66,"P/E (sector median 32x): $0.95 | EV/FCF (sector median 31x): $61.66 | DCF (3-stage, CAPM): $27.53",-89.4,-846.0,276.01,Research only,60.8,D-,Tier 3 — Watchlist Only,63.6,50.4,73.8,56.2,59.3,57.2,50.0,55.3,39.6,62.6,0.9,82.5,86.4,88.2,100.0,52.0,47.1,50.0,8679.501,162.14172,8.3997,49.408844,2445.225,130.95,0.75,0.01,0.83,75.19,-2.26,1.98,36.98,37.37,98.95,1.46,-0.78,-10.6,25.8,,15.958,1.57,1.366,6.11,-39.24,1.255,51.1,-37.2,,0.0,12.7,34.8,166.8,113.2,148.7,96.9,0.4,0.99,General Watchlist,Watchlist Only,Watchlist / Research Later,Valuation Risk,Strong growth profile (82.5/100) | Strong relative strength vs SPY (100.0/100),Valuation may be stretched (0.9/100),30 minutes,Outperforming SPY on relative strength. | Valuation risk: stock may be expensive.,94,Yahoo Finance,2026-09-29,2026-09-29 18:34:45,2.12,70.7,0/3,Low,,70.4,56.3
CCI,Crown Castle Inc.,Real Estate,REIT - Specialty,66.57,45.66,40.32,73.8,P/E (sector median 30x): $73.80 | EV/FCF (sector median 30x): $40.32 | DCF (FCFF/WACC): $45.25 | Dividend (DDM): $46.08,-31.4,-45.8,70.56,Research only,39.3,F,Tier 4 — Low Priority / Avoid,45.7,37.1,23.9,50.4,39.8,30.2,2.5,27.3,71.2,60.3,51.3,19.9,12.5,4.5,0.0,60.9,39.5,50.0,27.17102,22.955303,0.5527,6.991265,18.926,49.13,3.56,3.68,20.72,73.73,46.83,64.65,24.9,63.06,39.49,,4.72,,-4.9,-67.5,,0.522,0.429,0.04,8.31,0.969,28.2,-37.9,6.33,173.47,-11.3,-11.8,-16.0,-27.2,-34.0,-43.6,0.49,0.0,General Watchlist,Low Priority / Avoid,High Risk — Needs Confirmation,Momentum Risk,No single dominant strength; needs manual research.,Growth profile looks weak (19.9/100) | Financial strength looks weak (12.5/100) | Momentum is weak (4.5/100) | Relative strength is weak (0.0/100),60+ minutes,Financial risk: balance sheet metrics look weak.,88,Yahoo Finance,2026-09-29,2026-09-29 18:34:52,209.03,85.3,1/4,Medium,285.54,51.1,96.4
CSX,CSX Corporation,Industrials,Railroads,46.87,30.18,14.95,48.98,P/E (sector median 28x): $48.98 | EV/FCF (sector median 35x): $30.18 | DCF (FCFF/WACC): $14.95,-35.6,-55.3,49.68,Research only,53.3,F,Tier 4 — Low Priority / Avoid,58.4,46.0,51.3,58.1,52.8,39.0,15.0,38.1,85.1,43.3,44.2,61.6,23.3,40.4,51.1,61.9,64.3,50.0,27.247093,20.6077,1.7231,5.9823756,15.324,53.59,2.25,3.67,22.21,47.07,38.42,47.07,13.46,36.67,36.7,24.36,7.38,13.7,10.1,22.7,138.068,0.82,0.685,0.07,2.64,1.207,24.2,-27.1,1.2,31.4,-7.2,-2.8,14.8,32.5,-3.2,16.2,0.33,0.69,General Watchlist,Low Priority / Avoid,High Risk — Needs Confirmation,Debt / Balance Sheet Risk,Strong quality profile (85.1/100) | ROIC proxy is strong (13.7%),Financial strength looks weak (23.3/100),60+ minutes,Strong ROIC proxy. | Financial risk: balance sheet metrics look weak.,100,Yahoo Finance,2026-09-29,2026-09-29 18:34:59,46.39,27.0,1/3,Low,109.48,53.9,86.7
CMI,Cummins Inc.,Industrials,Specialty Industrial Machinery,522.32,459.25,304.62,557.3,"P/E (sector median 28x): $557.30 | EV/FCF (sector median 35x): $523.86 | DCF (3-stage, CAPM): $304.62 | Dividend (DDM): $394.64",-12.1,-13.7,553.66,Research only,34.8,F,Tier 4 — Low Priority / Avoid,39.1,30.2,34.6,33.4,35.4,35.1,0.0,26.0,23.2,32.6,57.3,39.2,59.0,23.4,27.0,62.3,26.8,50.0,26.689833,15.085347,1.0562,2.0717099,15.281,34.41,3.1,3.75,7.82,25.77,11.9,14.46,6.42,13.39,47.97,21.11,7.0,18.95,9.4,4.7,59.586,1.727,0.985,0.47,0.87,1.226,33.5,-30.5,1.7,40.9,-7.5,-23.2,-2.3,26.4,-20.3,10.0,0.36,0.37,General Watchlist,Low Priority / Avoid,Avoid for Now,Business Quality Risk,ROIC proxy is strong (18.95%),Cash-flow profile looks weak (32.6/100) | Growth profile looks weak (39.2/100) | Momentum is weak (23.4/100) | Relative strength is weak (27.0/100),60+ minutes,Strong ROIC proxy.,100,Yahoo Finance,2026-09-29,2026-09-29 18:35:06,527.77,27.0,2/4,Medium,54.94,46.1,89.2
CVS,CVS Health Corporation,Healthcare,Healthcare Plans,86.65,154.66,110.82,561.86,P/E (sector median 29x): $110.82 | EV/FCF (sector median 30x): $119.59 | DCF (FCFF/WACC): $189.72 | Dividend (DDM): $561.86,78.5,44.0,110.91,Research only,35.0,F,Tier 4 — Low Priority / Avoid,34.6,31.1,45.6,27.1,36.1,24.5,2.5,22.7,12.1,42.7,81.2,48.3,23.9,32.5,50.3,68.0,37.4,50.0,22.862797,10.159825,0.2113,0.2685669,10.486,21.66,7.29,4.37,1.18,13.65,3.86,4.04,1.96,3.58,54.64,6.21,2.97,8.86,7.1,188.8,95.503,0.866,0.623,0.18,3.74,0.58,34.7,-34.4,3.03,70.18,-7.7,-16.8,22.5,18.3,4.4,2.0,0.48,0.43,Recovery Candidate,Low Priority / Avoid,High Risk — Needs Confirmation,Business Quality Risk,FCF yield looks attractive (7.29%) | Fair value upside is positive (78.5%),Financial strength looks weak (23.9/100) | Momentum is weak (32.5/100),60+ minutes,Strong free cash flow yield. | Financial risk: balance sheet metrics look weak.,100,Yahoo Finance,2026-09-29,2026-09-29 18:35:12,86.65,22.9,4/4,Low,112.28,35.9,82.6
DHR,Danaher Corporation,Healthcare,Diagnostics & Research,225.3,158.87,153.15,164.33,P/E (sector median 29x): $164.33 | EV/FCF (sector median 30x): $158.87 | DCF (FCFF/WACC): $153.15,-29.5,-41.8,238.82,Research only,53.8,F,Tier 4 — Low Priority / Avoid,57.4,44.6,57.6,56.8,53.4,49.4,12.5,40.9,62.7,52.6,34.6,58.4,46.4,61.9,48.1,67.9,62.3,50.0,40.08897,24.22883,1.3236,6.3083105,22.836,42.39,2.73,2.49,15.95,58.75,19.78,31.97,17.23,26.43,65.19,7.61,3.95,5.15,5.5,59.7,52.97,1.651,1.149,0.16,2.93,0.808,31.2,-41.2,0.7,25.67,5.5,16.3,19.1,21.8,1.0,5.4,0.45,0.8,General Watchlist,Low Priority / Avoid,Avoid for Now,Valuation Risk,No single dominant strength; needs manual research.,Valuation may be stretched (34.6/100),60+ minutes,Valuation risk: stock may be expensive.,100,Yahoo Finance,2026-09-29,2026-09-29 18:35:19,128.49,22.9,0/3,High,68.89,53.3,74.6
DRI,"Darden Restaurants, Inc.",Consumer Cyclical,Restaurants,194.94,219.94,190.41,280.86,P/E (sector median 20x): $201.84 | EV/FCF (sector median 29x): $190.41 | DCF (FCFF/WACC): $238.03 | Dividend (DDM): $280.86,12.8,11.4,213.69,Research only,25.5,F,Tier 4 — Low Priority / Avoid,26.0,23.2,30.0,21.6,27.1,15.3,0.0,15.5,15.8,42.7,58.2,22.7,5.5,26.1,7.1,64.8,21.2,50.0,19.168142,15.724455,1.9045,1.6559182,14.345,30.11,4.61,5.22,8.85,21.66,9.85,16.03,7.64,13.34,57.26,55.43,7.65,9.87,5.1,-6.7,414.393,0.298,0.106,0.03,3.9,0.59,28.4,-23.9,3.29,59.42,-9.0,-2.7,1.0,4.2,-17.0,-12.1,0.41,0.47,General Watchlist,Low Priority / Avoid,High Risk — Needs Confirmation,Debt / Balance Sheet Risk,Fair value upside is positive (12.8%),Growth profile looks weak (22.7/100) | Financial strength looks weak (5.5/100) | Momentum is weak (26.1/100) | Relative strength is weak (7.1/100),60+ minutes,Financial risk: balance sheet metrics look weak.,100,Yahoo Finance,2026-09-29,2026-09-29 18:35:26,183.5,18.0,3/4,High,103.13,25.5,97.6
DDOG,"Datadog, Inc.",Technology,Software - Application,266.89,42.75,16.07,93.79,"P/E (sector median 32x): $16.07 | EV/FCF (sector median 31x): $93.79 | DCF (3-stage, CAPM): $42.75",-84.0,-524.4,282.9,Research only,59.9,F,Tier 4 — Low Priority / Avoid,65.1,51.4,68.1,54.1,57.8,49.9,40.0,50.4,22.4,61.0,15.2,95.0,98.8,73.0,100.0,35.3,56.2,50.0,523.3138,89.76373,1.2748,24.159357,1119.17,88.24,1.1,0.19,4.48,79.54,0.67,2.09,26.51,30.98,85.55,4.7,0.18,3.16,35.6,1498.5,29.259,3.205,3.1,3.9,-44.73,1.488,58.4,-48.6,,0.0,12.6,0.9,126.1,83.7,108.0,67.4,0.5,0.89,General Watchlist,Low Priority / Avoid,High Risk — Needs Confirmation,Valuation Risk,Strong growth profile (95.0/100) | Strong relative strength vs SPY (100.0/100),Valuation may be stretched (15.2/100) | Risk profile is elevated (35.3/100),60+ minutes,Outperforming SPY on relative strength. | Valuation risk: stock may be expensive. | Risk warning: volatility/drawdown risk is elevated.,100,Yahoo Finance,2026-09-29,2026-09-29 18:35:33,36.07,70.7,0/3,Low,0.0,77.5,85.2
DVA,DaVita Inc.,Healthcare,Medical Care Facilities,174.78,345.32,210.08,453.99,P/E (sector median 29x): $345.32 | EV/FCF (sector median 30x): $210.08 | DCF (FCFF/WACC): $453.99,97.6,49.4,223.72,Research only,40.1,F,Tier 4 — Low Priority / Avoid,41.2,37.6,45.0,35.4,40.1,29.9,2.5,26.9,25.5,56.4,85.3,52.9,17.5,37.8,50.5,45.8,44.3,50.0,14.799238,10.195458,0.4481,0.79594445,9.172,24.87,9.35,6.76,6.05,32.36,16.06,20.17,7.44,15.65,47.53,88.48,7.51,,5.2,55.8,1241.986,1.467,1.333,0.05,4.5,0.83,39.8,-41.4,,0.0,-0.7,-23.4,13.7,33.8,-4.3,17.5,0.49,0.52,Recovery Candidate,Low Priority / Avoid,High Risk — Needs Confirmation,Debt / Balance Sheet Risk,FCF yield looks attractive (9.35%) | Fair value upside is positive (97.6%),Financial strength looks weak (17.5/100) | Momentum is weak (37.8/100) | Debt/equity is high,60+ minutes,Strong free cash flow yield. | Financial risk: balance sheet metrics look weak.,100,Yahoo Finance,2026-09-29,2026-09-29 18:35:40,270.01,22.9,3/3,Medium,103.18,39.7,99.5
DECK,Deckers Outdoor Corporation,Consumer Cyclical,Footwear & Accessories,77.72,139.52,103.63,208.36,"P/E (sector median 20x): $139.52 | EV/FCF (sector median 29x): $208.36 | DCF (3-stage, CAPM): $103.63",79.5,44.3,99.48,Research only,60.5,D-,Tier 3 — Watchlist Only,73.9,63.1,21.3,82.2,59.4,69.1,50.0,62.4,96.8,78.5,91.6,30.1,99.9,1.2,0.0,45.6,43.6,50.0,11.054765,9.33444,0.9765,1.9147494,7.204,10.97,8.23,9.05,18.36,57.8,15.23,24.01,15.77,21.6,73.0,42.56,20.32,57.23,5.7,1.1,20.521,2.747,1.866,3.39,-0.85,1.15,49.1,-65.3,,0.0,-10.8,-22.5,-22.4,-24.8,-40.4,-41.1,0.52,0.0,"Recovery Candidate, Healthy Business",Watchlist Only,Watchlist / Research Later,Momentum Risk,High business health (82.2/100) | Strong cash-flow profile (78.5/100) | Strong quality profile (96.8/100) | FCF yield looks attractive (8.23%) | ROIC proxy is strong (57.23%),Growth profile looks weak (30.1/100) | Momentum is weak (1.2/100) | Relative strength is weak (0.0/100),60+ minutes,Strong free cash flow yield. | Strong ROIC proxy.,100,Yahoo Finance,2026-09-29,2026-09-29 18:35:46,126.85,18.0,3/3,Medium,73.22,62.9,99.6
DE,Deere & Company,Industrials,Farm & Heavy Construction Machinery,678.78,464.28,434.25,512.59,P/E (sector median 28x): $512.59 | EV/FCF (sector median 35x): $434.25 | DCF (FCFF/WACC): $464.28,-31.6,-46.2,719.51,Research only,39.0,F,Tier 4 — Low Priority / Avoid,36.9,28.8,58.8,33.8,39.2,22.0,15.0,25.3,35.6,35.7,26.0,38.8,26.9,62.2,72.9,61.0,35.3,50.0,37.710003,29.715052,1.5909,3.8186479,28.328,53.94,2.47,2.65,10.17,25.18,13.37,17.94,9.42,15.12,62.34,18.24,3.76,5.91,4.9,7.4,230.298,2.132,1.911,0.11,6.7,0.911,30.6,-19.9,0.94,36.02,3.6,8.1,20.8,47.6,2.8,31.3,0.35,0.89,General Watchlist,Low Priority / Avoid,High Risk — Needs Confirmation,Valuation Risk,No single dominant strength; needs manual research.,Valuation may be stretched (26.0/100) | Cash-flow profile looks weak (35.7/100) | Growth profile looks weak (38.8/100) | Financial strength looks weak (26.9/100),60+ minutes,Valuation risk: stock may be expensive. | Financial risk: balance sheet metrics look weak.,100,Yahoo Finance,2026-09-29,2026-09-29 18:35:53,485.43,27.0,0/3,High,74.26,24.5,70.4
DELL,Dell Technologies Inc.,Technology,Computer Hardware,540.21,273.73,224.44,540.95,"P/E (sector median 32x): $540.95 | EV/FCF (sector median 31x): $273.73 | DCF (3-stage, CAPM): $224.44",-49.3,-97.4,572.62,Research only,41.9,F,Tier 4 — Low Priority / Avoid,39.4,30.6,71.1,28.2,40.3,21.3,7.5,23.9,16.9,20.2,48.1,84.1,35.5,90.0,100.0,26.4,50.8,50.0,31.462435,18.552998,0.6458,2.2716877,20.83,61.2,1.76,3.18,7.52,19.91,12.02,11.72,3.99,8.04,49.65,,8.64,,57.7,272.9,,0.962,0.565,0.33,1.34,1.409,64.4,-50.1,0.46,13.44,18.5,27.2,230.7,308.5,212.6,292.2,0.4,0.9,General Watchlist,Low Priority / Avoid,High Risk — Needs Confirmation,Business Quality Risk,Strong growth profile (84.1/100) | Strong relative strength vs SPY (100.0/100),Cash-flow profile looks weak (20.2/100) | Financial strength looks weak (35.5/100) | Risk profile is elevated (26.4/100),60+ minutes,Outperforming SPY on relative strength. | Financial risk: balance sheet metrics look weak. | Risk warning: volatility/drawdown risk is elevated.,88,Yahoo Finance,2026-09-29,2026-09-29 18:36:00,1214.26,70.7,1/3,Medium,122.97,57.0,43.3
DAL,"Delta Air Lines, Inc.",Industrials,Airlines,84.5,166.42,115.1,171.72,P/E (sector median 28x): $171.72 | EV/FCF (sector median 35x): $115.10 | DCF (FCFF/WACC): $166.42,97.0,49.2,108.16,Research only,36.7,F,Tier 4 — Low Priority / Avoid,34.3,32.6,54.2,24.8,36.6,27.1,15.0,27.0,19.0,36.7,81.5,48.0,31.2,58.5,83.8,40.9,13.9,50.0,14.013267,10.245093,0.21,0.8137588,9.509,25.34,5.07,7.14,5.78,18.7,7.92,10.99,4.13,11.91,34.64,20.12,4.02,11.14,18.7,-25.4,96.649,0.424,0.267,0.22,2.19,1.291,45.1,-47.9,1.02,12.44,8.3,-9.0,27.8,48.2,9.7,31.8,0.37,0.77,General Watchlist,Low Priority / Avoid,High Risk — Needs Confirmation,Business Quality Risk,Strong relative strength vs SPY (83.8/100) | FCF yield looks attractive (5.07%) | ROIC proxy is strong (11.14%) | Fair value upside is positive (97.0%),Cash-flow profile looks weak (36.7/100) | Financial strength looks weak (31.2/100),60+ minutes,Outperforming SPY on relative strength. | Financial risk: balance sheet metrics look weak.,100,Yahoo Finance,2026-09-29,2026-09-29 18:36:07,162.62,27.0,3/3,High,6.18,42.1,92.0
DVN,Devon Energy Corporation,Energy,Oil & Gas E&P,46.48,49.64,11.03,272.51,"P/E (sector median 18x): $80.72 | EV/FCF (sector median 19x): $11.03 | DCF (3-stage, CAPM): $18.57 | Dividend (DDM): $272.51",6.8,6.4,49.26,Research only,43.7,F,Tier 4 — Low Priority / Avoid,47.9,37.5,50.7,36.1,44.2,31.7,2.5,28.8,18.3,29.9,55.4,85.4,42.8,45.9,34.1,71.5,68.1,50.0,10.103261,8.626274,2.9248,2.722033,6.986,79.66,1.53,9.9,17.46,50.35,41.08,47.52,4.17,45.54,9.15,11.52,5.91,11.98,64.2,44.0,28.488,0.717,0.584,0.08,1.23,0.426,38.1,-36.8,2.74,22.61,-3.6,16.2,-6.4,34.2,-24.4,17.9,0.35,0.76,General Watchlist,Low Priority / Avoid,Avoid for Now,Business Quality Risk,Strong growth profile (85.4/100) | ROIC proxy is strong (11.98%),Cash-flow profile looks weak (29.9/100) | Relative strength is weak (34.1/100),60+ minutes,No major signal,100,Yahoo Finance,2026-09-29,2026-09-29 18:36:14,76.43,16.6,2/4,Low,68.62,73.5,92.7
DXCM,"DexCom, Inc.",Healthcare,Medical Devices,86.25,73.98,32.03,81.86,"P/E (sector median 29x): $73.98 | EV/FCF (sector median 30x): $81.86 | DCF (3-stage, CAPM): $32.03",-14.2,-16.6,91.43,Research only,69.7,D+,Tier 3 — Watchlist Only,76.7,60.4,66.6,76.7,67.6,69.8,62.5,66.9,88.9,61.1,39.4,74.5,82.1,67.8,84.0,49.0,69.3,50.0,34.092884,27.609905,1.3487,6.5501995,22.92,31.49,3.14,2.93,20.12,62.47,24.33,28.24,20.55,35.19,58.4,38.49,10.33,46.08,13.1,43.6,53.346,1.733,1.37,1.39,-0.39,1.419,41.3,-39.6,,0.0,-5.3,25.3,37.3,29.8,19.3,13.5,0.34,0.84,General Watchlist,Watchlist Only,Watchlist / Research Later,Valuation Risk,High business health (76.7/100) | Strong quality profile (88.9/100) | Strong relative strength vs SPY (84.0/100) | ROIC proxy is strong (46.08%),Valuation may be stretched (39.4/100),30 minutes,Strong ROIC proxy. | Outperforming SPY on relative strength.,100,Yahoo Finance,2026-09-29,2026-09-29 18:36:20,57.84,22.9,0/3,Medium,104.17,75.8,95.9
FANG,"Diamondback Energy, Inc.",Energy,Oil & Gas E&P,183.5,326.8,92.12,934.6,"P/E (sector median 18x): $92.12 | EV/FCF (sector median 19x): $249.11 | DCF (3-stage, CAPM): $404.50 | Dividend (DDM): $934.60",78.1,43.9,234.88,Research only,63.2,D,Tier 3 — Watchlist Only,73.1,63.3,46.8,65.3,63.1,62.1,25.0,54.3,60.5,87.4,62.9,97.5,43.8,35.7,31.1,70.9,67.5,50.0,34.95238,9.780183,22.2883,3.1624584,5.951,13.92,9.8,2.86,9.03,72.35,48.47,72.5,30.99,62.43,49.65,3.49,1.31,12.45,52.5,179.5,28.678,0.467,0.421,0.04,1.03,0.414,36.3,-39.5,2.38,79.05,-8.5,7.3,-6.2,30.9,-24.2,14.6,0.3,0.64,General Watchlist,Watchlist Only,Watchlist / Research Later,Momentum Risk,Strong cash-flow profile (87.4/100) | Strong growth profile (97.5/100) | FCF yield looks attractive (9.8%) | ROIC proxy is strong (12.45%) | Fair value upside is positive (78.1%),Momentum is weak (35.7/100) | Relative strength is weak (31.1/100),60+ minutes,Strong free cash flow yield. | Strong ROIC proxy.,100,Yahoo Finance,2026-09-29,2026-09-29 18:36:27,87.22,16.6,3/4,Low,69.24,90.5,92.7
DLR,"Digital Realty Trust, Inc.",Real Estate,REIT - Specialty,175.75,202.46,62.05,351.5,P/E (sector median 30x): $62.05 | EV/FCF (sector median 30x): $227.63 | DCF (FCFF/WACC): $177.28 | Dividend (DDM): $351.50,15.2,13.2,195.78,Research only,48.5,F,Tier 4 — Low Priority / Avoid,55.5,47.5,38.0,50.1,49.1,35.1,15.0,36.1,35.4,86.6,17.0,68.4,23.4,31.0,9.0,69.6,56.9,50.0,85.31554,63.629585,11.7208,9.823005,26.967,22.97,5.68,1.17,11.82,56.99,25.88,47.51,55.77,43.91,127.01,2.91,1.48,3.04,29.9,-58.7,67.944,0.89,0.889,0.1,5.66,1.037,27.7,-29.4,2.75,238.05,-4.7,0.4,-1.2,6.3,-19.2,-10.0,0.58,0.55,General Watchlist,Low Priority / Avoid,High Risk — Needs Confirmation,Valuation Risk,Strong cash-flow profile (86.6/100) | FCF yield looks attractive (5.68%) | Fair value upside is positive (15.2%),Valuation may be stretched (17.0/100) | Financial strength looks weak (23.4/100) | Momentum is weak (31.0/100) | Relative strength is weak (9.0/100),60+ minutes,Valuation risk: stock may be expensive. | Financial risk: balance sheet metrics look weak.,100,Yahoo Finance,2026-09-29,2026-09-29 18:36:34,175.75,85.3,3/4,Low,195.94,63.4,90.1
DG,Dollar General Corporation,Consumer Defensive,Discount Stores,122.97,152.36,106.87,224.16,P/E (sector median 23x): $178.72 | EV/FCF (sector median 25x): $126.01 | DCF (FCFF/WACC): $224.16 | Dividend (DDM): $106.87,23.9,19.3,145.02,Research only,44.0,F,Tier 4 — Low Priority / Avoid,47.4,41.6,41.4,44.7,44.4,30.3,2.5,28.9,66.7,42.9,69.6,47.5,15.1,42.9,25.4,59.6,38.0,50.0,15.97013,14.835951,1.6026,0.6216886,11.62,23.95,6.41,6.26,3.9,31.16,6.81,8.21,3.98,7.6,52.41,19.69,4.89,10.01,5.2,33.3,169.811,1.209,0.229,0.1,3.96,0.235,36.2,-34.6,1.9,30.65,-3.0,7.3,4.6,21.9,-13.4,5.6,0.52,0.47,General Watchlist,Low Priority / Avoid,High Risk — Needs Confirmation,Debt / Balance Sheet Risk,FCF yield looks attractive (6.41%) | ROIC proxy is strong (10.01%) | Fair value upside is positive (23.9%),Financial strength looks weak (15.1/100) | Relative strength is weak (25.4/100),60+ minutes,Strong free cash flow yield. | Financial risk: balance sheet metrics look weak.,100,Yahoo Finance,2026-09-29,2026-09-29 18:36:41,134.2,17.4,3/4,Medium,109.43,37.4,96.8
DLTR,"Dollar Tree, Inc.",Consumer Defensive,Discount Stores,113.32,189.39,102.84,195.53,P/E (sector median 23x): $189.39 | EV/FCF (sector median 25x): $102.84 | DCF (FCFF/WACC): $195.53,67.1,40.2,145.05,Research only,46.4,F,Tier 4 — Low Priority / Avoid,52.3,47.0,34.1,50.4,46.4,33.6,15.0,34.8,87.3,38.9,69.4,50.8,15.3,27.8,22.3,49.1,35.2,50.0,13.887255,14.321697,1.4117,1.059474,11.335,27.04,4.94,7.2,8.04,37.18,6.21,12.48,5.23,15.53,33.67,46.03,8.26,9.81,7.0,197.2,223.945,1.134,0.32,0.14,2.64,0.662,42.1,-38.5,,0.0,-10.5,-6.5,3.5,20.3,-14.6,4.0,0.42,0.5,General Watchlist,Low Priority / Avoid,High Risk — Needs Confirmation,Debt / Balance Sheet Risk,Strong quality profile (87.3/100) | Fair value upside is positive (67.1%),Cash-flow profile looks weak (38.9/100) | Financial strength looks weak (15.3/100) | Momentum is weak (27.8/100) | Relative strength is weak (22.3/100),60+ minutes,Financial risk: balance sheet metrics look weak.,100,Yahoo Finance,2026-09-29,2026-09-29 18:36:48,142.21,17.4,2/3,Medium,61.5,39.2,97.8
D,"Dominion Energy, Inc.",Utilities,Utilities - Regulated Electric,60.6,316.26,57.97,574.55,P/E (sector median 20x): $57.97 | Dividend (DDM): $574.55,421.8,80.8,77.57,Research only,29.5,F,Tier 4 — Low Priority / Avoid,30.9,27.9,32.7,23.8,31.5,9.9,0.0,15.5,27.0,24.8,51.1,41.8,7.5,22.6,6.7,78.5,33.5,50.0,20.970587,15.889183,2.3776,2.941866,13.467,,-17.22,4.77,13.98,46.22,29.22,46.03,-50.67,29.74,-170.37,8.28,3.04,5.13,17.6,-58.0,160.459,0.809,0.317,0.01,6.43,0.622,21.9,-16.6,4.43,92.39,-7.3,-9.7,0.0,3.7,-18.0,-12.6,0.46,0.34,General Watchlist,Low Priority / Avoid,High Risk — Needs Confirmation,Debt / Balance Sheet Risk,Fair value upside is positive (421.8%),Cash-flow profile looks weak (24.8/100) | Financial strength looks weak (7.5/100) | Momentum is weak (22.6/100) | Relative strength is weak (6.7/100),60+ minutes,Financial risk: balance sheet metrics look weak.,100,Yahoo Finance,2026-09-29,2026-09-29 18:36:54,55.01,19.0,1/2,Low,109.27,38.0,92.3
DPZ,Domino's Pizza Inc,Consumer Cyclical,Restaurants,298.61,334.7,179.1,374.81,P/E (sector median 20x): $350.28 | EV/FCF (sector median 29x): $319.12 | DCF (FCFF/WACC): $374.81 | Dividend (DDM): $179.10,12.1,10.8,325.68,Research only,37.7,F,Tier 4 — Low Priority / Avoid,43.1,36.5,25.8,44.1,38.3,28.5,2.5,26.1,51.1,53.2,66.9,29.5,22.2,10.6,0.0,58.8,42.2,50.0,16.91842,14.312795,1.354,1.9647781,14.291,27.52,5.38,5.91,11.86,28.71,19.08,20.36,10.57,15.47,68.33,,33.89,,4.3,6.8,,1.538,0.795,0.03,4.84,0.946,29.2,-41.8,2.72,42.29,-12.2,-1.2,-15.7,-29.8,-33.8,-46.1,0.57,0.12,General Watchlist,Low Priority / Avoid,High Risk — Needs Confirmation,Momentum Risk,FCF yield looks attractive (5.38%) | Fair value upside is positive (12.1%),Growth profile looks weak (29.5/100) | Financial strength looks weak (22.2/100) | Momentum is weak (10.6/100) | Relative strength is weak (0.0/100),60+ minutes,Financial risk: balance sheet metrics look weak.,88,Yahoo Finance,2026-09-29,2026-09-29 18:37:01,318.46,18.0,3/4,Medium,93.83,39.1,99.7
DASH,"DoorDash, Inc.",Consumer Cyclical,Internet Retail,187.07,182.92,37.91,376.28,"P/E (sector median 20x): $37.91 | EV/FCF (sector median 29x): $376.28 | DCF (3-stage, CAPM): $182.92",-2.2,-2.3,198.3,Research only,55.2,F,Tier 4 — Low Priority / Avoid,65.4,54.3,35.7,63.0,53.8,53.4,27.5,48.3,53.6,83.6,47.1,60.2,79.4,29.0,33.9,36.6,37.1,50.0,97.94502,22.970928,1.0488,5.1009507,52.413,14.62,6.35,1.02,5.29,52.23,3.86,9.04,32.39,17.81,181.89,8.89,2.97,6.15,35.6,-30.0,33.276,1.368,1.083,1.62,-1.42,1.788,43.6,-48.0,,0.0,-19.3,-1.0,24.6,-31.3,6.6,-47.7,0.68,0.3,General Watchlist,Low Priority / Avoid,High Risk — Needs Confirmation,Momentum Risk,Strong cash-flow profile (83.6/100) | FCF yield looks attractive (6.35%),Momentum is weak (29.0/100) | Relative strength is weak (33.9/100) | Risk profile is elevated (36.6/100),60+ minutes,Strong free cash flow yield. | Risk warning: volatility/drawdown risk is elevated.,100,Yahoo Finance,2026-09-29,2026-09-29 18:37:08,34.46,18.0,1/3,Low,,64.6,87.7
DOV,Dover Corporation,Industrials,Specialty Industrial Machinery,189.3,216.97,116.73,235.51,"P/E (sector median 28x): $235.51 | EV/FCF (sector median 35x): $216.97 | DCF (3-stage, CAPM): $116.73",14.6,12.8,210.05,Research only,43.2,F,Tier 4 — Low Priority / Avoid,49.0,39.4,36.6,46.1,43.9,44.1,12.5,36.0,32.1,45.7,58.2,44.2,68.8,23.1,16.6,71.9,48.4,50.0,22.889963,16.26452,1.4696,3.027703,14.297,30.11,3.56,4.37,13.48,40.09,18.69,22.67,10.76,16.51,65.19,14.91,7.06,13.5,6.9,14.1,42.316,1.979,1.31,0.54,0.79,1.146,26.4,-26.6,1.1,25.15,-2.5,-12.6,-8.7,14.8,-26.8,-1.6,0.42,0.41,General Watchlist,Low Priority / Avoid,Avoid for Now,Momentum Risk,ROIC proxy is strong (13.5%) | Fair value upside is positive (14.6%),Momentum is weak (23.1/100) | Relative strength is weak (16.6/100),60+ minutes,Strong ROIC proxy.,100,Yahoo Finance,2026-09-29,2026-09-29 18:37:15,223.03,27.0,2/3,Medium,46.74,50.6,97.0
DOW,Dow Inc.,Basic Materials,Chemicals,27.49,35.87,6.9,295.32,EV/FCF (sector median 39x): $6.90 | DCF (FCFF/WACC): $35.87 | Dividend (DDM): $295.32,30.5,23.4,33.77,Research only,28.6,F,Tier 4 — Low Priority / Avoid,31.1,27.9,32.7,18.5,29.3,11.2,0.0,15.6,11.7,11.3,40.2,57.7,33.0,24.4,26.7,49.4,25.0,50.0,,15.679094,38.8911,0.4805815,9.299,155.09,1.2,,-3.13,9.79,11.59,9.59,0.58,9.36,6.15,-5.54,1.3,12.18,19.7,,111.913,1.749,0.894,0.22,3.84,0.424,44.5,-60.0,5.02,700.0,-9.9,2.9,-32.6,26.0,-50.6,9.7,0.45,0.37,General Watchlist,Low Priority / Avoid,High Risk — Needs Confirmation,Cash Flow Risk,ROIC proxy is strong (12.18%) | Fair value upside is positive (30.5%),Cash-flow profile looks weak (11.3/100) | Financial strength looks weak (33.0/100) | Momentum is weak (24.4/100) | Relative strength is weak (26.7/100),60+ minutes,Strong ROIC proxy. | Financial risk: balance sheet metrics look weak.,88,Yahoo Finance,2026-09-29,2026-09-29 18:37:21,,42.3,2/3,Low,252.08,40.2,98.0
DHI,"D.R. Horton, Inc.",Consumer Cyclical,Residential Construction,139.12,205.01,116.89,220.99,"P/E (sector median 20x): $205.01 | EV/FCF (sector median 29x): $220.99 | DCF (3-stage, CAPM): $116.89",47.4,32.1,178.07,Research only,36.5,F,Tier 4 — Low Priority / Avoid,40.6,35.9,25.9,43.1,37.1,40.6,25.0,35.5,35.2,52.9,79.0,12.2,60.3,20.4,0.0,54.7,27.1,50.0,13.467569,11.962361,1.1788,1.1667778,10.828,18.51,6.2,7.43,9.15,21.3,12.99,12.38,7.24,10.05,72.0,12.63,6.88,11.87,0.0,-4.8,29.451,6.011,0.423,0.29,1.24,1.371,36.4,-40.5,1.29,16.68,-3.8,-11.2,2.0,-17.1,-16.0,-33.4,0.61,0.18,Recovery Candidate,Low Priority / Avoid,Avoid for Now,Growth Risk,FCF yield looks attractive (6.2%) | ROIC proxy is strong (11.87%) | Fair value upside is positive (47.4%),Growth profile looks weak (12.2/100) | Momentum is weak (20.4/100) | Relative strength is weak (0.0/100),45 minutes,Strong free cash flow yield.,100,Yahoo Finance,2026-09-29,2026-09-29 18:37:28,186.39,18.0,2/3,Medium,53.21,32.7,94.8
DTE,DTE Energy Company,Utilities,Utilities - Regulated Electric,122.06,94.79,62.82,126.77,P/E (sector median 20x): $126.77 | Dividend (DDM): $62.82,-22.3,-28.8,129.38,Research only,21.8,F,Tier 4 — Low Priority / Avoid,23.4,17.8,25.9,18.6,23.7,3.1,0.0,9.6,22.5,18.6,57.7,25.9,0.0,9.9,0.0,72.5,30.4,50.0,19.31329,14.592414,1.6757,1.5426193,14.638,,-10.22,5.18,8.0,29.35,13.62,21.97,-15.77,20.4,-77.3,11.03,2.77,4.44,-1.5,22.4,229.06,0.802,0.395,0.0,7.69,0.388,17.6,-21.0,3.86,72.55,-9.2,-18.2,-15.1,-10.4,-33.1,-26.7,0.97,0.04,General Watchlist,Low Priority / Avoid,High Risk — Needs Confirmation,Debt / Balance Sheet Risk,No single dominant strength; needs manual research.,Cash-flow profile looks weak (18.6/100) | Growth profile looks weak (25.9/100) | Financial strength looks weak (0.0/100) | Momentum is weak (9.9/100),60+ minutes,Financial risk: balance sheet metrics look weak.,100,Yahoo Finance,2026-09-29,2026-09-29 18:37:35,120.31,19.0,1/2,Medium,58.32,19.9,97.1
DUK,Duke Energy Corporation (Holdin,Utilities,Utilities - Regulated Electric,113.92,100.96,68.93,132.98,P/E (sector median 20x): $132.98 | Dividend (DDM): $68.93,-11.4,-12.8,120.76,Research only,34.6,F,Tier 4 — Low Priority / Avoid,38.2,29.4,31.2,39.4,36.1,14.0,0.0,18.5,68.1,25.0,56.5,25.1,7.2,18.0,0.0,82.6,39.4,50.0,17.183258,15.886086,2.1261,2.70791,11.015,,-5.04,5.82,16.0,51.97,27.5,50.66,-13.65,35.25,-38.72,9.86,2.84,4.91,1.1,10.6,162.155,0.661,0.259,0.01,5.51,0.364,17.0,-13.7,3.83,64.16,-5.0,-8.6,-11.5,-4.0,-29.5,-20.3,0.64,0.14,General Watchlist,Low Priority / Avoid,High Risk — Needs Confirmation,Debt / Balance Sheet Risk,No single dominant strength; needs manual research.,Cash-flow profile looks weak (25.0/100) | Growth profile looks weak (25.1/100) | Financial strength looks weak (7.2/100) | Momentum is weak (18.0/100),60+ minutes,Financial risk: balance sheet metrics look weak.,100,Yahoo Finance,2026-09-29,2026-09-29 18:37:42,126.2,19.0,1/2,Medium,89.9,29.8,86.3
DD,"DuPont de Nemours, Inc.",Basic Materials,Specialty Chemicals,129.81,133.23,43.15,481.82,"P/E (sector median 29x): $68.22 | EV/FCF (sector median 39x): $481.82 | DCF (3-stage, CAPM): $198.25 | Dividend (DDM): $43.15",2.6,2.6,137.6,Research only,56.7,F,Tier 4 — Low Priority / Avoid,65.0,52.7,45.3,62.4,56.4,62.2,37.5,54.0,35.0,90.6,61.5,61.5,78.8,33.5,36.2,66.1,58.7,50.0,55.71245,16.298042,1.72,2.5085757,12.153,10.48,10.47,1.79,0.79,35.13,14.24,22.65,26.26,17.1,153.58,1.79,2.07,5.17,4.0,149.6,22.902,2.427,1.636,0.55,0.91,1.085,32.0,-37.5,1.83,130.04,-3.6,-5.8,-4.7,36.6,-22.8,20.3,0.35,0.63,General Watchlist,Low Priority / Avoid,Watchlist / Research Later,Momentum Risk,Strong cash-flow profile (90.6/100) | FCF yield looks attractive (10.47%),Momentum is weak (33.5/100) | Relative strength is weak (36.2/100),30 minutes,Strong free cash flow yield.,100,Yahoo Finance,2026-09-29,2026-09-29 18:37:48,98.51,42.3,2/4,Low,970.33,48.5,98.4
ETN,"Eaton Corporation, PLC",Industrials,Specialty Industrial Machinery,433.22,246.7,157.93,280.22,P/E (sector median 28x): $280.22 | EV/FCF (sector median 35x): $246.70 | DCF (FCFF/WACC): $157.93,-43.1,-75.6,459.21,Research only,35.1,F,Tier 4 — Low Priority / Avoid,35.0,27.4,51.0,27.0,35.3,18.1,0.0,19.2,14.2,35.3,15.5,53.8,29.0,57.5,50.1,54.4,37.0,50.0,44.02642,26.878641,2.6662,5.603898,28.353,60.6,1.85,2.27,12.75,36.02,16.56,22.11,10.34,16.49,62.75,19.68,7.05,9.61,21.4,-15.9,105.059,1.24,0.704,0.03,3.11,1.168,37.8,-34.5,1.02,43.58,7.8,5.3,21.8,19.3,3.7,3.0,0.45,0.82,General Watchlist,Low Priority / Avoid,High Risk — Needs Confirmation,Business Quality Risk,No single dominant strength; needs manual research.,Valuation may be stretched (15.5/100) | Cash-flow profile looks weak (35.3/100) | Financial strength looks weak (29.0/100),60+ minutes,Valuation risk: stock may be expensive. | Financial risk: balance sheet metrics look weak.,100,Yahoo Finance,2026-09-29,2026-09-29 18:37:55,265.37,27.0,0/3,Medium,76.93,47.4,72.9
EBAY,eBay Inc.,Consumer Cyclical,Internet Retail,106.12,94.67,44.0,95.56,"P/E (sector median 20x): $94.67 | EV/FCF (sector median 29x): $95.56 | DCF (3-stage, CAPM): $44.00",-10.8,-12.1,112.49,Research only,59.3,F,Tier 4 — Low Priority / Avoid,67.3,53.7,49.3,66.6,58.2,53.9,15.0,46.1,96.3,49.6,55.2,70.7,38.2,44.8,41.8,54.9,64.4,50.0,22.24738,15.80917,1.5617,3.932662,16.663,32.66,3.35,4.49,18.57,72.05,21.57,25.78,13.15,25.28,52.03,46.61,9.15,24.08,14.8,55.0,153.012,1.019,0.915,0.46,1.24,1.339,35.0,-20.7,1.16,25.21,2.5,-4.3,17.3,17.9,-0.8,1.6,0.36,0.69,General Watchlist,Low Priority / Avoid,High Risk — Needs Confirmation,Debt / Balance Sheet Risk,Strong quality profile (96.3/100) | ROIC proxy is strong (24.08%),Financial strength looks weak (38.2/100),60+ minutes,Strong ROIC proxy. | Financial risk: balance sheet metrics look weak.,100,Yahoo Finance,2026-09-29,2026-09-29 18:38:02,86.07,18.0,0/3,Medium,216.7,71.7,93.4
ECHO,EchoStar Corporation,Communication Services,Telecom Services,89.59,89.59,,,,0.0,0.0,94.97,Research only,19.9,F,Tier 4 — Low Priority / Avoid,19.2,14.8,30.9,14.9,20.2,0.0,0.0,7.2,0.3,12.5,57.1,20.8,27.0,25.5,22.8,35.9,31.2,50.0,,3.9414868,1.33,1.7779665,21.64,,-72.43,,-38.71,29.54,14.28,13.57,-128.77,-0.58,,-33.43,1.32,5.29,-4.0,,123.757,5.201,0.367,0.03,8.59,1.009,86.2,-48.8,,0.0,3.6,-11.2,-23.5,21.6,-41.5,5.3,0.66,0.3,General Watchlist,Low Priority / Avoid,High Risk — Needs Confirmation,Business Quality Risk,No single dominant strength; needs manual research.,Cash-flow profile looks weak (12.5/100) | Growth profile looks weak (20.8/100) | Financial strength looks weak (27.0/100) | Momentum is weak (25.5/100),60+ minutes,Financial risk: balance sheet metrics look weak. | Risk warning: volatility/drawdown risk is elevated.,88,Yahoo Finance,2026-09-29,2026-09-29 18:38:09,,,,,,17.5,97.0
ECL,Ecolab Inc.,Basic Materials,Specialty Chemicals,277.87,182.51,171.02,218.42,P/E (sector median 29x): $218.42 | EV/FCF (sector median 39x): $182.51 | DCF (FCFF/WACC): $171.02,-34.3,-52.2,294.54,Research only,43.8,F,Tier 4 — Low Priority / Avoid,49.9,38.8,36.8,49.1,44.5,34.9,0.0,29.7,69.6,31.9,23.0,38.2,48.9,35.2,9.1,75.0,34.7,50.0,37.24799,29.52731,2.4937,4.624902,21.126,59.24,1.89,2.68,12.57,44.21,18.52,24.55,8.76,18.15,48.25,21.96,7.23,13.08,9.7,3.3,138.023,1.841,1.501,0.37,2.12,0.89,20.7,-20.1,1.04,38.12,-1.6,0.1,5.0,2.9,-13.0,-13.4,0.39,0.54,General Watchlist,Low Priority / Avoid,Avoid for Now,Valuation Risk,ROIC proxy is strong (13.08%),Valuation may be stretched (23.0/100) | Cash-flow profile looks weak (31.9/100) | Growth profile looks weak (38.2/100) | Momentum is weak (35.2/100),60+ minutes,Strong ROIC proxy. | Valuation risk: stock may be expensive.,100,Yahoo Finance,2026-09-29,2026-09-29 18:38:15,315.4,42.3,0/3,High,73.44,43.2,88.2
EIX,Edison International,Utilities,Utilities - Regulated Electric,52.98,45.03,1.35,194.36,P/E (sector median 20x): $194.36 | EV/FCF (rate-anchored 20x): $1.35 | DCF (FCFF/WACC): $41.89 | Dividend (DDM): $48.17,-15.0,-17.6,56.15,Research only,36.8,F,Tier 4 — Low Priority / Avoid,41.9,32.7,28.4,44.5,36.8,15.7,0.0,20.1,80.0,22.0,59.6,33.2,0.8,13.9,4.4,49.8,54.4,50.0,5.466976,8.146365,2.3775,1.0495557,7.251,786.06,0.4,18.29,19.28,61.0,26.9,45.98,0.42,32.9,1.29,19.73,4.09,6.79,-4.1,55.1,228.042,0.662,0.28,0.01,4.85,0.614,35.5,-43.9,6.82,35.71,-1.9,-27.1,-25.9,1.2,-43.9,-15.1,0.52,0.09,General Watchlist,Low Priority / Avoid,High Risk — Needs Confirmation,Debt / Balance Sheet Risk,Strong quality profile (80.0/100),Cash-flow profile looks weak (22.0/100) | Growth profile looks weak (33.2/100) | Financial strength looks weak (0.8/100) | Momentum is weak (13.9/100),60+ minutes,Financial risk: balance sheet metrics look weak.,100,Yahoo Finance,2026-09-29,2026-09-29 18:38:23,184.48,19.0,1/4,Low,82.41,32.8,97.9
EW,Edwards Lifesciences Corporatio,Healthcare,Medical Devices,86.38,46.59,46.28,65.54,"P/E (sector median 27x): $46.28 | EV/FCF (sector median 29x): $65.54 | DCF (3-stage, CAPM): $46.59",-46.1,-85.4,91.56,Research only,61.8,D-,Tier 3 — Watchlist Only,72.9,56.3,41.9,75.2,62.0,58.1,25.0,51.6,90.4,55.2,26.9,47.8,100.0,29.9,19.0,89.2,48.7,50.0,50.808823,25.576374,1.8519,7.6450024,23.702,38.4,2.48,1.97,15.43,77.84,29.84,30.66,18.92,26.42,71.64,9.18,8.37,21.73,13.6,-25.4,6.568,4.522,3.454,6.04,-1.78,0.852,25.0,-13.2,,0.0,-4.8,-8.5,6.3,11.1,-11.3,-5.3,0.7,0.61,General Watchlist,Watchlist Only,Watchlist / Research Later,Valuation Risk,High business health (75.2/100) | Strong quality profile (90.4/100) | ROIC proxy is strong (21.73%),Valuation may be stretched (26.9/100) | Momentum is weak (29.9/100) | Relative strength is weak (19.0/100),60+ minutes,Strong ROIC proxy. | Valuation risk: stock may be expensive.,100,Yahoo Finance,2026-09-30,2026-09-30 18:20:47,29.51,17.4,0/3,High,57.1,68.7,92.9
ELV,"Elevance Health, Inc.",Healthcare,Healthcare Plans,392.7,488.57,109.22,625.05,"P/E (sector median 27x): $615.79 | EV/FCF (sector median 29x): $625.05 | DCF (3-stage, CAPM): $361.34 | Dividend (DDM): $109.22",24.4,19.6,464.6,Research only,43.0,F,Tier 4 — Low Priority / Avoid,43.0,36.7,50.4,43.5,43.4,45.5,37.5,41.6,48.5,36.3,74.7,15.2,75.7,48.8,72.0,63.2,11.5,43.5,17.360743,13.294037,1.3035,0.42346418,9.471,18.31,5.06,5.76,2.47,25.99,4.56,4.14,2.14,3.71,57.7,11.13,3.83,18.85,1.4,-13.1,68.953,1.518,1.374,1.21,-0.78,0.696,36.0,-46.5,1.75,30.34,-2.1,-5.6,32.7,24.0,15.0,7.6,0.47,0.78,Recovery Candidate,Low Priority / Avoid,Avoid for Now,Growth Risk,FCF yield looks attractive (5.06%) | ROIC proxy is strong (18.85%) | Fair value upside is positive (24.4%),Cash-flow profile looks weak (36.3/100) | Growth profile looks weak (15.2/100),45 minutes,Strong ROIC proxy.,100,Yahoo Finance,2026-09-30,2026-09-30 18:20:54,392.7,17.4,2/4,Low,68.73,35.3,87.0
EME,"EMCOR Group, Inc.",Industrials,Engineering & Construction,757.34,839.2,636.42,8808.45,"P/E (sector median 28x): $915.83 | EV/FCF (sector median 34x): $762.56 | DCF (3-stage, CAPM): $636.42 | Dividend (DDM): $8,808.45",10.8,9.8,818.73,Research only,49.9,F,Tier 4 — Low Priority / Avoid,57.1,45.2,45.2,50.0,49.6,49.7,27.5,44.2,39.8,32.6,58.6,71.8,82.1,38.4,18.4,60.1,57.6,76.0,23.54913,20.60846,0.3108,1.7962468,16.698,33.98,2.93,4.25,7.74,19.43,10.62,10.7,5.26,6.94,75.85,40.35,12.03,42.27,19.8,34.8,13.432,1.277,1.232,1.69,-0.19,1.13,42.7,-36.2,21.0,4.05,3.0,-2.2,-0.2,16.8,-17.8,0.5,0.38,0.49,General Watchlist,Low Priority / Avoid,Avoid for Now,Cash Flow Risk,Positive news sentiment (76.0/100) | ROIC proxy is strong (42.27%) | Fair value upside is positive (10.8%),Cash-flow profile looks weak (32.6/100) | Momentum is weak (38.4/100) | Relative strength is weak (18.4/100),45 minutes,Strong ROIC proxy.,100,Yahoo Finance,2026-09-30,2026-09-30 18:21:00,845.8,26.3,3/4,Low,60.63,61.4,95.7
EMR,Emerson Electric Company,Industrials,Specialty Industrial Machinery,156.54,130.43,94.37,199.79,P/E (sector median 28x): $130.43 | EV/FCF (sector median 34x): $199.79 | DCF (FCFF/WACC): $94.37,-16.7,-20.0,165.94,Research only,58.5,F,Tier 4 — Low Priority / Avoid,62.8,49.7,58.8,64.7,57.7,55.6,40.0,51.8,75.0,67.8,47.7,58.6,36.3,61.0,48.3,63.0,71.2,55.5,34.18013,21.535648,1.7818,4.685598,16.399,26.8,4.24,2.93,13.83,53.16,26.92,32.51,19.89,20.99,94.74,12.8,6.9,12.39,7.0,23.0,67.677,0.896,0.618,0.16,1.92,1.233,31.3,-29.6,1.41,47.98,6.0,13.0,19.1,21.2,1.5,4.9,0.8,0.82,General Watchlist,Low Priority / Avoid,High Risk — Needs Confirmation,Debt / Balance Sheet Risk,Strong quality profile (75.0/100) | ROIC proxy is strong (12.39%),Financial strength looks weak (36.3/100),45 minutes,Strong ROIC proxy. | Financial risk: balance sheet metrics look weak.,100,Yahoo Finance,2026-09-30,2026-09-30 18:21:07,120.45,26.3,1/3,Medium,116.91,58.8,86.6
ETR,Entergy Corporation,Utilities,Utilities - Regulated Electric,99.5,123.1,76.94,169.25,P/E (sector median 20x): $76.94 | Dividend (DDM): $169.25,23.7,19.2,117.2,Research only,25.8,F,Tier 4 — Low Priority / Avoid,26.0,23.0,30.9,21.7,27.8,7.4,0.0,12.8,25.2,25.0,52.9,25.1,5.5,16.8,11.7,75.1,27.8,50.0,25.447569,19.492987,1.524,3.5260391,14.018,,-9.26,3.93,13.33,47.0,24.46,41.08,-32.64,45.06,-72.45,10.25,2.68,5.27,5.9,-1.9,186.77,0.912,0.618,0.11,5.56,0.481,23.9,-15.9,2.57,64.45,-7.0,-13.0,-11.4,9.4,-29.0,-6.9,0.4,0.37,General Watchlist,Low Priority / Avoid,High Risk — Needs Confirmation,Debt / Balance Sheet Risk,Fair value upside is positive (23.7%),Cash-flow profile looks weak (25.0/100) | Growth profile looks weak (25.1/100) | Financial strength looks weak (5.5/100) | Momentum is weak (16.8/100),60+ minutes,Financial risk: balance sheet metrics look weak.,100,Yahoo Finance,2026-09-30,2026-09-30 18:21:14,78.36,20.0,1/2,Medium,61.79,27.2,93.3
EOG,"EOG Resources, Inc.",Energy,Oil & Gas E&P,138.96,236.17,153.56,868.3,"P/E (sector median 17x): $218.26 | EV/FCF (sector median 19x): $153.56 | DCF (3-stage, CAPM): $254.08 | Dividend (DDM): $868.30",70.0,41.2,177.86,Research only,65.3,D,Tier 3 — Watchlist Only,75.2,62.5,50.6,69.3,65.4,65.1,50.0,62.0,62.3,67.7,84.3,92.1,76.7,39.7,28.7,83.9,76.2,50.0,10.813619,9.312476,1.3513,2.7276657,5.284,17.1,6.14,9.25,25.73,62.64,40.72,54.25,16.76,49.99,33.53,22.51,11.02,24.45,58.7,109.4,25.891,1.851,1.581,0.59,0.23,0.272,29.1,-23.7,2.92,31.4,-6.3,7.0,0.5,28.2,-17.2,11.9,0.62,0.73,Recovery Candidate,Watchlist Only,Watchlist / Research Later,Momentum Risk,Strong growth profile (92.1/100) | FCF yield looks attractive (6.14%) | ROIC proxy is strong (24.45%) | Fair value upside is positive (70.0%),Momentum is weak (39.7/100) | Relative strength is weak (28.7/100),45 minutes,Strong free cash flow yield. | Strong ROIC proxy.,100,Yahoo Finance,2026-09-30,2026-09-30 18:21:20,142.53,11.1,4/4,Low,73.86,92.1,89.0
EQT,EQT Corporation,Energy,Oil & Gas E&P,49.0,69.52,57.37,73.21,"P/E (sector median 17x): $73.21 | EV/FCF (sector median 19x): $57.37 | DCF (3-stage, CAPM): $69.52",41.9,29.5,62.72,Research only,48.3,F,Tier 4 — Low Priority / Avoid,55.3,48.8,27.9,60.1,49.4,52.0,25.0,44.7,64.6,84.5,83.2,20.9,46.0,10.6,0.0,79.0,35.6,50.0,11.36891,13.030459,1.4894,3.297886,5.678,16.14,8.03,8.8,29.18,80.75,23.37,75.27,26.48,67.21,39.4,11.08,6.63,5.57,-3.9,-74.0,19.595,0.673,0.542,0.02,0.79,0.576,34.9,-27.9,1.35,15.14,-11.9,-6.6,-19.3,-8.9,-36.9,-25.3,0.49,0.02,Recovery Candidate,Low Priority / Avoid,Avoid for Now,Momentum Risk,Strong cash-flow profile (84.5/100) | FCF yield looks attractive (8.03%) | Fair value upside is positive (41.9%),Growth profile looks weak (20.9/100) | Momentum is weak (10.6/100) | Relative strength is weak (0.0/100),60+ minutes,Strong free cash flow yield.,100,Yahoo Finance,2026-09-30,2026-09-30 18:21:27,47.8,11.1,3/3,High,28.91,52.5,96.2
EFX,"Equifax, Inc.",Industrials,Consulting Services,137.21,161.35,83.4,202.33,P/E (sector median 28x): $162.04 | EV/FCF (sector median 34x): $202.33 | DCF (FCFF/WACC): $160.65 | Dividend (DDM): $83.40,17.6,15.0,155.31,Research only,41.9,F,Tier 4 — Low Priority / Avoid,50.9,45.0,16.9,52.0,41.6,26.4,0.0,27.3,69.0,64.8,68.5,37.4,23.6,0.0,0.0,40.0,34.4,38.2,24.114237,13.503459,1.3382,2.5013738,11.423,23.2,5.88,4.15,10.73,55.54,17.3,29.86,14.7,25.02,58.77,14.27,6.16,9.11,10.6,0.7,120.956,0.602,0.508,0.03,2.75,1.305,37.4,-52.4,1.59,37.26,-26.3,-20.0,-23.1,-45.9,-40.8,-62.3,0.52,0.0,General Watchlist,Low Priority / Avoid,High Risk — Needs Confirmation,Momentum Risk,FCF yield looks attractive (5.88%) | Fair value upside is positive (17.6%),Growth profile looks weak (37.4/100) | Financial strength looks weak (23.6/100) | Momentum is weak (0.0/100) | Relative strength is weak (0.0/100),60+ minutes,Financial risk: balance sheet metrics look weak. | Risk warning: volatility/drawdown risk is elevated. | Recent news sentiment is negative.,100,Yahoo Finance,2026-09-30,2026-09-30 18:21:34,149.65,26.3,3/4,Medium,68.81,50.5,98.6
EQIX,"Equinix, Inc.",Real Estate,REIT - Specialty,1015.38,808.16,463.31,1910.82,"P/E (sector median 30x): $463.31 | EV/FCF (sector median 29x): $922.54 | DCF (FCFF/WACC): $693.78 | Dividend (DDM): $1,910.82",-20.4,-25.6,1076.3,Research only,50.9,F,Tier 4 — Low Priority / Avoid,55.8,44.5,52.4,50.1,50.8,34.5,27.5,38.8,36.8,75.7,10.3,82.9,10.6,42.6,32.9,65.2,80.8,63.0,65.38152,54.531414,2.9822,10.11599,26.998,32.37,3.78,1.53,15.48,51.98,27.02,45.84,38.23,39.8,96.04,10.73,3.68,5.75,16.7,28.8,162.217,1.129,0.607,0.04,4.93,0.973,26.1,-24.6,2.03,126.77,-1.2,1.8,2.9,32.4,-14.7,16.1,0.39,0.76,General Watchlist,Low Priority / Avoid,High Risk — Needs Confirmation,Valuation Risk,Strong cash-flow profile (75.7/100) | Strong growth profile (82.9/100),Valuation may be stretched (10.3/100) | Financial strength looks weak (10.6/100) | Relative strength is weak (32.9/100),60+ minutes,Valuation risk: stock may be expensive. | Financial risk: balance sheet metrics look weak.,100,Yahoo Finance,2026-09-30,2026-09-30 18:21:41,554.25,35.7,1/4,Low,157.09,56.4,84.4
ERIE,Erie Indemnity Company,Financial Services,Insurance Brokers,219.29,164.68,126.14,235.91,P/E (sector median 15x): $164.68 | P/B (justified): $235.91 | Dividend (DDM): $126.14,-24.9,-33.2,232.45,Research only,38.2,F,Tier 4 — Low Priority / Avoid,45.9,34.8,24.6,46.4,38.7,43.3,12.5,33.9,25.9,52.2,54.7,25.1,80.3,4.6,0.0,63.8,41.2,50.0,19.917347,15.6523905,2.67,2.7835248,13.64,23.67,4.2,5.02,14.01,17.9,19.1,20.27,11.68,16.94,68.96,24.81,14.15,27.93,2.8,3.2,2.56,1.246,1.107,4.83,-0.29,0.305,35.3,-60.7,2.63,64.59,-14.4,-14.9,-10.2,-29.6,-27.8,-46.0,0.13,0.11,General Watchlist,Low Priority / Avoid,Avoid for Now,Momentum Risk,ROIC proxy is strong (27.93%),Growth profile looks weak (25.1/100) | Momentum is weak (4.6/100) | Relative strength is weak (0.0/100),60+ minutes,Strong ROIC proxy.,100,Yahoo Finance,2026-09-30,2026-09-30 18:21:47,194.44,17.7,1/3,Medium,48.32,45.5,99.4
ESS,"Essex Property Trust, Inc.",Real Estate,REIT - Residential,270.54,281.16,191.23,358.4,P/E (sector median 30x): $191.23 | EV/FCF (sector median 29x): $339.42 | DCF (FCFF/WACC): $358.40 | Dividend (DDM): $222.91,3.9,3.8,286.77,Research only,48.7,F,Tier 4 — Low Priority / Avoid,52.5,43.4,43.6,56.5,49.5,33.4,2.5,31.5,59.3,84.7,22.4,33.7,12.2,31.8,22.2,79.4,60.4,50.0,42.20593,42.945312,7.02,9.41505,19.89,23.45,5.6,2.37,20.89,68.77,33.98,62.12,52.7,56.44,93.37,7.71,2.96,4.29,3.1,-71.8,122.409,0.249,0.091,0.01,5.43,0.706,22.7,-20.8,3.78,160.75,-3.0,-9.3,12.3,4.1,-5.4,-12.3,0.34,0.56,General Watchlist,Low Priority / Avoid,High Risk — Needs Confirmation,Debt / Balance Sheet Risk,Strong cash-flow profile (84.7/100) | FCF yield looks attractive (5.6%),Valuation may be stretched (22.4/100) | Growth profile looks weak (33.7/100) | Financial strength looks weak (12.2/100) | Momentum is weak (31.8/100),60+ minutes,Valuation risk: stock may be expensive. | Financial risk: balance sheet metrics look weak.,100,Yahoo Finance,2026-09-30,2026-09-30 18:21:54,228.77,35.7,2/4,Medium,114.15,47.5,98.2
EL,"Estee Lauder Companies, Inc. (T",Consumer Defensive,Household & Personal Products,94.14,79.61,11.6,104.0,P/E (sector median 23x): $11.60 | EV/FCF (sector median 24x): $104.00 | DCF (FCFF/WACC): $79.61,-15.4,-18.3,99.79,Research only,42.5,F,Tier 4 — Low Priority / Avoid,43.7,36.1,49.0,43.1,41.1,24.9,0.0,24.7,42.5,60.5,41.7,39.9,23.6,54.3,60.2,25.4,42.2,50.0,188.28,24.04573,2.1211,2.2632544,16.249,22.01,5.32,0.53,1.21,75.49,7.0,16.31,12.04,11.78,102.21,4.75,5.23,8.71,6.3,,242.932,1.222,0.805,0.38,2.34,1.274,50.1,-49.3,1.48,280.0,-5.9,12.8,34.1,8.4,16.5,-8.0,0.4,0.53,General Watchlist,Low Priority / Avoid,High Risk — Needs Confirmation,Debt / Balance Sheet Risk,FCF yield looks attractive (5.32%),Growth profile looks weak (39.9/100) | Financial strength looks weak (23.6/100) | Risk profile is elevated (25.4/100) | Debt/equity is high,60+ minutes,Financial risk: balance sheet metrics look weak. | Risk warning: volatility/drawdown risk is elevated.,94,Yahoo Finance,2026-09-30,2026-09-30 18:22:00,,,1/3,Low,728.42,38.6,95.6
EG,"Everest Group, Ltd.",Financial Services,Insurance - Reinsurance,366.76,707.78,106.12,1993.54,"P/E (sector median 15x): $707.78 | P/B (justified): $1,993.54 | Dividend (DDM): $106.12",93.0,48.2,469.45,Research only,45.8,F,Tier 4 — Low Priority / Avoid,47.6,41.2,43.7,51.9,47.2,47.6,25.0,40.9,41.9,75.2,88.7,14.6,50.1,39.2,27.9,86.5,42.0,38.0,7.750634,6.135933,0.97,0.83581465,,6.83,14.68,12.9,11.38,15.28,19.13,0.0,12.27,11.89,103.23,12.57,2.49,16.67,-11.3,-11.5,23.26,0.388,0.241,1.01,,0.277,24.9,-23.8,2.17,16.91,-2.6,-0.7,14.5,6.6,-3.1,-9.8,0.46,0.69,Recovery Candidate,Low Priority / Avoid,Avoid for Now,Growth Risk,Strong cash-flow profile (75.2/100) | FCF yield looks attractive (14.68%) | ROIC proxy is strong (16.67%) | Fair value upside is positive (93.0%),Growth profile looks weak (14.6/100) | Momentum is weak (39.2/100) | Relative strength is weak (27.9/100) | Recent news sentiment is weak (38.0/100),60+ minutes,Strong free cash flow yield. | Strong ROIC proxy. | Recent news sentiment is negative.,94,Yahoo Finance,2026-09-30,2026-09-30 18:22:07,835.71,17.7,2/3,Low,19.94,37.0,99.0
EVRG,"Evergy, Inc.",Utilities,Utilities - Regulated Electric,78.77,85.49,77.34,93.64,P/E (sector median 20x): $77.34 | Dividend (DDM): $93.64,8.5,7.9,83.81,Research only,35.7,F,Tier 4 — Low Priority / Avoid,38.4,31.0,37.2,35.3,37.4,14.3,0.0,19.1,51.7,25.0,54.2,40.3,7.4,25.1,9.8,84.6,47.2,50.0,20.041985,17.253994,2.03,2.9801316,12.21,,-7.95,4.99,15.19,52.7,25.24,46.61,-23.69,32.54,-72.79,9.25,2.91,4.55,4.4,23.0,160.554,0.359,0.074,0.0,5.8,0.51,16.4,-11.1,3.53,70.04,-3.4,-9.9,-2.7,7.2,-20.3,-9.1,0.57,0.49,General Watchlist,Low Priority / Avoid,High Risk — Needs Confirmation,Debt / Balance Sheet Risk,No single dominant strength; needs manual research.,Cash-flow profile looks weak (25.0/100) | Financial strength looks weak (7.4/100) | Momentum is weak (25.1/100) | Relative strength is weak (9.8/100),60+ minutes,Financial risk: balance sheet metrics look weak.,100,Yahoo Finance,2026-09-30,2026-09-30 18:22:14,78.77,20.0,1/2,High,70.94,35.3,98.3
P,"Everpure, Inc.",Technology,Computer Hardware,130.25,22.97,22.97,22.97,P/E (sector median 31x): $22.97,-82.4,-467.0,138.06,Research only,53.2,F,Tier 4 — Low Priority / Avoid,54.7,42.4,72.6,43.4,51.4,31.3,42.5,41.1,45.1,11.7,15.9,80.4,85.5,90.0,100.0,36.6,37.9,63.0,178.42465,36.691483,2.2378,10.183323,110.786,,-0.26,0.56,5.94,69.73,5.33,9.01,-2.68,10.04,-26.73,17.71,3.03,23.66,37.7,50.0,14.622,1.511,1.338,4.47,-2.04,1.434,65.8,-48.6,,0.0,38.9,79.1,113.3,55.4,95.6,39.1,0.24,1.0,General Watchlist,Low Priority / Avoid,High Risk — Needs Confirmation,Cash Flow Risk,Strong growth profile (80.4/100) | Strong relative strength vs SPY (100.0/100) | ROIC proxy is strong (23.66%),Valuation may be stretched (15.9/100) | Cash-flow profile looks weak (11.7/100) | Risk profile is elevated (36.6/100) | Free cash flow yield is negative,60+ minutes,Strong ROIC proxy. | Outperforming SPY on relative strength. | Valuation risk: stock may be expensive. | Risk warning: volatility/drawdown risk is elevated.,100,Yahoo Finance,2026-09-30,2026-09-30 18:22:20,21.31,29.2,0/1,Low,249.59,73.9,94.0
ES,Eversource Energy (D/B/A),Utilities,Utilities - Regulated Electric,64.42,67.47,18.94,86.47,P/E (sector median 20x): $75.76 | EV/FCF (rate-anchored 19x): $18.94 | DCF (FCFF/WACC): $86.47 | Dividend (DDM): $59.17,4.7,4.5,68.28,Research only,32.0,F,Tier 4 — Low Priority / Avoid,35.2,29.9,26.9,35.0,33.6,20.2,0.0,20.1,57.6,38.3,54.4,18.5,4.9,16.1,0.0,74.0,21.2,52.0,16.731169,13.10188,2.2694,1.7333089,10.584,64.31,3.35,5.98,10.35,52.75,23.92,35.24,5.8,31.65,18.33,9.02,3.3,5.97,2.3,-85.4,180.7,0.8,0.463,0.06,5.67,0.698,24.5,-18.3,4.93,80.0,-7.6,-12.4,-5.3,-5.3,-22.9,-21.6,0.62,0.27,General Watchlist,Low Priority / Avoid,High Risk — Needs Confirmation,Debt / Balance Sheet Risk,No single dominant strength; needs manual research.,Cash-flow profile looks weak (38.3/100) | Growth profile looks weak (18.5/100) | Financial strength looks weak (4.9/100) | Momentum is weak (16.1/100),60+ minutes,Financial risk: balance sheet metrics look weak.,100,Yahoo Finance,2026-09-30,2026-09-30 18:22:27,77.17,20.0,2/4,Low,111.64,31.2,97.3
EXC,Exelon Corporation,Utilities,Utilities - Regulated Electric,40.65,206.4,53.53,359.27,P/E (sector median 20x): $53.53 | Dividend (DDM): $359.27,407.7,80.3,52.03,Research only,26.3,F,Tier 4 — Low Priority / Avoid,28.0,25.8,26.2,22.4,28.5,8.2,0.0,13.8,28.5,24.0,58.2,29.2,9.3,12.3,0.0,77.2,23.0,50.0,14.944854,13.379192,2.2467,1.6536297,11.11,,-6.41,6.69,10.99,42.36,16.59,32.99,-10.6,28.48,-37.23,9.71,2.81,4.12,9.9,-0.2,177.362,1.088,0.716,0.03,6.09,0.389,19.2,-18.5,4.13,60.29,-6.4,-14.3,-15.3,-6.4,-32.9,-22.7,0.84,0.05,General Watchlist,Low Priority / Avoid,High Risk — Needs Confirmation,Debt / Balance Sheet Risk,Fair value upside is positive (407.7%),Cash-flow profile looks weak (24.0/100) | Growth profile looks weak (29.2/100) | Financial strength looks weak (9.3/100) | Momentum is weak (12.3/100),60+ minutes,Financial risk: balance sheet metrics look weak.,100,Yahoo Finance,2026-09-30,2026-09-30 18:22:34,54.51,20.0,2/2,Low,60.74,31.3,94.3
EXE,Expand Energy Corporation,Energy,Oil & Gas E&P,84.71,108.01,30.83,197.03,"P/E (sector median 17x): $197.03 | EV/FCF (sector median 19x): $104.09 | DCF (3-stage, CAPM): $111.92 | Dividend (DDM): $30.83",27.5,21.6,102.18,Research only,35.7,F,Tier 4 — Low Priority / Avoid,39.6,34.2,26.9,41.1,37.4,40.4,25.0,35.1,22.7,67.3,92.0,12.1,50.3,8.7,0.0,80.2,31.5,50.0,7.302586,9.901812,0.8198,1.5492721,3.356,15.38,7.48,13.69,21.97,47.07,26.32,53.1,11.58,44.68,25.93,14.89,8.49,11.84,-10.6,-45.5,19.207,0.959,0.594,0.18,0.46,0.323,30.3,-30.3,2.73,27.5,-15.3,-6.1,-19.1,-18.5,-36.8,-34.8,0.37,0.01,Recovery Candidate,Low Priority / Avoid,Avoid for Now,Momentum Risk,FCF yield looks attractive (7.48%) | ROIC proxy is strong (11.84%) | Fair value upside is positive (27.5%),Growth profile looks weak (12.1/100) | Momentum is weak (8.7/100) | Relative strength is weak (0.0/100),60+ minutes,Strong free cash flow yield.,100,Yahoo Finance,2026-09-30,2026-09-30 18:22:41,128.66,11.1,3/4,Low,51.77,41.5,98.0
EXPE,"Expedia Group, Inc.",Consumer Cyclical,Travel Services,264.2,374.43,312.13,817.75,"P/E (sector median 20x): $312.13 | EV/FCF (sector median 29x): $817.75 | DCF (3-stage, CAPM): $374.43",41.7,29.4,338.18,Research only,60.4,D-,Tier 3 — Watchlist Only,69.5,61.4,40.8,67.9,58.9,53.7,40.0,53.8,70.7,89.2,88.7,75.0,41.9,37.8,47.1,34.5,62.2,21.2,16.616354,10.798677,0.6802,2.0197349,11.0,9.26,10.83,6.02,12.97,90.43,18.98,18.41,21.87,33.22,65.84,89.49,6.11,,14.0,188.7,230.271,0.801,0.637,1.25,-0.5,1.25,46.5,-37.4,0.72,11.07,-13.2,-1.5,16.5,24.5,-1.2,8.2,0.54,0.51,Recovery Candidate,Watchlist Only,High Risk — Needs Confirmation,News / Sentiment Risk,Strong cash-flow profile (89.2/100) | Strong growth profile (75.0/100) | FCF yield looks attractive (10.83%) | Fair value upside is positive (41.7%),Momentum is weak (37.8/100) | Risk profile is elevated (34.5/100) | Recent news sentiment is weak (21.2/100) | Debt/equity is high,60+ minutes,Strong free cash flow yield. | Risk warning: volatility/drawdown risk is elevated. | Recent news sentiment is negative.,100,Yahoo Finance,2026-09-30,2026-09-30 18:22:47,547.02,34.4,3/3,Low,188.78,68.2,96.0
EXPD,Expeditors International of Was,Industrials,Integrated Freight & Logistics,186.56,195.64,91.22,212.12,"P/E (sector median 28x): $195.64 | EV/FCF (sector median 34x): $212.12 | DCF (3-stage, CAPM): $91.22",4.9,4.6,197.75,Research only,67.7,D+,Tier 3 — Watchlist Only,72.8,57.6,74.1,66.5,67.0,66.5,75.0,68.0,78.0,38.6,35.9,85.4,86.3,66.4,87.9,77.3,61.6,75.8,27.15575,23.38542,2.9782,2.014876,18.989,30.09,3.29,3.68,7.63,13.55,10.71,10.5,6.63,8.08,82.01,42.67,15.23,61.56,32.1,51.5,26.745,1.566,1.431,1.82,-0.37,1.058,28.6,-21.3,0.86,23.0,-0.6,11.3,29.9,53.8,12.3,37.4,0.53,0.91,General Watchlist,Watchlist Only,Watchlist / Research Later,Valuation Risk,Strong quality profile (78.0/100) | Strong growth profile (85.4/100) | Strong relative strength vs SPY (87.9/100) | Positive news sentiment (75.8/100) | ROIC proxy is strong (61.56%),Valuation may be stretched (35.9/100) | Cash-flow profile looks weak (38.6/100),15 minutes,Strong ROIC proxy. | Outperforming SPY on relative strength.,100,Yahoo Finance,2026-09-30,2026-09-30 18:22:54,180.68,26.3,2/3,Medium,133.86,70.0,97.3
EXR,Extra Space Storage Inc,Real Estate,REIT - Industrial,132.15,126.9,104.28,136.06,P/E (sector median 30x): $135.14 | EV/FCF (sector median 29x): $136.06 | DCF (FCFF/WACC): $118.65 | Dividend (DDM): $104.28,-4.0,-4.1,140.08,Research only,49.6,F,Tier 4 — Low Priority / Avoid,57.2,46.4,33.2,61.7,49.7,39.3,15.0,37.6,72.8,78.3,35.3,41.9,15.6,23.8,1.7,65.3,67.7,38.0,29.172182,27.463276,5.3155,8.306718,18.54,28.57,5.14,3.43,27.28,74.92,45.88,65.81,42.71,54.15,78.87,6.95,3.36,4.62,3.8,6.0,101.674,0.886,0.305,0.05,5.94,1.176,24.7,-28.2,4.85,143.05,-4.6,-10.5,2.0,-1.8,-15.6,-18.2,0.28,0.37,General Watchlist,Low Priority / Avoid,High Risk — Needs Confirmation,Debt / Balance Sheet Risk,Strong cash-flow profile (78.3/100) | FCF yield looks attractive (5.14%),Valuation may be stretched (35.3/100) | Financial strength looks weak (15.6/100) | Momentum is weak (23.8/100) | Relative strength is weak (1.7/100),60+ minutes,Financial risk: balance sheet metrics look weak. | Recent news sentiment is negative.,100,Yahoo Finance,2026-09-30,2026-09-30 18:23:01,161.67,35.7,2/4,High,130.55,54.0,96.4
XOM,ExxonMobil Holdings Corporation,Energy,Oil & Gas Integrated,163.8,125.15,91.16,893.86,"P/E (sector median 17x): $132.15 | EV/FCF (sector median 19x): $91.16 | DCF (3-stage, CAPM): $118.15 | Dividend (DDM): $893.86",-23.6,-30.9,173.63,Research only,48.3,F,Tier 4 — Low Priority / Avoid,52.5,39.7,55.8,44.0,49.2,42.1,2.5,33.9,43.6,31.1,60.9,85.7,55.3,58.9,45.9,88.9,49.4,39.0,21.053984,14.7138605,1.3811,1.8654273,10.333,33.96,3.07,4.75,9.07,29.77,15.86,18.82,5.73,16.54,34.61,12.58,5.52,15.54,44.1,112.8,15.921,1.135,0.801,0.25,0.47,0.175,24.8,-20.1,2.55,52.51,-0.5,20.3,3.2,49.5,-14.4,33.1,0.36,0.91,General Watchlist,Low Priority / Avoid,Avoid for Now,Cash Flow Risk,Strong growth profile (85.7/100) | ROIC proxy is strong (15.54%),Cash-flow profile looks weak (31.1/100) | Recent news sentiment is weak (39.0/100),60+ minutes,Strong ROIC proxy. | Recent news sentiment is negative.,100,Yahoo Finance,2026-09-30,2026-09-30 18:23:08,86.29,11.1,1/4,Low,85.52,70.3,0.0
FFIV,"F5, Inc.",Technology,Software - Infrastructure,447.56,394.27,205.9,442.58,"P/E (sector median 31x): $394.27 | EV/FCF (sector median 32x): $442.58 | DCF (3-stage, CAPM): $205.90",-11.9,-13.5,474.41,Research only,65.7,D,Tier 3 — Watchlist Only,69.4,53.9,72.6,69.3,64.6,65.6,37.5,57.0,67.7,62.8,35.8,59.5,88.6,75.0,92.9,68.6,60.7,50.0,35.719074,24.758862,1.6292,7.658362,25.401,32.7,2.83,2.8,21.95,81.87,24.65,27.9,21.67,31.71,68.33,19.83,7.98,25.89,10.9,11.4,6.546,1.665,1.479,6.36,-1.47,1.03,33.2,-34.7,,0.0,13.1,9.7,51.4,38.5,33.8,22.1,0.27,0.96,General Watchlist,Watchlist Only,Watchlist / Research Later,Valuation Risk,Strong relative strength vs SPY (92.9/100) | ROIC proxy is strong (25.89%),Valuation may be stretched (35.8/100),45 minutes,Strong ROIC proxy. | Outperforming SPY on relative strength.,100,Yahoo Finance,2026-09-30,2026-09-30 18:23:14,365.79,29.2,0/3,Medium,93.75,74.2,97.1
FDS,FactSet Research Systems Inc.,Financial Services,Financial Data & Stock Exchanges,268.09,284.02,227.05,348.96,P/E (sector median 15x): $227.05 | P/B (justified): $284.02 | Dividend (DDM): $348.96,5.9,5.6,284.18,Research only,45.6,F,Tier 4 — Low Priority / Avoid,48.1,40.1,46.4,48.5,45.5,48.6,27.5,41.5,24.3,86.2,76.3,37.8,37.4,41.0,27.7,56.5,54.8,70.2,17.660738,13.591464,1.2237,3.9101608,11.273,16.92,6.51,5.66,23.21,51.38,30.54,38.24,25.47,34.02,74.88,27.03,11.08,17.9,6.4,-9.6,77.284,0.683,0.558,0.19,1.36,0.711,37.6,-61.1,1.78,29.38,-12.2,7.6,20.3,-4.7,2.6,-21.1,0.98,0.64,Recovery Candidate,Low Priority / Avoid,High Risk — Needs Confirmation,Business Quality Risk,Strong cash-flow profile (86.2/100) | Positive news sentiment (70.2/100) | FCF yield looks attractive (6.51%) | ROIC proxy is strong (17.9%),Growth profile looks weak (37.8/100) | Financial strength looks weak (37.4/100) | Relative strength is weak (27.7/100),60+ minutes,Strong free cash flow yield. | Strong ROIC proxy. | Financial risk: balance sheet metrics look weak.,100,Yahoo Finance,2026-09-30,2026-09-30 18:23:21,268.09,17.7,2/3,High,65.34,61.1,99.7
FICO,Fair Isaac Corporation,Technology,Software - Application,593.0,1086.84,794.44,1358.98,"P/E (sector median 31x): $1,086.84 | EV/FCF (sector median 32x): $794.44 | DCF (FCFF/WACC): $1,358.98",83.3,45.4,759.04,Research only,60.1,D-,Tier 3 — Watchlist Only,72.9,63.2,28.9,72.0,58.4,43.4,30.0,48.2,79.0,82.8,76.1,90.0,26.3,10.0,0.0,29.3,91.9,51.8,17.168499,11.394072,0.7021,5.3507404,14.797,24.14,6.05,5.82,34.05,85.1,53.79,52.78,32.35,41.84,77.32,,39.98,,25.7,41.2,,1.183,1.129,0.04,4.23,1.318,53.6,-75.1,,0.0,-46.3,-53.3,-44.2,-60.4,-61.8,-76.7,2.48,0.0,Recovery Candidate,Watchlist Only,High Risk — Needs Confirmation,Momentum Risk,Strong cash-flow profile (82.8/100) | Strong quality profile (79.0/100) | Strong growth profile (90.0/100) | FCF yield looks attractive (6.05%) | Fair value upside is positive (83.3%),Financial strength looks weak (26.3/100) | Momentum is weak (10.0/100) | Relative strength is weak (0.0/100) | Risk profile is elevated (29.3/100),60+ minutes,Strong free cash flow yield. | Financial risk: balance sheet metrics look weak. | Risk warning: volatility/drawdown risk is elevated.,88,Yahoo Finance,2026-09-30,2026-09-30 18:23:28,1008.33,29.2,3/3,Medium,190.37,85.0,99.2
FAST,Fastenal Company,Industrials,Industrial Distribution,49.81,30.22,21.98,205.38,"P/E (sector median 28x): $33.32 | EV/FCF (sector median 34x): $27.12 | DCF (3-stage, CAPM): $21.98 | Dividend (DDM): $205.38",-39.3,-64.8,52.8,Research only,57.8,F,Tier 4 — Low Priority / Avoid,67.3,51.2,44.5,67.2,58.1,49.4,15.0,44.2,87.4,34.7,6.6,55.9,84.6,41.7,15.1,87.3,55.0,45.5,42.576923,35.511375,3.3899,6.5333157,29.45,62.84,1.6,2.35,15.45,44.7,21.02,22.34,10.47,15.99,65.47,34.33,21.52,33.75,14.7,14.6,10.851,4.18,1.998,0.46,0.12,0.713,25.4,-21.9,1.92,78.63,2.2,3.1,8.0,3.8,-9.6,-12.6,0.45,0.81,General Watchlist,Low Priority / Avoid,Watchlist / Research Later,Valuation Risk,Strong quality profile (87.4/100) | ROIC proxy is strong (33.75%),Valuation may be stretched (6.6/100) | Cash-flow profile looks weak (34.7/100) | Relative strength is weak (15.1/100),60+ minutes,Strong ROIC proxy. | Valuation risk: stock may be expensive.,100,Yahoo Finance,2026-09-30,2026-09-30 18:23:34,30.77,26.3,1/4,Low,83.07,61.9,91.7
FRT,Federal Realty Investment Trust,Real Estate,REIT - Retail,108.63,130.33,99.46,291.3,P/E (sector median 30x): $147.97 | EV/FCF (sector median 29x): $99.46 | DCF (FCFF/WACC): $112.69 | Dividend (DDM): $291.30,20.0,16.6,124.9,Research only,37.8,F,Tier 4 — Low Priority / Avoid,40.0,34.4,38.4,37.7,38.9,28.6,2.5,25.6,14.8,74.5,32.8,41.3,10.7,25.4,15.1,70.9,58.7,50.0,21.901209,34.050087,3.59,7.1110454,17.494,32.13,4.8,4.57,32.66,68.14,35.03,62.73,34.16,47.25,72.29,12.55,3.26,4.64,7.2,-45.6,134.114,0.564,0.553,0.02,5.65,0.919,20.3,-27.4,4.24,91.31,-7.2,-10.7,3.4,11.9,-14.3,-4.5,0.51,0.47,General Watchlist,Low Priority / Avoid,High Risk — Needs Confirmation,Debt / Balance Sheet Risk,Fair value upside is positive (20.0%),Valuation may be stretched (32.8/100) | Financial strength looks weak (10.7/100) | Momentum is weak (25.4/100) | Relative strength is weak (15.1/100),60+ minutes,Valuation risk: stock may be expensive. | Financial risk: balance sheet metrics look weak.,100,Yahoo Finance,2026-09-30,2026-09-30 18:23:41,177.02,35.7,3/4,Low,106.95,53.3,99.7
FDX,FedEx Corporation,Industrials,Integrated Freight & Logistics,285.51,547.6,168.01,628.88,P/E (sector median 28x): $527.97 | EV/FCF (sector median 34x): $567.23 | DCF (FCFF/WACC): $628.88 | Dividend (DDM): $168.01,91.8,47.9,365.45,Research only,47.2,F,Tier 4 — Low Priority / Avoid,52.2,47.1,37.1,51.0,47.2,46.9,12.5,38.9,67.9,56.5,81.0,40.5,42.0,32.4,45.0,51.0,23.6,33.0,15.399676,13.637413,1.2323,0.71338445,8.224,17.22,8.37,6.49,4.68,27.32,11.13,12.5,5.97,9.42,63.38,14.85,5.01,13.74,12.5,-4.3,135.697,1.475,1.387,0.32,2.48,1.364,30.5,-34.4,1.7,31.27,-11.8,-8.4,-0.6,52.8,-18.3,36.4,0.38,0.67,Recovery Candidate,Low Priority / Avoid,Avoid for Now,Momentum Risk,FCF yield looks attractive (8.37%) | ROIC proxy is strong (13.74%) | Fair value upside is positive (91.8%),Momentum is weak (32.4/100) | Recent news sentiment is weak (33.0/100),60+ minutes,Strong free cash flow yield. | Strong ROIC proxy. | Recent news sentiment is negative.,100,Yahoo Finance,2026-09-30,2026-09-30 18:23:48,487.6,26.3,3/4,Low,63.73,40.6,89.9
FDXF,"FedEx Freight Holding Company, ",Industrials,Integrated Freight & Logistics,111.44,124.73,124.73,124.73,P/E (sector median 28x): $124.73,11.9,10.7,121.41,Research only,30.4,F,Tier 4 — Low Priority / Avoid,30.4,26.0,37.4,28.0,31.3,11.6,0.0,15.7,55.0,6.3,44.7,15.9,29.0,36.3,41.6,58.4,6.8,42.0,25.444063,20.599815,,1.8946047,23.123,,-3.07,3.93,7.45,29.28,-5.77,11.24,-5.81,1.9,-306.06,69.09,5.67,,4.8,-61.1,,1.517,1.415,0.04,6.18,,30.0,-25.0,,0.0,0.0,0.0,0.0,0.0,0.0,0.0,1.0,0.5,General Watchlist,Low Priority / Avoid,High Risk — Needs Confirmation,Cash Flow Risk,Fair value upside is positive (11.9%),Cash-flow profile looks weak (6.3/100) | Growth profile looks weak (15.9/100) | Financial strength looks weak (29.0/100) | Momentum is weak (36.3/100),60+ minutes,Financial risk: balance sheet metrics look weak.,88,Yahoo Finance,2026-09-30,2026-09-30 18:23:55,115.19,26.3,1/1,Low,0.0,29.0,98.5
FERG,Ferguson Enterprises Inc.,Industrials,Industrial Distribution,224.75,180.2,71.06,289.33,P/E (sector median 28x): $289.33 | Dividend (DDM): $71.06,-19.8,-24.7,238.24,Research only,38.4,F,Tier 4 — Low Priority / Avoid,43.6,34.8,31.8,42.2,38.7,36.5,0.0,28.2,50.6,43.5,60.4,33.1,38.0,32.4,4.7,59.0,30.2,50.0,22.121063,17.931013,1.3805,1.3826313,16.205,,,4.52,6.32,30.63,10.16,9.77,,5.26,,,,19.95,4.6,6.9,111.063,1.729,0.736,0.06,2.1,1.112,32.4,-32.9,1.59,33.27,2.7,-2.0,-5.3,1.6,-22.9,-14.7,0.35,0.2,General Watchlist,Low Priority / Avoid,High Risk — Needs Confirmation,Momentum Risk,ROIC proxy is strong (19.95%),Growth profile looks weak (33.1/100) | Financial strength looks weak (38.0/100) | Momentum is weak (32.4/100) | Relative strength is weak (4.7/100),60+ minutes,Strong ROIC proxy. | Financial risk: balance sheet metrics look weak.,88,Yahoo Finance,2026-09-30,2026-09-30 18:24:01,267.21,26.3,1/2,Low,85.92,46.9,94.0
FIS,Fidelity National Information S,Technology,Information Technology Services,32.8,166.26,74.61,373.35,P/E (sector median 31x): $204.84 | EV/FCF (sector median 32x): $74.61 | DCF (FCFF/WACC): $127.68 | Dividend (DDM): $373.35,407.0,80.3,41.98,Research only,52.6,F,Tier 4 — Low Priority / Avoid,63.1,55.8,26.5,61.4,52.4,44.7,27.5,45.1,63.3,88.7,94.2,73.8,10.9,0.0,0.0,52.6,74.1,50.0,5.037634,4.895229,0.1819,1.3862766,10.702,14.21,15.69,19.85,27.65,35.84,20.67,28.88,21.75,24.39,89.15,22.35,4.28,5.45,29.1,,132.51,0.535,0.38,0.04,5.82,0.801,30.9,-61.8,5.28,25.81,-18.8,-20.6,-25.7,-48.4,-43.3,-64.7,0.42,0.0,Recovery Candidate,Low Priority / Avoid,High Risk — Needs Confirmation,Momentum Risk,Strong cash-flow profile (88.7/100) | FCF yield looks attractive (15.69%) | Fair value upside is positive (407.0%),Financial strength looks weak (10.9/100) | Momentum is weak (0.0/100) | Relative strength is weak (0.0/100),60+ minutes,Strong free cash flow yield. | Financial risk: balance sheet metrics look weak.,94,Yahoo Finance,2026-09-30,2026-09-30 18:24:08,190.08,29.2,4/4,Low,527.65,65.0,98.5
FITB,Fifth Third Bancorp,Financial Services,Banks - Regional,50.55,44.42,33.0,208.26,P/E (sector median 15x): $44.42 | P/B (justified): $33.00 | Dividend (DDM): $208.26,-12.1,-13.8,53.58,Research only,43.8,F,Tier 4 — Low Priority / Avoid,49.3,38.3,42.7,43.4,44.1,43.3,12.5,35.6,21.4,60.0,64.5,63.0,43.6,30.4,27.5,67.2,60.9,50.0,17.018518,10.2050495,1.6918,4.540751,,,,5.88,23.24,0.0,39.08,0.0,,36.31,,8.44,0.92,6.42,51.8,-5.7,,,,0.35,,0.913,27.3,-29.9,3.3,53.87,-4.7,-11.6,8.7,16.3,-8.9,-0.1,0.68,0.56,General Watchlist,Low Priority / Avoid,Avoid for Now,Business Quality Risk,No single dominant strength; needs manual research.,Momentum is weak (30.4/100) | Relative strength is weak (27.5/100),60+ minutes,No major signal,75,Yahoo Finance,2026-09-30,2026-09-30 18:24:15,52.46,17.7,1/3,Low,63.61,51.8,93.6
FSLR,"First Solar, Inc.",Technology,Solar,176.28,510.38,128.1,521.34,"P/E (sector median 31x): $510.38 | EV/FCF (sector median 32x): $521.34 | DCF (3-stage, CAPM): $128.10",189.5,65.5,225.64,Research only,61.9,D-,Tier 3 — Watchlist Only,74.6,62.9,25.8,84.0,59.9,63.5,52.5,61.2,73.3,93.5,96.4,40.9,98.8,6.2,0.0,28.8,76.0,55.0,10.868065,7.593595,0.3571,3.5225966,7.327,10.94,8.44,9.2,32.46,44.02,42.64,44.36,29.73,40.08,74.16,18.51,8.62,20.62,-3.7,23.3,1.88,2.518,1.701,8.9,-0.64,1.733,58.5,-51.7,,0.0,-11.7,-21.5,-11.6,-20.1,-29.2,-36.4,0.44,0.03,"Recovery Candidate, Healthy Business",Watchlist Only,High Risk — Needs Confirmation,Momentum Risk,High business health (84.0/100) | Strong cash-flow profile (93.5/100) | FCF yield looks attractive (8.44%) | ROIC proxy is strong (20.62%) | Fair value upside is positive (189.5%),Momentum is weak (6.2/100) | Relative strength is weak (0.0/100) | Risk profile is elevated (28.8/100),60+ minutes,Strong free cash flow yield. | Strong ROIC proxy. | Risk warning: volatility/drawdown risk is elevated.,100,Yahoo Finance,2026-09-30,2026-09-30 18:24:21,473.51,29.2,2/3,Low,0.0,62.2,98.2
FE,FirstEnergy Corp.,Utilities,Utilities - Regulated Electric,43.48,216.49,36.6,396.38,P/E (sector median 20x): $36.60 | Dividend (DDM): $396.38,397.9,79.9,55.65,Research only,30.5,F,Tier 4 — Low Priority / Avoid,32.6,29.7,29.7,27.6,32.4,10.1,0.0,16.1,49.2,18.3,60.1,34.6,2.4,16.7,2.1,77.0,26.8,57.0,23.376343,14.7419815,1.4457,1.6090602,10.266,,-8.01,4.28,6.94,68.61,19.3,34.68,-12.88,19.94,-64.61,9.49,3.68,5.7,8.8,8.3,200.908,0.541,0.35,0.0,5.33,0.441,18.4,-15.4,4.26,96.26,-5.8,-9.5,-12.9,-1.3,-30.6,-17.7,0.51,0.09,General Watchlist,Low Priority / Avoid,High Risk — Needs Confirmation,Debt / Balance Sheet Risk,Fair value upside is positive (397.9%),Cash-flow profile looks weak (18.3/100) | Growth profile looks weak (34.6/100) | Financial strength looks weak (2.4/100) | Momentum is weak (16.7/100),60+ minutes,Financial risk: balance sheet metrics look weak.,100,Yahoo Finance,2026-09-30,2026-09-30 18:24:28,37.28,20.0,1/2,Low,94.27,38.8,97.1
FISV,"Fiserv, Inc.",Unknown,Unknown,45.03,76.76,76.76,76.76,P/E (rate-anchored 15x): $76.76,70.5,41.3,57.64,Research only,41.1,F,Tier 4 — Low Priority / Avoid,50.2,44.0,17.2,50.0,40.4,34.3,2.5,30.3,50.0,50.0,72.8,45.0,50.0,1.2,0.0,31.0,50.0,31.5,8.627395,5.6125026,1.3563,,,,,11.59,,,,,,,,,,,,,,,,,,,49.2,-81.1,,,-12.8,-13.9,-18.8,-65.5,-36.4,-81.8,0.53,0.0,Recovery Candidate,Low Priority / Avoid,High Risk — Needs Confirmation,Momentum Risk,Fair value upside is positive (70.5%),Momentum is weak (1.2/100) | Relative strength is weak (0.0/100) | Risk profile is elevated (31.0/100) | Recent news sentiment is weak (31.5/100),60+ minutes,Risk warning: volatility/drawdown risk is elevated. | Recent news sentiment is negative. | Low-confidence score: only 19% of key data was available.,19,Yahoo Finance,2026-09-30,2026-09-30 18:24:34,,,1/1,Low,152.1,55.0,97.3
FLEX,Flex Ltd.,Technology,Electronic Components,109.73,49.19,21.69,81.5,"P/E (sector median 31x): $81.50 | EV/FCF (sector median 32x): $49.19 | DCF (3-stage, CAPM): $21.69",-55.2,-123.1,116.31,Research only,38.3,F,Tier 4 — Low Priority / Avoid,38.3,30.1,59.3,25.0,37.2,20.4,5.0,22.3,15.6,13.7,42.0,74.6,43.5,55.1,100.0,28.9,37.3,52.0,42.3668,15.430783,0.94,1.384993,21.262,72.14,1.54,2.36,3.33,9.53,4.97,7.25,2.14,5.34,40.06,18.38,4.42,13.38,20.6,52.0,107.818,1.38,0.701,0.48,1.46,1.654,57.5,-40.0,,0.0,2.7,-19.8,60.8,89.3,43.2,72.9,0.35,0.51,General Watchlist,Low Priority / Avoid,High Risk — Needs Confirmation,Cash Flow Risk,Strong relative strength vs SPY (100.0/100) | ROIC proxy is strong (13.38%),Cash-flow profile looks weak (13.7/100) | Risk profile is elevated (28.9/100),60+ minutes,Strong ROIC proxy. | Outperforming SPY on relative strength. | Risk warning: volatility/drawdown risk is elevated.,100,Yahoo Finance,2026-09-30,2026-09-30 18:24:41,75.61,29.2,0/3,Low,78.63,47.5,94.5
F,Ford Motor Company,Consumer Cyclical,Auto Manufacturers,12.02,4.35,4.35,4.35,Dividend (DDM): $4.35,-63.8,-176.1,12.74,Research only,13.2,F,Tier 4 — Low Priority / Avoid,12.6,10.0,22.9,6.6,13.8,0.0,0.0,4.8,0.0,11.0,41.7,16.5,6.5,23.5,12.1,31.1,12.5,42.2,,6.1486106,8.4768,0.2548822,24.893,,-16.57,,-3.94,7.12,1.88,4.07,-4.22,9.02,-46.85,-18.25,0.35,1.58,-3.8,,456.708,1.089,0.877,0.14,18.47,1.835,35.5,-30.4,4.88,64.1,-13.2,-9.1,5.3,5.1,-12.3,-11.2,0.61,0.18,General Watchlist,Low Priority / Avoid,High Risk — Needs Confirmation,Business Quality Risk,No single dominant strength; needs manual research.,Cash-flow profile looks weak (11.0/100) | Growth profile looks weak (16.5/100) | Financial strength looks weak (6.5/100) | Momentum is weak (23.5/100),60+ minutes,Financial risk: balance sheet metrics look weak. | Risk warning: volatility/drawdown risk is elevated.,88,Yahoo Finance,2026-09-30,2026-09-30 18:24:48,,34.4,0/1,Low,,9.4,93.3
FTNT,"Fortinet, Inc.",Technology,Software - Infrastructure,179.69,89.05,45.87,104.83,"P/E (sector median 31x): $89.05 | EV/FCF (sector median 32x): $104.83 | DCF (3-stage, CAPM): $45.87",-50.4,-101.8,190.47,3-6 months,74.8,C,Tier 3 — Watchlist Only,79.0,61.3,86.4,74.8,72.8,68.8,75.0,70.8,76.4,59.3,10.8,100.0,79.0,80.6,100.0,60.8,87.2,100.0,63.495518,47.56571,1.9161,17.51504,48.384,55.44,1.72,1.57,28.17,80.2,33.6,34.48,30.1,45.12,66.71,117.44,14.17,,25.6,43.9,36.194,1.282,1.141,7.25,-1.35,1.059,42.7,-35.1,,0.0,11.0,15.0,121.4,113.7,103.8,97.4,0.28,1.0,Position Trade Candidate,Watchlist Only,Position Trade Candidate,Valuation Risk,Strong quality profile (76.4/100) | Strong growth profile (100.0/100) | Strong relative strength vs SPY (100.0/100) | Strong 3-6 month position-trade setup (86.4/100) | Positive news sentiment (100.0/100),Valuation may be stretched (10.8/100),15 minutes,3-6 month position-trade setup detected. | Outperforming SPY on relative strength. | Valuation risk: stock may be expensive.,100,Yahoo Finance,2026-09-30,2026-09-30 18:24:54,82.62,29.2,0/3,Medium,100.02,82.0,79.1
FTV,Fortive Corporation,Technology,Scientific & Technical Instruments,55.17,59.47,55.35,83.92,P/E (sector median 31x): $59.47 | EV/FCF (sector median 32x): $83.92 | DCF (FCFF/WACC): $55.35,7.8,7.2,58.49,Research only,49.9,F,Tier 4 — Low Priority / Avoid,56.9,47.3,37.0,57.0,50.5,49.4,2.5,38.3,57.0,77.7,64.2,45.0,38.5,26.5,15.1,74.9,49.5,44.0,29.193121,16.97379,0.98,3.8611128,16.173,21.26,5.64,3.43,12.38,63.23,19.14,28.61,21.76,24.36,89.33,7.32,3.29,7.04,7.9,4.0,59.283,1.241,0.802,0.1,2.61,0.973,26.3,-25.4,0.51,12.7,-2.7,-11.8,-1.1,13.1,-18.7,-3.2,0.22,0.46,General Watchlist,Low Priority / Avoid,High Risk — Needs Confirmation,Momentum Risk,Strong cash-flow profile (77.7/100) | FCF yield looks attractive (5.64%),Financial strength looks weak (38.5/100) | Momentum is weak (26.5/100) | Relative strength is weak (15.1/100),60+ minutes,Financial risk: balance sheet metrics look weak.,100,Yahoo Finance,2026-09-30,2026-09-30 18:25:01,55.17,29.2,3/3,High,166.16,56.5,98.5
FOXA,Fox Corporation,Communication Services,Entertainment,63.01,31.39,27.81,76.35,"P/E (sector median 20x): $76.35 | EV/FCF (sector median 27x): $31.39 | DCF (3-stage, CAPM): $27.81",-50.2,-100.8,66.79,Research only,43.5,F,Tier 4 — Low Priority / Avoid,51.2,39.0,37.6,43.1,44.0,35.4,27.5,36.8,45.7,18.7,65.4,60.3,76.7,41.8,12.9,71.9,35.5,38.0,16.408854,10.775453,1.1458,1.5514221,7.668,53.6,2.09,6.09,9.84,36.63,25.21,22.67,3.24,11.5,28.19,14.29,9.5,22.67,28.1,3.1,64.06,3.169,2.872,0.56,0.87,0.559,32.0,-35.6,0.93,14.58,-4.0,12.1,8.3,0.9,-9.4,-15.5,0.31,0.54,General Watchlist,Low Priority / Avoid,Avoid for Now,Cash Flow Risk,ROIC proxy is strong (22.67%),Cash-flow profile looks weak (18.7/100) | Relative strength is weak (12.9/100) | Recent news sentiment is weak (38.0/100),45 minutes,Strong ROIC proxy. | Recent news sentiment is negative.,100,Yahoo Finance,2026-09-30,2026-09-30 18:25:07,,,1/3,Low,104.64,65.2,96.9
FOX,Fox Corporation,Communication Services,Entertainment,56.35,30.97,27.81,76.35,"P/E (sector median 20x): $76.35 | EV/FCF (sector median 27x): $30.97 | DCF (3-stage, CAPM): $27.81",-45.0,-81.9,59.73,Research only,43.5,F,Tier 4 — Low Priority / Avoid,51.4,39.2,36.7,43.3,44.1,35.5,27.5,36.9,45.7,19.7,68.7,60.1,76.7,40.9,9.7,73.1,35.5,38.0,14.6744795,9.808529,1.0209,1.3874407,6.95,48.58,2.34,6.81,9.84,36.63,25.21,22.67,3.24,11.5,28.19,14.29,9.5,22.67,28.1,3.1,64.06,3.169,2.872,0.56,0.87,0.559,31.3,-34.1,1.04,14.58,-4.1,12.0,7.1,-0.6,-10.5,-17.0,0.59,0.53,General Watchlist,Low Priority / Avoid,Avoid for Now,Cash Flow Risk,ROIC proxy is strong (22.67%),Cash-flow profile looks weak (19.7/100) | Relative strength is weak (9.7/100) | Recent news sentiment is weak (38.0/100),60+ minutes,Strong ROIC proxy. | Recent news sentiment is negative.,100,Yahoo Finance,2026-09-30,2026-09-30 18:25:14,,,1/3,Low,104.64,65.4,97.3
BEN,"Franklin Templeton, Inc.",Financial Services,Asset Management,32.15,21.99,14.82,33.8,P/E (sector median 15x): $21.99 | P/B (justified): $14.82 | Dividend (DDM): $33.80,-31.6,-46.2,34.07,Research only,41.1,F,Tier 4 — Low Priority / Avoid,40.7,29.6,65.2,29.0,41.1,34.6,52.5,39.9,9.6,7.0,71.1,63.9,77.6,54.0,98.2,63.2,41.7,58.0,21.867348,10.078951,0.4069,1.7516042,11.207,,-18.31,4.57,8.72,37.71,12.98,19.3,-32.08,2.98,-1076.62,7.89,2.64,7.56,14.3,106.7,24.805,5.486,1.114,0.75,0.5,1.57,29.8,-24.4,4.04,89.12,-2.9,-5.8,37.6,44.4,20.0,28.0,0.3,0.76,Recovery Candidate,Low Priority / Avoid,Avoid for Now,Cash Flow Risk,Strong relative strength vs SPY (98.2/100),Cash-flow profile looks weak (7.0/100) | Free cash flow yield is negative,45 minutes,Outperforming SPY on relative strength.,100,Yahoo Finance,2026-09-30,2026-09-30 18:25:21,25.97,17.7,1/3,Medium,96.4,49.1,98.6
FCX,"Freeport-McMoRan, Inc.",Basic Materials,Copper,71.01,47.67,15.31,59.73,"P/E (sector median 29x): $59.73 | EV/FCF (sector median 37x): $47.67 | DCF (3-stage, CAPM): $15.31",-32.9,-49.0,75.27,Research only,52.6,F,Tier 4 — Low Priority / Avoid,55.1,42.5,58.8,57.1,51.3,51.1,52.5,50.6,73.7,32.9,34.2,43.7,63.0,63.2,66.9,46.5,52.6,55.0,34.808826,17.081415,4.5363,3.9419982,12.565,55.6,2.12,2.87,11.39,38.27,33.4,36.93,8.35,22.81,36.6,14.75,7.58,25.87,-7.3,28.1,32.149,2.066,0.795,0.39,0.66,1.401,47.7,-42.2,0.85,29.41,-2.0,16.7,16.6,83.0,-1.1,66.6,0.74,0.79,General Watchlist,Low Priority / Avoid,Avoid for Now,Cash Flow Risk,ROIC proxy is strong (25.87%),Valuation may be stretched (34.2/100) | Cash-flow profile looks weak (32.9/100),30 minutes,Strong ROIC proxy. | Valuation risk: stock may be expensive.,100,Yahoo Finance,2026-09-30,2026-09-30 18:25:27,,,0/3,Low,29.63,47.1,84.1
GRMN,Garmin Ltd.,Technology,Scientific & Technical Instruments,288.06,181.62,149.67,304.91,"P/E (sector median 31x): $304.91 | EV/FCF (sector median 32x): $181.62 | DCF (3-stage, CAPM): $149.67",-37.0,-58.6,305.34,Research only,63.5,D,Tier 3 — Watchlist Only,69.9,52.5,63.7,69.2,62.6,57.8,50.0,57.0,67.3,42.7,23.8,67.1,100.0,65.0,51.2,73.6,74.7,61.0,29.72704,25.870863,3.0267,7.2414246,23.159,51.29,1.88,3.36,24.47,60.08,30.44,30.13,13.6,25.8,52.74,21.89,12.17,28.01,11.4,35.3,2.513,3.028,1.845,11.75,-1.06,0.866,37.7,-28.0,1.45,38.7,5.1,20.5,22.3,18.9,4.6,2.6,0.27,0.81,General Watchlist,Watchlist Only,Watchlist / Research Later,Valuation Risk,ROIC proxy is strong (28.01%),Valuation may be stretched (23.8/100),30 minutes,Strong ROIC proxy. | Valuation risk: stock may be expensive.,100,Yahoo Finance,2026-09-30,2026-09-30 18:25:34,282.89,29.2,1/3,Medium,56.52,71.5,92.0
IT,"Gartner, Inc.",Technology,Information Technology Services,186.53,349.59,225.73,467.66,"P/E (sector median 31x): $349.59 | EV/FCF (sector median 32x): $467.66 | DCF (3-stage, CAPM): $225.73",87.4,46.6,238.76,Research only,57.2,F,Tier 4 — Low Priority / Avoid,62.3,54.5,45.5,67.8,55.9,56.7,27.5,49.5,79.8,78.9,87.0,42.3,38.4,50.2,28.1,40.6,62.3,53.0,16.78938,11.402502,0.7091,1.8223792,9.811,12.9,8.94,5.96,12.0,69.63,22.62,21.41,16.28,21.39,76.13,113.58,10.17,,-0.6,33.1,,0.88,0.75,0.45,1.33,0.953,48.4,-77.2,,0.0,-1.8,36.8,20.5,-29.0,2.9,-45.4,0.31,0.44,Recovery Candidate,Low Priority / Avoid,High Risk — Needs Confirmation,Debt / Balance Sheet Risk,Strong cash-flow profile (78.9/100) | Strong quality profile (79.8/100) | FCF yield looks attractive (8.94%) | Fair value upside is positive (87.4%),Financial strength looks weak (38.4/100) | Relative strength is weak (28.1/100),60+ minutes,Strong free cash flow yield. | Financial risk: balance sheet metrics look weak.,94,Yahoo Finance,2026-09-30,2026-09-30 18:25:41,324.34,29.2,3/3,Medium,119.14,57.1,99.4
GE,GE Aerospace,Industrials,Aerospace & Defense,313.99,208.13,84.49,241.77,"P/E (sector median 28x): $241.77 | EV/FCF (sector median 34x): $208.13 | DCF (3-stage, CAPM): $84.49",-33.7,-50.9,332.82,Research only,55.8,F,Tier 4 — Low Priority / Avoid,64.3,50.4,43.3,64.8,55.1,48.1,37.5,48.5,95.6,41.5,10.4,71.2,41.5,24.5,15.1,59.6,63.1,92.0,36.98292,34.601143,4.0588,6.4333625,29.639,51.61,2.02,2.7,17.72,31.05,20.57,22.68,13.02,19.35,67.29,48.23,5.07,29.47,21.1,19.4,113.225,0.982,0.632,0.49,0.9,1.35,32.5,-21.4,0.59,19.58,-5.2,-16.7,7.4,4.8,-10.2,-11.6,0.36,0.38,General Watchlist,Low Priority / Avoid,Watchlist / Research Later,Valuation Risk,Strong quality profile (95.6/100) | Positive news sentiment (92.0/100) | ROIC proxy is strong (29.47%),Valuation may be stretched (10.4/100) | Momentum is weak (24.5/100) | Relative strength is weak (15.1/100),30 minutes,Strong ROIC proxy. | Valuation risk: stock may be expensive.,100,Yahoo Finance,2026-09-30,2026-09-30 18:25:47,223.29,26.3,0/3,Low,97.06,61.8,46.3
GEHC,GE HealthCare Technologies Inc.,Healthcare,Medical Devices,65.82,107.34,77.92,641.57,P/E (sector median 27x): $118.15 | EV/FCF (sector median 29x): $77.92 | DCF (FCFF/WACC): $96.54 | Dividend (DDM): $641.57,63.1,38.7,84.25,Research only,34.5,F,Tier 4 — Low Priority / Avoid,37.8,33.0,31.1,34.3,35.5,34.0,2.5,26.6,15.3,48.2,70.3,38.1,37.3,21.9,0.0,63.6,47.2,53.0,15.165898,12.16139,1.6484,1.3980057,10.778,24.62,5.29,6.59,9.33,39.53,14.98,16.9,7.4,9.88,74.88,19.38,5.13,12.94,5.8,16.8,93.965,1.264,0.831,0.2,2.36,0.821,34.9,-37.4,24.0,3.23,-6.5,0.4,-8.5,-12.2,-26.1,-28.5,0.29,0.22,Recovery Candidate,Low Priority / Avoid,High Risk — Needs Confirmation,Business Quality Risk,FCF yield looks attractive (5.29%) | ROIC proxy is strong (12.94%) | Fair value upside is positive (63.1%),Growth profile looks weak (38.1/100) | Financial strength looks weak (37.3/100) | Momentum is weak (21.9/100) | Relative strength is weak (0.0/100),60+ minutes,Strong ROIC proxy. | Financial risk: balance sheet metrics look weak.,100,Yahoo Finance,2026-09-30,2026-09-30 18:25:54,75.35,17.4,4/4,Low,4.63,46.1,96.3
GEV,GE Vernova Inc.,Industrials,Specialty Industrial Machinery,954.25,1528.76,938.11,19068.19,"P/E (sector median 28x): $992.15 | EV/FCF (sector median 34x): $2,065.37 | DCF (3-stage, CAPM): $938.11 | Dividend (DDM): $19,068.19",60.2,37.6,1221.44,Research only,69.2,D+,Tier 3 — Watchlist Only,77.8,66.0,55.9,76.1,67.9,71.6,50.0,65.4,68.0,90.8,38.1,90.8,69.4,45.5,51.4,55.7,78.8,61.8,27.389494,37.978935,1.8622,6.143758,63.28,15.81,6.19,3.65,23.04,20.57,7.47,9.49,38.01,34.18,111.2,82.58,2.54,82.51,21.9,32.8,28.364,0.85,0.563,3.42,-2.29,0.967,53.8,-38.3,21.0,5.73,6.2,-14.3,6.7,55.5,-10.9,39.2,0.4,0.65,General Watchlist,Watchlist Only,Watchlist / Research Later,Valuation Risk,High business health (76.1/100) | Strong cash-flow profile (90.8/100) | Strong growth profile (90.8/100) | FCF yield looks attractive (6.19%) | ROIC proxy is strong (82.51%),Valuation may be stretched (38.1/100),30 minutes,Strong free cash flow yield. | Strong ROIC proxy.,100,Yahoo Finance,2026-09-30,2026-09-30 18:26:01,916.29,26.3,3/4,Low,112.09,75.0,58.4
GEN,Gen Digital Inc.,Technology,Software - Infrastructure,22.2,50.51,13.9,55.2,P/E (sector median 31x): $53.81 | EV/FCF (sector median 32x): $55.20 | DCF (FCFF/WACC): $47.21 | Dividend (DDM): $13.90,127.5,56.0,28.42,Research only,57.7,F,Tier 4 — Low Priority / Avoid,64.6,56.7,40.4,69.2,56.4,41.1,30.0,45.3,71.7,98.1,86.8,60.6,9.2,24.9,27.0,38.7,88.9,47.0,12.982456,6.7126474,1.3749,2.6163876,8.35,13.01,11.64,7.7,20.73,78.01,35.55,47.45,30.46,30.91,98.54,41.94,8.49,13.85,6.3,64.0,307.831,0.466,0.278,0.07,3.17,1.215,34.4,-43.6,2.4,29.24,-26.0,-16.4,19.8,-20.2,2.2,-36.6,1.2,0.33,Recovery Candidate,Low Priority / Avoid,High Risk — Needs Confirmation,Debt / Balance Sheet Risk,Strong cash-flow profile (98.1/100) | FCF yield looks attractive (11.64%) | ROIC proxy is strong (13.85%) | Fair value upside is positive (127.5%),Financial strength looks weak (9.2/100) | Momentum is weak (24.9/100) | Relative strength is weak (27.0/100) | Risk profile is elevated (38.7/100),60+ minutes,Strong free cash flow yield. | Strong ROIC proxy. | Financial risk: balance sheet metrics look weak. | Risk warning: volatility/drawdown risk is elevated.,100,Yahoo Finance,2026-09-30,2026-09-30 18:26:07,49.92,29.2,3/4,Low,98.76,65.0,99.1
GNRC,Generac Holdlings Inc.,Industrials,Specialty Industrial Machinery,208.04,123.88,47.89,150.58,P/E (sector median 28x): $123.88 | EV/FCF (sector median 34x): $150.58 | DCF (FCFF/WACC): $47.89,-40.5,-67.9,220.52,Research only,38.0,F,Tier 4 — Low Priority / Avoid,43.2,33.6,37.6,36.3,36.9,21.7,0.0,22.5,24.8,28.4,43.8,60.1,53.2,43.7,28.1,28.1,49.2,39.5,47.825287,16.680323,0.5635,2.768282,21.472,47.26,2.35,2.09,5.82,39.54,17.93,14.33,6.51,12.35,52.73,9.49,4.72,15.64,10.6,92.0,49.003,2.045,0.88,0.19,1.79,1.913,51.0,-47.8,,0.0,14.7,-17.7,4.5,24.3,-13.1,7.9,0.3,0.45,General Watchlist,Low Priority / Avoid,High Risk — Needs Confirmation,Business Quality Risk,ROIC proxy is strong (15.64%),Cash-flow profile looks weak (28.4/100) | Relative strength is weak (28.1/100) | Risk profile is elevated (28.1/100) | Recent news sentiment is weak (39.5/100),60+ minutes,Strong ROIC proxy. | Risk warning: volatility/drawdown risk is elevated. | Recent news sentiment is negative.,100,Yahoo Finance,2026-09-30,2026-09-30 18:26:14,114.4,26.3,0/3,Low,81.32,52.0,99.3
GD,General Dynamics Corporation,Industrials,Aerospace & Defense,331.75,496.26,462.58,1355.99,"P/E (sector median 28x): $466.46 | EV/FCF (sector median 34x): $526.06 | DCF (3-stage, CAPM): $462.58 | Dividend (DDM): $1,355.99",49.6,33.1,424.64,Research only,40.2,F,Tier 4 — Low Priority / Avoid,45.7,39.1,31.5,41.7,42.0,40.3,0.0,30.8,32.1,47.3,58.9,40.4,58.1,16.2,2.4,87.4,35.1,51.2,20.253359,17.842466,2.122,1.6360865,14.311,21.57,4.9,4.94,8.18,15.38,10.38,12.09,8.02,14.02,57.19,17.8,6.08,14.05,8.1,13.4,35.335,1.441,0.852,0.46,0.78,0.321,22.4,-22.5,1.91,37.68,-10.2,-11.2,-4.5,-1.0,-22.1,-17.4,0.34,0.24,General Watchlist,Low Priority / Avoid,Avoid for Now,Momentum Risk,ROIC proxy is strong (14.05%) | Fair value upside is positive (49.6%),Momentum is weak (16.2/100) | Relative strength is weak (2.4/100),60+ minutes,Strong ROIC proxy.,100,Yahoo Finance,2026-09-30,2026-09-30 18:26:20,430.79,26.3,4/4,Low,66.14,44.4,86.2
GIS,"General Mills, Inc.",Consumer Defensive,Packaged Foods,32.62,33.03,31.35,55.73,EV/FCF (sector median 24x): $33.03 | DCF (FCFF/WACC): $55.73 | Dividend (DDM): $31.35,1.3,1.3,34.57,Research only,24.6,F,Tier 4 — Low Priority / Avoid,26.3,22.9,22.3,26.4,25.7,18.4,2.5,17.0,19.8,54.8,59.3,6.9,10.4,6.9,0.0,53.9,18.7,62.4,,10.343067,11.74,0.95311815,9.159,24.01,7.47,,-4.89,33.73,15.24,18.67,7.12,11.3,63.02,-10.49,5.65,10.71,-2.8,-66.7,182.422,0.704,0.318,0.03,3.86,-0.025,25.6,-53.1,7.21,59.41,-20.6,-11.7,-9.3,-31.3,-27.0,-47.6,0.59,0.06,General Watchlist,Low Priority / Avoid,High Risk — Needs Confirmation,Growth Risk,FCF yield looks attractive (7.47%) | ROIC proxy is strong (10.71%),Growth profile looks weak (6.9/100) | Financial strength looks weak (10.4/100) | Momentum is weak (6.9/100) | Relative strength is weak (0.0/100),60+ minutes,Strong free cash flow yield. | Financial risk: balance sheet metrics look weak.,94,Yahoo Finance,2026-09-30,2026-09-30 18:26:27,,,2/3,Medium,141.47,21.0,98.4
GM,General Motors Company,Consumer Cyclical,Auto Manufacturers,77.06,274.69,43.97,454.87,P/E (sector median 20x): $43.97 | EV/FCF (sector median 29x): $274.69 | DCF (FCFF/WACC): $454.87,256.4,71.9,98.64,Research only,34.4,F,Tier 4 — Low Priority / Avoid,33.2,32.4,40.0,32.4,34.8,29.2,27.5,30.5,19.7,74.0,84.2,22.0,10.1,34.8,28.8,45.2,24.8,79.0,34.40402,5.124562,0.2941,0.37569293,10.71,8.04,31.47,2.91,1.05,10.18,3.2,8.87,11.82,12.51,94.53,3.16,2.25,2.79,1.9,-26.2,202.341,1.136,0.892,0.19,6.32,1.321,36.0,-29.1,0.89,29.46,-9.8,1.6,3.1,27.5,-14.5,11.1,0.73,0.63,Recovery Candidate,Low Priority / Avoid,High Risk — Needs Confirmation,Debt / Balance Sheet Risk,Positive news sentiment (79.0/100) | FCF yield looks attractive (31.47%) | Fair value upside is positive (256.4%),Growth profile looks weak (22.0/100) | Financial strength looks weak (10.1/100) | Momentum is weak (34.8/100) | Relative strength is weak (28.8/100),60+ minutes,Strong free cash flow yield. | Financial risk: balance sheet metrics look weak.,100,Yahoo Finance,2026-09-30,2026-09-30 18:26:34,77.06,34.4,2/3,Low,96.35,19.6,89.6
GPC,Genuine Parts Company,Consumer Cyclical,Auto Parts,126.56,158.23,4.91,284.44,P/E (sector median 20x): $4.91 | EV/FCF (sector median 29x): $140.85 | DCF (FCFF/WACC): $175.62 | Dividend (DDM): $284.44,25.0,20.0,150.32,Research only,31.9,F,Tier 4 — Low Priority / Avoid,30.7,27.7,41.3,28.1,32.9,22.5,2.5,20.7,25.9,41.1,55.3,19.9,22.5,35.8,31.4,62.0,21.1,68.0,506.24,15.222626,1.32,0.69590986,11.504,25.74,5.26,0.2,0.13,37.56,6.56,8.19,3.66,4.73,77.35,0.71,4.48,12.24,6.0,-9.8,146.415,1.159,0.419,0.08,2.97,0.656,33.1,-37.5,3.35,1674.0,-5.4,-3.8,22.6,-5.4,5.0,-21.7,0.22,0.66,General Watchlist,Low Priority / Avoid,High Risk — Needs Confirmation,Growth Risk,Positive news sentiment (68.0/100) | FCF yield looks attractive (5.26%) | ROIC proxy is strong (12.24%) | Fair value upside is positive (25.0%),Growth profile looks weak (19.9/100) | Financial strength looks weak (22.5/100) | Momentum is weak (35.8/100) | Relative strength is weak (31.4/100),60+ minutes,Strong ROIC proxy. | Financial risk: balance sheet metrics look weak.,100,Yahoo Finance,2026-09-30,2026-09-30 18:26:41,8.6,34.4,3/4,Low,80.0,25.1,98.4
GILD,"Gilead Sciences, Inc.",Healthcare,Drug Manufacturers - General,150.15,204.65,170.28,697.27,"EV/FCF (sector median 29x): $204.65 | DCF (3-stage, CAPM): $170.28 | Dividend (DDM): $697.27",36.3,26.6,191.02,Research only,57.7,F,Tier 4 — Low Priority / Avoid,61.7,54.4,53.6,60.9,57.6,47.2,27.5,46.4,72.5,79.5,57.0,62.2,26.8,56.4,47.0,66.8,51.4,48.0,,15.183369,2.2696,6.1128564,14.305,21.38,5.25,,-10.64,79.6,33.68,47.94,32.07,44.5,72.08,-20.68,14.09,24.42,10.2,,223.465,1.265,0.902,0.19,1.46,0.35,27.1,-21.6,2.17,43.4,0.7,15.0,8.3,38.6,-9.3,22.3,0.28,0.94,General Watchlist,Low Priority / Avoid,High Risk — Needs Confirmation,Debt / Balance Sheet Risk,Strong cash-flow profile (79.5/100) | FCF yield looks attractive (5.25%) | ROIC proxy is strong (24.42%) | Fair value upside is positive (36.3%),Financial strength looks weak (26.8/100) | Debt/equity is high,60+ minutes,Strong ROIC proxy. | Financial risk: balance sheet metrics look weak.,88,Yahoo Finance,2026-09-30,2026-09-30 18:26:48,,17.4,3/3,Low,101.91,64.6,69.9
GPN,Global Payments Inc.,Industrials,Specialty Business Services,80.31,532.19,56.55,736.87,P/E (sector median 27x): $56.55 | EV/FCF (sector median 34x): $532.19 | DCF (FCFF/WACC): $736.87,562.7,84.9,102.8,Research only,53.4,F,Tier 4 — Low Priority / Avoid,59.1,53.8,43.4,54.6,53.3,45.9,27.5,44.9,54.3,90.8,83.1,65.2,22.1,38.9,37.9,55.8,42.4,50.0,38.7971,5.016136,0.2075,2.0821037,9.062,5.16,37.02,2.58,-9.15,63.96,16.11,43.91,77.08,16.24,474.61,2.43,2.33,3.16,68.6,-95.2,98.273,0.825,0.494,0.23,4.05,0.785,40.2,-46.8,1.22,47.39,-13.2,4.0,26.2,-4.4,9.1,-20.0,0.46,0.56,Recovery Candidate,Low Priority / Avoid,High Risk — Needs Confirmation,Debt / Balance Sheet Risk,Strong cash-flow profile (90.8/100) | FCF yield looks attractive (37.02%) | Fair value upside is positive (562.7%),Financial strength looks weak (22.1/100) | Momentum is weak (38.9/100) | Relative strength is weak (37.9/100),60+ minutes,Strong free cash flow yield. | Financial risk: balance sheet metrics look weak.,100,Yahoo Finance,2026-10-01,2026-10-01 18:47:03,67.71,32.7,2/3,Low,170.49,70.5,97.8
GL,Globe Life Inc.,Financial Services,Insurance - Life,164.44,312.13,224.81,399.45,P/E (sector median 15x): $224.81 | P/B (justified): $399.45,89.8,47.3,210.49,Research only,58.9,F,Tier 4 — Low Priority / Avoid,63.9,54.6,52.3,64.5,59.7,57.0,15.0,47.2,63.8,83.5,86.2,56.3,37.7,36.2,40.9,89.0,68.9,50.0,10.941118,9.9553585,1.3,2.040955,9.345,13.5,9.21,9.14,19.58,33.91,24.64,27.14,18.79,22.47,83.61,20.94,3.36,13.23,8.0,19.7,55.675,0.795,0.64,0.13,1.77,0.462,23.7,-14.7,0.8,7.98,-5.1,-7.1,15.5,17.6,-1.6,2.0,0.65,0.62,Recovery Candidate,Low Priority / Avoid,High Risk — Needs Confirmation,Momentum Risk,Strong cash-flow profile (83.5/100) | FCF yield looks attractive (9.21%) | ROIC proxy is strong (13.23%) | Fair value upside is positive (89.8%),Financial strength looks weak (37.7/100) | Momentum is weak (36.2/100),60+ minutes,Strong free cash flow yield. | Strong ROIC proxy. | Financial risk: balance sheet metrics look weak.,100,Yahoo Finance,2026-10-01,2026-10-01 18:47:10,190.87,12.7,2/2,Medium,67.07,56.3,99.2
GDDY,GoDaddy Inc.,Technology,Software - Infrastructure,97.3,211.79,188.62,257.31,P/E (sector median 31x): $211.79 | EV/FCF (sector median 32x): $257.31 | DCF (FCFF/WACC): $188.62,117.7,54.1,124.54,Research only,52.4,F,Tier 4 — Low Priority / Avoid,57.5,51.3,42.3,58.1,51.2,35.4,5.0,34.8,50.3,90.8,91.2,58.9,18.5,40.9,26.7,34.7,70.6,50.0,14.456909,8.822943,0.5258,2.4141746,10.685,12.23,9.78,6.92,17.83,63.8,27.06,27.02,23.61,33.87,69.7,442.86,9.88,41.24,6.6,29.8,57334.33,0.632,0.415,0.31,1.91,0.94,41.6,-65.0,,0.0,-4.5,13.6,19.1,-26.4,2.0,-42.0,0.28,0.36,Recovery Candidate,Low Priority / Avoid,High Risk — Needs Confirmation,Debt / Balance Sheet Risk,Strong cash-flow profile (90.8/100) | FCF yield looks attractive (9.78%) | ROIC proxy is strong (41.24%) | Fair value upside is positive (117.7%),Financial strength looks weak (18.5/100) | Relative strength is weak (26.7/100) | Risk profile is elevated (34.7/100) | Debt/equity is high,60+ minutes,Strong free cash flow yield. | Strong ROIC proxy. | Financial risk: balance sheet metrics look weak. | Risk warning: volatility/drawdown risk is elevated.,100,Yahoo Finance,2026-10-01,2026-10-01 18:47:17,137.34,20.4,3/3,High,136.8,67.2,99.3
GS,"Goldman Sachs Group, Inc. (The)",Financial Services,Capital Markets,892.48,788.14,643.55,968.93,P/E (sector median 15x): $968.93 | P/B (justified): $643.55 | Dividend (DDM): $788.14,-11.7,-13.2,946.03,Research only,46.2,F,Tier 4 — Low Priority / Avoid,54.1,40.8,39.7,48.4,45.3,43.9,25.0,39.9,33.2,40.0,68.9,88.0,46.3,22.8,21.8,45.1,87.5,50.0,13.777092,12.177736,1.1741,3.8458583,,,,7.26,31.04,82.08,42.18,0.0,,-58.25,,16.9,1.07,,42.5,92.3,725.381,1.563,1.407,1.29,,1.283,32.7,-30.9,2.22,26.25,-11.1,-15.0,4.4,15.9,-12.7,0.3,0.8,0.39,General Watchlist,Low Priority / Avoid,Avoid for Now,Momentum Risk,Strong growth profile (88.0/100),Momentum is weak (22.8/100) | Relative strength is weak (21.8/100) | Debt/equity is high,45 minutes,No major signal,88,Yahoo Finance,2026-10-01,2026-10-01 18:47:24,822.7,12.7,1/3,High,83.69,76.0,57.5
HAL,Halliburton Company,Energy,Oil & Gas Equipment & Services,31.8,34.66,15.87,47.82,"P/E (sector median 17x): $32.44 | EV/FCF (sector median 18x): $36.87 | DCF (3-stage, CAPM): $47.82 | Dividend (DDM): $15.87",9.0,8.3,33.94,Research only,44.1,F,Tier 4 — Low Priority / Avoid,49.2,40.6,38.3,47.3,44.5,46.4,12.5,37.0,33.3,63.4,87.0,40.5,56.8,23.4,31.2,63.8,42.4,50.0,16.646597,10.9552555,0.684,1.187211,7.897,15.93,7.73,6.01,7.16,15.08,12.79,18.5,9.17,12.29,74.63,14.92,7.26,13.16,3.7,16.1,74.186,2.018,1.252,0.25,1.49,0.769,38.5,-39.0,2.14,35.6,-15.5,-3.2,-16.0,30.3,-33.1,14.7,0.54,0.49,Recovery Candidate,Low Priority / Avoid,Avoid for Now,Momentum Risk,FCF yield looks attractive (7.73%) | ROIC proxy is strong (13.16%),Momentum is weak (23.4/100) | Relative strength is weak (31.2/100),60+ minutes,Strong free cash flow yield. | Strong ROIC proxy.,100,Yahoo Finance,2026-10-01,2026-10-01 18:47:31,,,3/4,Low,58.08,39.9,96.9
HIG,"The Hartford Insurance Group, I",Financial Services,Insurance - Diversified,125.06,355.26,216.73,524.55,P/E (sector median 15x): $216.73 | P/B (justified): $355.26 | Dividend (DDM): $524.55,184.1,64.8,160.08,Research only,62.1,D-,Tier 3 — Watchlist Only,73.0,61.0,37.3,74.4,62.9,64.8,37.5,57.9,68.3,85.8,98.9,59.6,74.5,17.3,0.2,93.1,70.9,50.0,8.63078,9.143129,0.12,1.1555604,6.064,6.15,16.26,11.59,14.89,37.87,17.61,19.05,18.79,20.06,93.66,22.06,3.85,20.77,8.1,36.1,22.33,1.772,0.999,0.91,0.07,0.45,21.3,-15.6,1.96,16.02,-8.9,-8.7,-7.3,-4.2,-24.5,-19.8,0.78,0.2,Recovery Candidate,Watchlist Only,Watchlist / Research Later,Momentum Risk,Strong cash-flow profile (85.8/100) | FCF yield looks attractive (16.26%) | ROIC proxy is strong (20.77%) | Fair value upside is positive (184.1%),Momentum is weak (17.3/100) | Relative strength is weak (0.2/100),60+ minutes,Strong free cash flow yield. | Strong ROIC proxy.,100,Yahoo Finance,2026-10-01,2026-10-01 18:47:38,184.02,12.7,3/3,Medium,74.05,67.0,95.6
HAS,"Hasbro, Inc.",Consumer Cyclical,Leisure,89.38,209.58,110.33,610.13,P/E (sector median 20x): $110.33 | EV/FCF (sector median 29x): $118.32 | DCF (FCFF/WACC): $300.84 | Dividend (DDM): $610.13,134.5,57.4,114.4,Research only,59.8,F,Tier 4 — Low Priority / Avoid,67.1,58.6,45.2,67.0,59.3,55.9,27.5,50.8,97.7,62.3,70.6,61.5,35.3,50.4,24.3,59.4,51.0,50.0,15.903026,13.721059,1.5757,2.5347562,11.454,21.64,5.46,6.29,15.97,63.82,22.16,26.14,13.84,25.9,53.42,159.56,13.08,27.17,16.2,,531.042,1.661,1.295,0.36,1.92,0.466,33.2,-28.9,3.19,49.82,-4.4,15.5,0.7,22.5,-16.4,6.9,1.26,0.59,Recovery Candidate,Low Priority / Avoid,High Risk — Needs Confirmation,Debt / Balance Sheet Risk,Strong quality profile (97.7/100) | FCF yield looks attractive (5.46%) | ROIC proxy is strong (27.17%) | Fair value upside is positive (134.5%),Financial strength looks weak (35.3/100) | Relative strength is weak (24.3/100) | Debt/equity is high,60+ minutes,Strong ROIC proxy. | Financial risk: balance sheet metrics look weak.,94,Yahoo Finance,2026-10-01,2026-10-01 18:47:45,111.84,19.9,4/4,Low,,65.0,99.2
HCA,"HCA Healthcare, Inc.",Healthcare,Medical Care Facilities,425.25,520.48,316.74,812.07,P/E (sector median 27x): $812.07 | EV/FCF (sector median 29x): $316.74 | DCF (FCFF/WACC): $520.48,22.4,18.3,496.67,Research only,30.5,F,Tier 4 — Low Priority / Avoid,32.5,28.4,32.5,26.6,31.5,19.1,0.0,18.9,23.2,30.2,64.9,39.2,25.4,35.4,4.4,59.2,29.3,50.0,14.255783,13.282496,1.34,1.209252,9.287,39.12,3.96,7.01,8.77,42.58,15.16,20.18,4.79,14.26,33.6,,12.29,,8.7,11.6,,0.993,0.775,0.02,3.2,1.109,29.8,-33.6,0.73,10.06,6.0,2.1,-9.5,0.5,-26.7,-15.1,0.39,0.36,General Watchlist,Low Priority / Avoid,High Risk — Needs Confirmation,Business Quality Risk,Fair value upside is positive (22.4%),Cash-flow profile looks weak (30.2/100) | Growth profile looks weak (39.2/100) | Financial strength looks weak (25.4/100) | Momentum is weak (35.4/100),60+ minutes,Financial risk: balance sheet metrics look weak.,88,Yahoo Finance,2026-10-01,2026-10-01 18:47:52,934.79,31.3,2/3,Medium,108.18,45.0,85.4
DOC,"Healthpeak Properties, Inc.",Real Estate,REIT - Healthcare Facilities,19.45,43.95,10.21,103.12,P/E (sector median 29x): $10.21 | EV/FCF (sector median 29x): $38.86 | DCF (FCFF/WACC): $49.04 | Dividend (DDM): $103.12,125.9,55.7,24.9,Research only,60.3,D-,Tier 3 — Watchlist Only,67.2,58.4,48.6,65.2,60.2,61.5,25.0,52.3,53.4,97.9,31.0,69.5,42.9,33.8,41.9,69.2,67.1,50.0,55.585716,138.96428,4.32,4.6757545,15.345,14.65,11.93,1.8,8.25,57.65,15.99,53.25,55.77,41.73,133.64,3.04,1.51,2.23,11.1,68.2,108.653,2.286,1.928,0.16,5.53,0.989,26.6,-26.0,6.11,348.58,-7.0,-9.2,21.4,8.4,4.3,-7.2,0.61,0.59,General Watchlist,Watchlist Only,Watchlist / Research Later,Valuation Risk,Strong cash-flow profile (97.9/100) | FCF yield looks attractive (11.93%) | Fair value upside is positive (125.9%),Valuation may be stretched (31.0/100) | Momentum is weak (33.8/100),45 minutes,Strong free cash flow yield. | Valuation risk: stock may be expensive.,100,Yahoo Finance,2026-10-01,2026-10-01 18:47:59,13.95,39.9,3/4,Low,246.11,57.3,99.0
HSIC,"Henry Schein, Inc.",Healthcare,Medical Distribution,84.67,91.76,75.47,93.38,P/E (sector median 27x): $93.38 | EV/FCF (sector median 29x): $75.47 | DCF (FCFF/WACC): $91.76,8.4,7.7,89.99,Research only,32.3,F,Tier 4 — Low Priority / Avoid,31.3,25.6,48.3,23.0,33.7,21.1,0.0,19.4,6.3,33.6,57.2,41.0,30.0,40.5,49.6,76.8,31.8,50.0,24.685131,14.135343,1.7438,0.7091113,13.5,32.69,4.62,4.05,2.96,31.32,5.76,7.94,3.28,5.15,63.71,8.85,4.39,9.0,6.7,17.1,80.733,1.319,0.55,0.04,3.39,0.812,26.9,-24.3,,0.0,-6.3,-2.3,14.5,29.1,-2.6,13.5,0.39,0.79,General Watchlist,Low Priority / Avoid,High Risk — Needs Confirmation,Business Quality Risk,No single dominant strength; needs manual research.,Cash-flow profile looks weak (33.6/100) | Financial strength looks weak (30.0/100),60+ minutes,Financial risk: balance sheet metrics look weak.,100,Yahoo Finance,2026-10-01,2026-10-01 18:48:06,107.49,31.3,2/3,High,94.56,37.7,99.7
HSY,The Hershey Company,Consumer Defensive,Confectioners,159.21,222.91,166.18,695.82,P/E (sector median 23x): $166.18 | EV/FCF (sector median 24x): $183.68 | DCF (FCFF/WACC): $262.15 | Dividend (DDM): $695.82,40.0,28.6,203.78,Research only,54.4,F,Tier 4 — Low Priority / Avoid,64.2,55.3,29.5,66.4,54.7,43.9,15.0,42.0,91.9,62.8,70.7,54.3,30.7,8.0,0.0,69.2,61.6,50.0,22.235336,16.146486,0.8461,2.6297767,13.521,21.11,5.45,4.5,12.24,38.38,23.12,22.38,14.33,21.84,65.63,32.81,9.92,22.92,6.6,631.0,129.821,1.18,0.507,0.13,1.89,0.097,28.4,-32.3,3.69,77.1,-10.3,-9.6,-21.6,-13.1,-38.7,-28.7,0.78,0.02,Recovery Candidate,Low Priority / Avoid,High Risk — Needs Confirmation,Momentum Risk,Strong quality profile (91.9/100) | FCF yield looks attractive (5.45%) | ROIC proxy is strong (22.92%) | Fair value upside is positive (40.0%),Financial strength looks weak (30.7/100) | Momentum is weak (8.0/100) | Relative strength is weak (0.0/100),60+ minutes,Strong ROIC proxy. | Financial risk: balance sheet metrics look weak.,100,Yahoo Finance,2026-10-01,2026-10-01 18:48:13,159.21,22.2,4/4,Low,75.36,56.6,95.9
HPE,Hewlett Packard Enterprise Comp,Technology,Communication Equipment,64.83,69.21,61.05,100.38,P/E (sector median 31x): $61.05 | EV/FCF (sector median 32x): $100.38 | DCF (FCFF/WACC): $69.21,6.8,6.3,68.72,Research only,51.1,F,Tier 4 — Low Priority / Avoid,50.3,42.0,73.5,38.7,49.6,40.0,30.0,40.3,14.7,57.3,69.1,88.6,38.4,90.0,100.0,35.6,58.0,50.0,33.417526,13.936062,0.498,2.0553498,14.366,20.89,5.51,2.99,6.67,36.62,12.56,16.46,11.32,15.99,70.79,10.94,2.64,10.23,33.7,410.2,76.464,1.113,0.534,0.31,2.05,1.442,51.5,-48.4,0.89,28.74,25.4,50.6,164.9,164.7,147.7,149.2,0.48,1.0,General Watchlist,Low Priority / Avoid,High Risk — Needs Confirmation,Business Quality Risk,Strong growth profile (88.6/100) | Strong relative strength vs SPY (100.0/100) | FCF yield looks attractive (5.51%) | ROIC proxy is strong (10.23%),Financial strength looks weak (38.4/100) | Risk profile is elevated (35.6/100),60+ minutes,Outperforming SPY on relative strength. | Financial risk: balance sheet metrics look weak. | Risk warning: volatility/drawdown risk is elevated.,100,Yahoo Finance,2026-10-01,2026-10-01 18:48:20,39.59,20.4,2/3,Medium,49.05,67.1,86.8
HLT,Hilton Worldwide Holdings Inc.,Consumer Cyclical,Lodging,316.23,141.54,100.09,869.84,P/E (sector median 20x): $133.88 | EV/FCF (sector median 29x): $149.19 | DCF (FCFF/WACC): $100.09 | Dividend (DDM): $869.84,-55.2,-123.4,335.2,Research only,52.9,F,Tier 4 — Low Priority / Avoid,58.5,46.3,46.1,62.1,52.7,34.1,2.5,33.3,86.0,60.1,24.6,48.9,16.4,37.7,27.7,67.5,68.5,50.0,46.367302,30.246178,1.2704,13.944192,27.411,60.73,1.96,2.16,31.03,79.04,62.99,60.5,27.31,41.32,66.09,,11.03,,2.5,14.1,,0.649,0.551,0.07,4.21,1.056,24.4,-26.4,19.0,8.81,1.5,-6.8,3.8,23.4,-13.3,7.8,0.48,0.64,General Watchlist,Low Priority / Avoid,High Risk — Needs Confirmation,Debt / Balance Sheet Risk,Strong quality profile (86.0/100),Valuation may be stretched (24.6/100) | Financial strength looks weak (16.4/100) | Momentum is weak (37.7/100) | Relative strength is weak (27.7/100),60+ minutes,Valuation risk: stock may be expensive. | Financial risk: balance sheet metrics look weak.,88,Yahoo Finance,2026-10-01,2026-10-01 18:48:27,135.72,19.9,1/4,Low,195.58,57.2,89.3
HD,"Home Depot, Inc. (The)",Consumer Cyclical,Home Improvement Retail,282.57,265.68,235.12,290.27,P/E (sector median 20x): $278.76 | EV/FCF (sector median 29x): $252.60 | DCF (FCFF/WACC): $235.12 | Dividend (DDM): $290.27,-6.0,-6.4,299.52,Research only,32.2,F,Tier 4 — Low Priority / Avoid,36.8,29.6,23.6,38.3,32.9,21.7,0.0,20.6,57.7,36.4,50.0,26.5,15.1,10.2,0.0,57.2,29.9,50.0,19.899296,17.633295,2.504,1.6664134,13.994,32.05,3.82,5.03,8.41,32.8,12.86,14.57,6.36,11.1,57.31,104.3,12.14,22.11,5.7,4.6,380.261,1.078,0.259,0.03,2.48,0.955,24.1,-31.4,3.28,64.8,-10.6,-18.8,-10.8,-26.8,-28.0,-42.4,1.28,0.0,General Watchlist,Low Priority / Avoid,High Risk — Needs Confirmation,Momentum Risk,ROIC proxy is strong (22.11%),Cash-flow profile looks weak (36.4/100) | Growth profile looks weak (26.5/100) | Financial strength looks weak (15.1/100) | Momentum is weak (10.2/100),60+ minutes,Strong ROIC proxy. | Financial risk: balance sheet metrics look weak.,100,Yahoo Finance,2026-10-01,2026-10-01 18:48:34,282.57,19.9,1/4,High,78.83,39.0,53.7
HONA,Honeywell Aerospace Inc.,Industrials,Aerospace & Defense,154.44,89.88,89.88,89.88,P/E (sector median 27x): $89.88,-41.8,-71.8,163.71,Research only,41.6,F,Tier 4 — Low Priority / Avoid,44.2,36.0,41.9,45.3,41.7,31.2,0.0,27.0,62.2,51.3,51.4,26.5,24.6,36.3,41.6,58.4,29.1,50.0,46.94225,16.996344,1.0445,2.7323573,18.17,,,2.13,10.86,34.53,14.68,19.75,,16.89,,,,,5.4,-70.9,,1.526,0.764,0.07,4.27,,30.0,-25.0,,0.0,0.0,0.0,0.0,0.0,0.0,0.0,1.0,0.5,General Watchlist,Low Priority / Avoid,High Risk — Needs Confirmation,Debt / Balance Sheet Risk,No single dominant strength; needs manual research.,Growth profile looks weak (26.5/100) | Financial strength looks weak (24.6/100) | Momentum is weak (36.3/100),60+ minutes,Financial risk: balance sheet metrics look weak.,75,Yahoo Finance,2026-10-01,2026-10-01 18:48:40,107.62,32.7,0/1,Low,0.0,35.9,93.1
HON,Honeywell International Inc.,Industrials,Conglomerates,214.22,210.47,205.84,710.55,P/E (sector median 27x): $710.55 | EV/FCF (sector median 34x): $205.84 | DCF (FCFF/WACC): $210.47,-1.8,-1.8,227.07,Research only,43.4,F,Tier 4 — Low Priority / Avoid,48.8,38.3,37.5,48.9,43.7,29.3,0.0,27.4,65.6,36.1,49.4,48.1,22.1,28.8,8.6,65.9,62.2,50.0,8.236063,21.553455,3.4743,1.7840314,10.918,35.6,3.84,12.14,21.58,36.51,20.25,22.37,6.86,13.45,51.0,46.58,5.72,13.74,4.3,263.9,185.369,1.211,0.756,0.26,3.03,0.901,26.1,-22.1,1.33,36.14,4.0,-7.1,-10.2,5.1,-27.3,-10.4,0.44,0.31,General Watchlist,Low Priority / Avoid,High Risk — Needs Confirmation,Debt / Balance Sheet Risk,ROIC proxy is strong (13.74%),Cash-flow profile looks weak (36.1/100) | Financial strength looks weak (22.1/100) | Momentum is weak (28.8/100) | Relative strength is weak (8.6/100),60+ minutes,Strong ROIC proxy. | Financial risk: balance sheet metrics look weak.,100,Yahoo Finance,2026-10-01,2026-10-01 18:48:48,850.85,32.7,1/3,Low,121.58,42.6,89.9
HRL,Hormel Foods Corporation,Consumer Defensive,Packaged Foods,19.89,19.38,14.39,23.72,P/E (sector median 23x): $14.39 | EV/FCF (sector median 24x): $23.20 | DCF (FCFF/WACC): $23.72 | Dividend (DDM): $15.57,-2.6,-2.6,21.08,Research only,27.6,F,Tier 4 — Low Priority / Avoid,31.1,24.6,23.6,29.6,29.4,31.5,12.5,25.4,14.1,44.2,66.3,6.3,56.1,9.2,0.0,76.7,12.3,50.0,32.080643,12.656456,1.4015,0.9011737,10.259,20.88,5.68,3.12,2.82,15.74,8.62,10.41,5.12,8.99,56.94,4.29,4.63,8.41,-2.4,-67.2,36.326,1.882,0.886,0.3,1.57,0.315,26.9,-37.0,5.87,188.31,-9.8,-17.1,-7.6,-15.6,-24.7,-31.2,0.48,0.06,General Watchlist,Low Priority / Avoid,Avoid for Now,Growth Risk,FCF yield looks attractive (5.68%),Growth profile looks weak (6.3/100) | Momentum is weak (9.2/100) | Relative strength is weak (0.0/100),60+ minutes,No major signal,100,Yahoo Finance,2026-10-01,2026-10-01 18:48:54,13.79,22.2,2/4,Medium,78.4,23.1,99.5
HST,"Host Hotels & Resorts, Inc.",Real Estate,REIT - Hotel & Motel,22.52,44.72,13.42,57.89,P/E (sector median 29x): $43.47 | EV/FCF (sector median 29x): $57.89 | DCF (FCFF/WACC): $45.97 | Dividend (DDM): $13.42,98.6,49.6,28.82,Research only,61.6,D-,Tier 3 — Watchlist Only,64.2,55.7,61.7,66.4,61.1,63.5,25.0,52.4,56.3,96.1,62.4,47.0,55.5,56.1,75.5,65.7,58.0,50.0,15.110738,21.329302,3.3561,2.509106,11.364,11.38,10.82,6.62,16.47,29.2,18.21,27.19,27.15,25.76,105.38,15.56,4.33,8.82,3.6,8.4,85.298,1.671,1.669,0.35,2.18,1.101,27.0,-31.3,3.57,53.69,2.7,-2.3,23.2,42.6,6.1,27.0,0.83,0.74,General Watchlist,Watchlist Only,Watchlist / Research Later,Growth Risk,Strong cash-flow profile (96.1/100) | Strong relative strength vs SPY (75.5/100) | FCF yield looks attractive (10.82%) | Fair value upside is positive (98.6%),No major quant red flag detected.,45 minutes,Strong free cash flow yield. | Outperforming SPY on relative strength.,100,Yahoo Finance,2026-10-01,2026-10-01 18:49:01,59.41,39.9,3/4,Low,84.71,47.4,98.7
HWM,Howmet Aerospace Inc.,Industrials,Aerospace & Defense,228.31,112.65,82.15,2764.23,"P/E (sector median 27x): $126.76 | EV/FCF (sector median 34x): $98.55 | DCF (3-stage, CAPM): $82.15 | Dividend (DDM): $2,764.23",-50.7,-102.7,242.0,Research only,59.6,F,Tier 4 — Low Priority / Avoid,71.7,56.1,39.1,68.8,58.9,49.4,25.0,48.0,100.0,39.2,22.4,86.8,45.4,19.6,19.7,64.2,74.7,50.0,49.203663,35.334385,0.8,9.986657,33.752,79.25,1.31,2.03,20.52,36.03,28.5,30.65,13.05,24.36,53.57,34.73,12.81,20.92,24.1,33.0,81.368,1.818,0.695,0.12,1.47,1.186,35.0,-23.2,25.0,10.34,-9.7,-17.8,-1.8,17.4,-18.9,1.8,0.42,0.41,General Watchlist,Low Priority / Avoid,Watchlist / Research Later,Momentum Risk,Strong quality profile (100.0/100) | Strong growth profile (86.8/100) | ROIC proxy is strong (20.92%),Valuation may be stretched (22.4/100) | Cash-flow profile looks weak (39.2/100) | Momentum is weak (19.6/100) | Relative strength is weak (19.7/100),60+ minutes,Strong ROIC proxy. | Valuation risk: stock may be expensive.,100,Yahoo Finance,2026-10-01,2026-10-01 18:49:08,151.79,32.7,1/4,Low,59.33,68.1,86.0
HPQ,HP Inc.,Technology,Computer Hardware,32.22,83.59,57.47,102.75,"P/E (sector median 31x): $82.45 | EV/FCF (sector median 32x): $102.75 | DCF (3-stage, CAPM): $84.74 | Dividend (DDM): $57.47",159.5,61.5,41.24,Research only,41.1,F,Tier 4 — Low Priority / Avoid,37.7,35.4,59.5,33.0,40.7,41.5,27.5,36.6,19.1,59.4,74.5,35.7,35.2,72.7,83.1,40.7,22.1,50.0,12.297711,10.267785,3.4205,0.4911211,7.415,10.14,11.67,8.13,4.14,19.66,5.4,7.84,5.73,7.89,72.62,,5.63,,12.5,-11.3,,0.788,0.44,0.4,1.33,1.205,41.5,-51.2,3.84,45.4,1.7,44.0,68.8,26.8,51.7,11.3,0.4,0.82,General Watchlist,Low Priority / Avoid,High Risk — Needs Confirmation,Business Quality Risk,Strong relative strength vs SPY (83.1/100) | FCF yield looks attractive (11.67%) | Fair value upside is positive (159.5%),Growth profile looks weak (35.7/100) | Financial strength looks weak (35.2/100),60+ minutes,Strong free cash flow yield. | Outperforming SPY on relative strength. | Financial risk: balance sheet metrics look weak.,88,Yahoo Finance,2026-10-01,2026-10-01 18:49:15,53.46,20.4,4/4,Medium,99.02,37.8,96.4
HUBB,Hubbell Inc,Industrials,Electrical Equipment & Parts,465.56,460.86,271.01,466.72,P/E (sector median 27x): $460.86 | EV/FCF (sector median 34x): $271.01 | DCF (FCFF/WACC): $466.72,-1.0,-1.0,493.49,Research only,40.2,F,Tier 4 — Low Priority / Avoid,45.3,36.7,35.2,42.0,40.6,27.1,0.0,25.6,61.3,30.5,39.7,45.2,27.7,32.5,12.5,61.5,36.9,50.0,27.596916,20.282684,1.9473,3.9528594,19.227,58.77,2.02,3.62,14.49,35.34,21.67,24.35,7.97,17.16,46.42,24.44,8.43,11.74,15.3,-0.9,141.642,1.609,0.826,0.07,3.41,0.889,31.9,-32.6,1.25,33.04,3.4,-5.8,-5.2,9.5,-22.4,-6.1,0.39,0.42,General Watchlist,Low Priority / Avoid,High Risk — Needs Confirmation,Debt / Balance Sheet Risk,ROIC proxy is strong (11.74%),Valuation may be stretched (39.7/100) | Cash-flow profile looks weak (30.5/100) | Financial strength looks weak (27.7/100) | Momentum is weak (32.5/100),60+ minutes,Financial risk: balance sheet metrics look weak.,100,Yahoo Finance,2026-10-01,2026-10-01 18:49:22,551.86,32.7,1/3,Medium,51.03,43.9,97.2
HUM,Humana Inc.,Healthcare,Healthcare Plans,379.0,331.73,287.75,583.21,"P/E (sector median 27x): $287.75 | EV/FCF (sector median 29x): $583.21 | DCF (3-stage, CAPM): $331.73",-12.5,-14.2,401.74,Research only,51.1,F,Tier 4 — Low Priority / Avoid,54.0,41.6,65.0,43.3,50.3,51.2,37.5,46.5,24.7,35.0,57.7,78.8,79.8,55.8,100.0,55.3,49.5,50.0,35.856197,22.875381,1.2545,0.31240216,10.221,18.94,4.26,2.79,0.88,13.65,3.46,2.47,1.33,1.74,76.45,6.89,3.9,39.54,26.2,27.1,76.485,1.742,1.285,1.62,-2.54,0.745,46.3,-47.2,0.93,33.46,-5.5,-3.5,113.6,55.3,96.5,39.7,0.47,0.88,General Watchlist,Low Priority / Avoid,Avoid for Now,Business Quality Risk,Strong growth profile (78.8/100) | Strong relative strength vs SPY (100.0/100) | ROIC proxy is strong (39.54%),Cash-flow profile looks weak (35.0/100),30 minutes,Strong ROIC proxy. | Outperforming SPY on relative strength.,100,Yahoo Finance,2026-10-01,2026-10-01 18:49:29,331.23,31.3,1/3,Medium,82.06,58.9,93.7
HBAN,Huntington Bancshares Incorpora,Financial Services,Banks - Regional,15.09,19.44,14.71,65.82,P/E (sector median 15x): $19.44 | P/B (justified): $14.71 | Dividend (DDM): $65.82,28.9,22.4,18.35,Research only,44.4,F,Tier 4 — Low Priority / Avoid,52.1,43.9,30.9,47.7,45.0,45.4,25.0,40.7,28.9,60.0,68.8,61.3,49.1,13.3,0.0,65.3,64.0,50.0,11.603847,8.53224,1.6313,3.3211243,,,,8.62,26.13,0.0,41.93,0.0,,33.37,,9.0,0.98,8.5,47.6,-2.9,,,,0.73,,0.941,29.4,-30.0,4.06,47.69,-9.7,-14.8,-2.6,-8.1,-19.8,-23.6,0.56,0.12,General Watchlist,Low Priority / Avoid,Avoid for Now,Momentum Risk,Fair value upside is positive (28.9%),Momentum is weak (13.3/100) | Relative strength is weak (0.0/100),45 minutes,No major signal,75,Yahoo Finance,2026-10-01,2026-10-01 18:49:36,16.52,12.7,2/3,Low,48.83,54.3,96.2
HII,"Huntington Ingalls Industries, ",Industrials,Aerospace & Defense,272.6,833.26,458.95,1207.56,"P/E (sector median 27x): $458.95 | Dividend (DDM): $1,207.56",205.7,67.3,348.93,Research only,27.1,F,Tier 4 — Low Priority / Avoid,30.6,26.5,27.4,19.7,28.5,18.0,2.5,18.2,7.9,6.8,68.9,51.0,43.2,17.1,1.2,63.4,33.2,50.0,16.226192,13.083904,0.831,0.8146905,11.493,,-2.8,6.16,5.01,12.4,7.08,8.87,-2.28,2.63,-86.53,12.97,4.28,8.96,10.9,36.5,55.252,1.23,1.1,0.0,2.5,0.225,41.7,-42.8,2.07,32.7,-5.6,-6.9,-30.7,-3.1,-47.8,-18.7,0.94,0.08,General Watchlist,Low Priority / Avoid,Avoid for Now,Cash Flow Risk,Fair value upside is positive (205.7%),Cash-flow profile looks weak (6.8/100) | Momentum is weak (17.1/100) | Relative strength is weak (1.2/100) | Free cash flow yield is negative,60+ minutes,No major signal,100,Yahoo Finance,2026-10-01,2026-10-01 18:49:43,549.57,32.7,2/2,Low,45.55,41.0,99.5
IBM,International Business Machines,Technology,Information Technology Services,226.9,299.82,104.49,354.35,P/E (sector median 31x): $354.35 | EV/FCF (sector median 32x): $334.38 | DCF (FCFF/WACC): $265.25 | Dividend (DDM): $104.49,32.1,24.3,281.59,Research only,43.4,F,Tier 4 — Low Priority / Avoid,48.2,43.3,27.3,55.0,43.6,34.7,15.0,33.8,77.3,69.5,58.5,22.7,12.0,18.6,0.0,53.5,41.0,50.0,20.151306,17.258013,2.1883,3.0939112,16.052,21.95,5.64,4.96,15.52,58.1,16.55,23.84,17.44,21.55,80.94,34.46,5.3,9.86,1.1,-1.8,188.97,0.791,0.609,0.12,3.47,0.708,40.4,-37.5,3.07,59.77,-2.1,-23.7,-7.2,-18.7,-24.4,-34.3,1.12,0.18,General Watchlist,Low Priority / Avoid,High Risk — Needs Confirmation,Debt / Balance Sheet Risk,Strong quality profile (77.3/100) | FCF yield looks attractive (5.64%) | Fair value upside is positive (32.1%),Growth profile looks weak (22.7/100) | Financial strength looks weak (12.0/100) | Momentum is weak (18.6/100) | Relative strength is weak (0.0/100),60+ minutes,Financial risk: balance sheet metrics look weak.,100,Yahoo Finance,2026-10-01,2026-10-01 18:49:50,229.76,20.4,3/4,Low,95.97,42.2,65.2
IEX,IDEX Corporation,Industrials,Specialty Industrial Machinery,230.59,189.86,144.47,242.57,"P/E (sector median 27x): $189.86 | EV/FCF (sector median 34x): $242.57 | DCF (3-stage, CAPM): $144.47",-17.7,-21.5,244.43,Research only,57.2,F,Tier 4 — Low Priority / Avoid,60.7,47.0,61.9,60.8,56.8,56.3,25.0,47.6,62.8,53.6,41.7,48.3,73.4,57.3,73.4,72.2,53.6,50.0,33.17914,23.955832,1.715,4.7414274,18.673,32.52,3.27,3.01,14.49,44.73,22.17,26.99,15.5,19.99,77.52,12.96,6.84,11.94,6.4,10.9,47.06,3.049,2.01,0.33,1.31,0.972,26.3,-32.5,1.28,51.65,2.7,2.7,21.9,42.6,4.8,27.0,0.44,0.88,General Watchlist,Low Priority / Avoid,Watchlist / Research Later,Valuation Risk,ROIC proxy is strong (11.94%),No major quant red flag detected.,60+ minutes,No major signal,100,Yahoo Finance,2026-10-01,2026-10-01 18:49:57,227.35,32.7,1/3,Medium,52.58,50.9,98.5
IDXX,"IDEXX Laboratories, Inc.",Healthcare,Diagnostics & Research,520.43,328.06,181.66,387.39,"P/E (sector median 27x): $387.39 | EV/FCF (sector median 29x): $328.06 | DCF (3-stage, CAPM): $181.66",-37.0,-58.6,551.66,Research only,56.7,F,Tier 4 — Low Priority / Avoid,68.2,53.6,31.5,73.2,55.6,49.2,12.5,43.5,100.0,56.1,16.7,54.8,47.3,18.1,0.0,49.8,73.6,50.0,36.572735,31.089565,2.8525,9.016268,25.922,46.23,2.22,2.73,25.03,62.45,34.98,35.62,19.97,30.12,66.3,74.21,27.08,50.09,9.7,17.6,67.971,1.172,0.729,0.18,0.55,1.538,37.7,-34.2,,0.0,-3.4,-7.9,-8.6,-16.1,-25.7,-31.6,0.27,0.06,General Watchlist,Low Priority / Avoid,Watchlist / Research Later,Valuation Risk,Strong quality profile (100.0/100) | ROIC proxy is strong (50.09%),Valuation may be stretched (16.7/100) | Momentum is weak (18.1/100) | Relative strength is weak (0.0/100),60+ minutes,Strong ROIC proxy. | Valuation risk: stock may be expensive.,100,Yahoo Finance,2026-10-01,2026-10-01 18:50:04,445.93,31.3,0/3,Medium,84.85,68.6,94.4
ITW,Illinois Tool Works Inc.,Industrials,Specialty Industrial Machinery,260.99,248.32,140.82,301.59,P/E (sector median 27x): $301.59 | EV/FCF (sector median 34x): $264.50 | DCF (FCFF/WACC): $140.82 | Dividend (DDM): $232.14,-4.9,-5.1,276.65,Research only,49.0,F,Tier 4 — Low Priority / Avoid,55.6,44.5,36.8,59.3,48.9,35.7,2.5,32.7,87.2,51.7,42.4,42.4,20.3,30.7,7.0,63.5,58.9,50.0,23.640398,21.067492,2.5119,4.5133247,17.089,33.76,3.27,4.23,19.39,44.16,26.9,29.18,14.77,20.22,73.06,104.62,16.92,29.79,6.1,10.1,334.853,1.109,0.74,0.09,1.84,0.997,21.8,-20.6,2.67,58.33,-2.4,-4.2,2.3,3.0,-14.8,-12.6,0.59,0.43,General Watchlist,Low Priority / Avoid,High Risk — Needs Confirmation,Debt / Balance Sheet Risk,Strong quality profile (87.2/100) | ROIC proxy is strong (29.79%),Financial strength looks weak (20.3/100) | Momentum is weak (30.7/100) | Relative strength is weak (7.0/100) | Debt/equity is high,60+ minutes,Strong ROIC proxy. | Financial risk: balance sheet metrics look weak.,100,Yahoo Finance,2026-10-01,2026-10-01 18:50:11,361.14,32.7,2/4,Medium,101.14,49.0,88.8
ILMN,"Illumina, Inc.",Healthcare,Diagnostics & Research,270.03,146.19,85.38,147.04,"P/E (sector median 27x): $146.19 | EV/FCF (sector median 29x): $147.04 | DCF (3-stage, CAPM): $85.38",-45.9,-84.7,286.23,Research only,61.2,D-,Tier 3 — Watchlist Only,62.3,50.1,71.1,65.7,58.8,45.0,27.5,45.2,93.2,50.5,2.5,43.9,57.6,90.0,100.0,33.2,44.4,50.0,50.284916,44.23161,3.0533,9.073104,36.956,53.51,1.96,1.99,18.34,67.93,21.14,25.7,17.75,24.37,72.84,32.34,8.67,17.88,9.4,-9.4,89.042,1.796,1.248,0.46,1.18,1.467,46.2,-54.7,,0.0,26.6,39.0,112.0,164.1,94.9,148.5,0.33,0.98,General Watchlist,Watchlist Only,High Risk — Needs Confirmation,Valuation Risk,Strong quality profile (93.2/100) | Strong relative strength vs SPY (100.0/100) | ROIC proxy is strong (17.88%),Valuation may be stretched (2.5/100) | Risk profile is elevated (33.2/100),60+ minutes,Strong ROIC proxy. | Outperforming SPY on relative strength. | Valuation risk: stock may be expensive. | Risk warning: volatility/drawdown risk is elevated.,100,Yahoo Finance,2026-10-01,2026-10-01 18:50:18,168.28,31.3,0/3,Medium,,58.7,94.5
INCY,Incyte Corporation,Healthcare,Biotechnology,118.93,203.57,132.6,213.7,"P/E (sector median 27x): $213.70 | EV/FCF (sector median 29x): $203.57 | DCF (3-stage, CAPM): $132.60",71.2,41.6,152.23,1-5 years / long-term watch,80.0,B-,Tier 2 — Worth Researching,90.8,74.9,64.2,89.1,78.8,80.8,62.5,76.0,97.0,72.2,61.9,95.5,100.0,49.2,71.8,74.2,85.6,50.0,15.150319,13.492663,10.8221,4.1424036,10.348,17.02,4.9,6.6,27.71,55.66,41.9,33.38,20.29,34.02,59.64,30.67,16.83,100.0,37.7,37.7,0.603,4.593,4.314,118.53,-2.32,0.77,34.6,-33.8,,0.0,-7.7,2.9,24.0,37.2,6.9,21.6,0.75,0.76,"Long-Term Compounder, Healthy Business",Worth Researching,Watchlist / Research Later,Momentum Risk,Strong investment score (90.8/100) | Strong conviction score (80.8/100) | High business health (89.1/100) | Strong quality profile (97.0/100) | Strong growth profile (95.5/100),No major quant red flag detected.,30 minutes,Long-term investment quality is strong. | Stock health is strong. | Strong ROIC proxy.,100,Yahoo Finance,2026-10-01,2026-10-01 18:50:25,246.0,31.3,3/3,Medium,88.8,92.4,97.3
IR,Ingersoll Rand Inc.,Industrials,Specialty Industrial Machinery,75.62,76.55,54.17,441.46,P/E (sector median 27x): $66.11 | EV/FCF (sector median 34x): $86.99 | DCF (FCFF/WACC): $54.17 | Dividend (DDM): $441.46,1.2,1.2,80.16,Research only,41.9,F,Tier 4 — Low Priority / Avoid,48.3,38.5,32.6,46.5,42.2,41.4,0.0,31.4,35.7,53.8,58.1,44.0,51.7,26.8,0.0,62.4,51.4,50.0,31.247934,19.293623,0.6181,3.6942558,16.347,29.74,3.77,3.2,12.08,42.82,16.88,25.37,13.94,16.99,82.08,9.47,5.1,7.62,8.5,,47.903,1.616,1.016,0.24,1.85,1.147,32.4,-36.6,11.0,3.31,0.8,-6.2,-2.9,-9.3,-20.0,-24.9,0.63,0.24,General Watchlist,Low Priority / Avoid,Avoid for Now,Momentum Risk,No single dominant strength; needs manual research.,Momentum is weak (26.8/100) | Relative strength is weak (0.0/100),60+ minutes,No major signal,94,Yahoo Finance,2026-10-01,2026-10-01 18:50:32,79.16,32.7,2/4,Low,68.66,48.2,96.4
PODD,Insulet Corporation,Healthcare,Medical Devices,130.59,101.91,95.27,144.56,"P/E (sector median 27x): $144.56 | EV/FCF (sector median 29x): $95.27 | DCF (3-stage, CAPM): $101.91",-22.0,-28.1,138.43,Research only,46.1,F,Tier 4 — Low Priority / Avoid,59.0,45.7,23.0,52.2,45.5,46.7,15.0,39.7,51.9,32.2,54.0,74.7,73.7,0.0,0.0,46.9,56.2,50.0,24.59322,16.924397,1.03,2.9661899,15.388,39.94,2.62,4.07,12.29,71.08,16.18,20.14,7.76,16.74,46.34,26.02,9.71,21.26,23.5,328.6,66.685,2.485,1.51,0.56,0.67,1.079,41.4,-63.0,,0.0,-11.8,-18.3,-36.1,-57.3,-53.2,-72.9,0.39,0.0,General Watchlist,Low Priority / Avoid,Avoid for Now,Momentum Risk,ROIC proxy is strong (21.26%),Cash-flow profile looks weak (32.2/100) | Momentum is weak (0.0/100) | Relative strength is weak (0.0/100),60+ minutes,Strong ROIC proxy.,100,Yahoo Finance,2026-10-01,2026-10-01 18:50:40,166.4,31.3,1/3,High,6.8,79.6,99.8
INTC,Intel Corporation,Technology,Semiconductors,120.72,18.98,8.41,29.55,"EV/FCF (sector median 32x): $29.55 | DCF (3-stage, CAPM): $8.41",-84.3,-535.9,127.96,Research only,37.7,F,Tier 4 — Low Priority / Avoid,36.0,28.1,62.5,25.2,36.3,19.2,30.0,27.5,0.0,29.4,23.1,74.3,61.2,73.6,100.0,24.4,28.2,50.0,,58.547684,1.36,11.189132,38.174,132.1,0.76,,-19.79,38.87,12.19,29.53,8.53,26.19,32.58,-10.71,1.41,4.88,25.4,,48.997,1.604,1.157,0.59,1.24,2.231,70.4,-41.9,,0.0,34.1,-1.2,139.7,236.0,122.6,220.4,0.7,0.81,General Watchlist,Low Priority / Avoid,High Risk — Needs Confirmation,Business Quality Risk,Strong relative strength vs SPY (100.0/100),Valuation may be stretched (23.1/100) | Cash-flow profile looks weak (29.4/100) | Risk profile is elevated (24.4/100),60+ minutes,Outperforming SPY on relative strength. | Valuation risk: stock may be expensive. | Risk warning: volatility/drawdown risk is elevated.,88,Yahoo Finance,2026-10-01,2026-10-01 18:50:46,,20.4,0/2,Low,,53.5,0.0
IBKR,"Interactive Brokers Group, Inc.",Financial Services,Capital Markets,85.88,51.6,37.69,65.52,P/E (sector median 15x): $37.69 | P/B (justified): $65.52,-39.9,-66.4,91.03,Research only,57.6,F,Tier 4 — Low Priority / Avoid,64.4,51.1,54.5,60.2,55.7,46.7,15.0,42.6,58.9,60.0,46.5,89.2,43.0,44.1,65.9,35.3,79.7,50.0,34.079365,26.867641,1.4786,21.407999,,,,2.93,16.47,93.04,76.53,0.0,,232.85,,24.02,2.28,,26.3,35.3,205.748,1.093,1.093,2.86,,1.349,42.3,-38.7,0.41,13.0,-3.6,-10.5,27.0,25.4,9.9,9.8,0.9,0.67,General Watchlist,Low Priority / Avoid,High Risk — Needs Confirmation,Volatility / Drawdown Risk,Strong growth profile (89.2/100),Risk profile is elevated (35.3/100) | Debt/equity is high,60+ minutes,Risk warning: volatility/drawdown risk is elevated.,88,Yahoo Finance,2026-10-01,2026-10-01 18:50:53,32.0,12.7,0/2,Medium,2.48,70.6,76.6
ICE,Intercontinental Exchange Inc.,Financial Services,Financial Data & Stock Exchanges,150.85,117.42,105.9,128.94,P/E (sector median 15x): $105.90 | P/B (justified): $128.94,-22.2,-28.5,159.91,Research only,51.5,F,Tier 4 — Low Priority / Avoid,59.0,46.5,38.8,62.0,51.7,40.5,2.5,35.4,68.0,72.3,53.5,48.8,31.2,33.3,0.0,72.4,69.3,50.0,21.307203,17.141386,2.1595,8.021326,15.626,28.87,4.29,4.69,38.25,100.0,52.63,63.59,34.42,52.23,65.9,14.09,2.17,8.95,4.8,14.2,69.226,1.012,0.024,0.05,2.9,0.934,22.2,-33.9,1.37,28.21,-4.1,12.2,-6.8,-6.0,-23.9,-21.6,0.49,0.56,General Watchlist,Low Priority / Avoid,High Risk — Needs Confirmation,Debt / Balance Sheet Risk,No single dominant strength; needs manual research.,Financial strength looks weak (31.2/100) | Momentum is weak (33.3/100) | Relative strength is weak (0.0/100),60+ minutes,Financial risk: balance sheet metrics look weak.,100,Yahoo Finance,2026-10-01,2026-10-01 18:51:00,89.91,12.7,0/2,High,61.47,62.7,87.0
IFF,International Flavors & Fragran,Basic Materials,Specialty Chemicals,82.74,22.26,22.26,22.26,Dividend (DDM): $22.26,-73.1,-271.7,87.7,Research only,26.0,F,Tier 4 — Low Priority / Avoid,23.4,17.8,46.5,16.9,27.1,17.9,0.0,15.3,12.8,12.2,49.4,17.2,43.1,46.4,59.7,63.8,4.0,50.0,,20.88861,1.7672,1.9593554,14.151,,-8.15,,2.57,36.58,8.49,17.73,-15.96,10.77,-148.23,-5.55,2.27,3.68,1.8,-91.6,44.821,2.061,0.491,0.09,2.99,0.953,32.5,-42.6,1.92,49.54,-4.4,0.4,15.4,38.7,-1.7,23.2,0.58,0.83,General Watchlist,Low Priority / Avoid,Avoid for Now,Cash Flow Risk,No single dominant strength; needs manual research.,Cash-flow profile looks weak (12.2/100) | Growth profile looks weak (17.2/100) | Free cash flow yield is negative,60+ minutes,No major signal,94,Yahoo Finance,2026-10-01,2026-10-01 18:51:07,,,0/1,Low,,23.5,97.8
IP,International Paper Company,Consumer Cyclical,Packaging & Containers,32.66,55.55,20.91,57.61,EV/FCF (sector median 29x): $57.61 | DCF (FCFF/WACC): $55.55 | Dividend (DDM): $20.91,70.1,41.2,41.8,Research only,36.8,F,Tier 4 — Low Priority / Avoid,41.8,38.2,22.0,43.4,37.5,38.6,2.5,29.7,48.0,58.4,76.1,17.9,35.9,8.8,0.0,55.1,24.3,50.0,,10.815608,1.58,0.71461195,6.798,16.24,9.52,,-14.21,29.61,2.3,16.25,6.8,10.94,62.2,-16.48,1.59,1.86,-2.2,,68.509,1.098,0.682,0.07,2.33,0.883,40.9,-48.6,5.58,158.12,-10.0,-14.4,-3.6,-25.9,-20.8,-41.5,0.7,0.21,Recovery Candidate,Low Priority / Avoid,High Risk — Needs Confirmation,Momentum Risk,FCF yield looks attractive (9.52%) | Fair value upside is positive (70.1%),Growth profile looks weak (17.9/100) | Financial strength looks weak (35.9/100) | Momentum is weak (8.8/100) | Relative strength is weak (0.0/100),60+ minutes,Strong free cash flow yield. | Financial risk: balance sheet metrics look weak.,88,Yahoo Finance,2026-10-01,2026-10-01 18:51:14,,19.9,2/3,Low,,25.0,98.4
INTU,Intuit Inc.,Technology,Software - Application,283.52,518.49,375.27,777.79,"P/E (sector median 31x): $517.99 | EV/FCF (sector median 32x): $777.79 | DCF (3-stage, CAPM): $375.27 | Dividend (DDM): $518.99",82.9,45.3,362.91,Research only,54.3,F,Tier 4 — Low Priority / Avoid,64.8,56.7,26.2,67.1,53.9,60.7,37.5,53.7,60.3,92.8,85.5,47.1,65.3,12.3,0.0,51.3,48.5,50.0,17.224787,10.47149,0.9278,3.532579,10.936,11.79,8.39,5.81,21.29,80.98,17.64,31.93,29.62,41.21,71.89,23.6,10.47,14.85,13.7,-1.4,44.34,1.507,0.782,0.86,0.18,0.976,41.7,-68.2,2.0,29.16,-17.3,4.6,-32.4,-57.8,-49.5,-73.4,0.67,0.07,Recovery Candidate,Low Priority / Avoid,Avoid for Now,Momentum Risk,Strong cash-flow profile (92.8/100) | FCF yield looks attractive (8.39%) | ROIC proxy is strong (14.85%) | Fair value upside is positive (82.9%),Momentum is weak (12.3/100) | Relative strength is weak (0.0/100),60+ minutes,Strong free cash flow yield. | Strong ROIC proxy.,100,Yahoo Finance,2026-10-01,2026-10-01 18:51:21,335.88,20.4,4/4,Medium,120.43,73.3,88.6
ISRG,"Intuitive Surgical, Inc.",Healthcare,Medical Instruments & Supplies,401.3,220.7,117.86,237.93,"P/E (sector median 27x): $237.93 | EV/FCF (sector median 29x): $220.70 | DCF (3-stage, CAPM): $117.86",-45.0,-81.8,425.38,Research only,63.8,D,Tier 3 — Watchlist Only,77.9,60.8,34.7,80.3,61.8,58.8,37.5,56.1,95.0,59.2,16.0,78.5,77.5,28.2,0.0,41.3,83.7,50.0,45.915333,33.18841,1.8715,13.029886,33.144,52.99,1.82,2.18,28.45,66.68,33.6,37.89,23.7,33.59,70.56,17.42,10.51,22.23,18.5,26.5,,4.963,3.636,,-1.25,1.465,35.3,-45.6,,0.0,7.9,-7.3,-11.2,-8.4,-28.4,-24.0,0.4,0.27,Healthy Business,Watchlist Only,Watchlist / Research Later,Valuation Risk,High business health (80.3/100) | Strong quality profile (95.0/100) | Strong growth profile (78.5/100) | ROIC proxy is strong (22.23%),Valuation may be stretched (16.0/100) | Momentum is weak (28.2/100) | Relative strength is weak (0.0/100),60+ minutes,Strong ROIC proxy. | Valuation risk: stock may be expensive.,94,Yahoo Finance,2026-10-01,2026-10-01 18:51:28,273.89,31.3,0/3,Medium,63.5,77.8,77.1
IVZ,Invesco Ltd,Financial Services,Asset Management,30.2,14.13,6.77,21.5,P/B (justified): $6.77 | Dividend (DDM): $21.50,-53.2,-113.7,32.02,Research only,50.7,F,Tier 4 — Low Priority / Avoid,54.5,44.7,56.8,45.2,50.0,54.4,50.0,51.2,17.7,79.4,79.7,71.3,55.5,56.0,74.5,52.1,40.4,50.0,,9.261814,0.9008,1.9319813,12.135,15.37,8.55,,-0.93,29.52,19.95,20.93,16.53,29.1,56.79,-0.57,2.92,10.2,20.5,,12.056,0.708,0.708,0.56,0.49,1.605,37.0,-36.5,2.85,56.46,-4.8,9.3,26.9,35.0,9.8,19.4,0.66,0.73,General Watchlist,Low Priority / Avoid,Avoid for Now,Business Quality Risk,Strong cash-flow profile (79.4/100) | FCF yield looks attractive (8.55%) | ROIC proxy is strong (10.2%),No major quant red flag detected.,30 minutes,Strong free cash flow yield.,88,Yahoo Finance,2026-10-01,2026-10-01 18:51:35,,12.7,0/2,Low,354.45,57.1,99.1
INVH,Invitation Homes Inc.,Real Estate,REIT - Residential,26.32,40.68,31.8,259.08,P/E (sector median 29x): $31.80 | EV/FCF (sector median 29x): $37.41 | DCF (FCFF/WACC): $43.95 | Dividend (DDM): $259.08,54.6,35.3,33.68,Research only,45.7,F,Tier 4 — Low Priority / Avoid,50.7,43.9,39.3,46.4,46.6,37.4,15.0,35.5,7.8,93.7,39.4,67.8,15.7,21.4,4.8,75.6,85.5,50.0,24.142202,37.01698,13.14,5.457243,16.038,20.59,7.52,4.14,23.2,56.26,25.11,52.68,41.04,42.13,97.41,7.05,2.48,3.22,10.1,60.5,94.425,0.43,0.142,0.01,5.65,0.831,21.0,-29.2,4.56,109.17,-7.7,-11.4,5.2,-5.2,-11.9,-20.7,0.53,0.41,General Watchlist,Low Priority / Avoid,High Risk — Needs Confirmation,Business Quality Risk,Strong cash-flow profile (93.7/100) | FCF yield looks attractive (7.52%) | Fair value upside is positive (54.6%),Valuation may be stretched (39.4/100) | Financial strength looks weak (15.7/100) | Momentum is weak (21.4/100) | Relative strength is weak (4.8/100),60+ minutes,Strong free cash flow yield. | Financial risk: balance sheet metrics look weak.,100,Yahoo Finance,2026-10-01,2026-10-01 18:51:42,43.46,39.9,4/4,Low,132.19,61.6,98.7
IQV,"IQVIA Holdings, Inc.",Healthcare,Diagnostics & Research,261.9,254.04,218.88,280.17,P/E (sector median 27x): $218.88 | EV/FCF (sector median 29x): $280.17 | DCF (FCFF/WACC): $254.04,-3.0,-3.1,277.61,Research only,37.6,F,Tier 4 — Low Priority / Avoid,33.7,29.0,60.7,29.7,37.0,17.9,5.0,20.8,24.0,56.3,56.3,38.5,2.4,71.2,84.7,37.1,33.9,50.0,32.574627,18.097126,0.9741,2.5383463,19.212,27.24,4.99,3.07,8.1,32.97,13.03,17.95,12.66,16.6,76.26,22.82,5.06,8.59,8.7,-0.6,257.975,0.706,0.62,0.13,4.65,1.186,39.9,-42.1,,0.0,-0.7,27.2,51.2,28.5,34.0,12.9,0.49,0.89,General Watchlist,Low Priority / Avoid,High Risk — Needs Confirmation,Debt / Balance Sheet Risk,Strong relative strength vs SPY (84.7/100),Growth profile looks weak (38.5/100) | Financial strength looks weak (2.4/100) | Risk profile is elevated (37.1/100) | Debt/equity is high,60+ minutes,Outperforming SPY on relative strength. | Financial risk: balance sheet metrics look weak. | Risk warning: volatility/drawdown risk is elevated.,100,Yahoo Finance,2026-10-01,2026-10-01 18:51:49,251.95,31.3,1/3,High,91.72,33.4,94.1
IRM,Iron Mountain Incorporated (Del,Real Estate,REIT - Specialty,111.31,101.14,41.13,161.15,P/E (sector median 29x): $41.13 | Dividend (DDM): $161.15,-9.1,-10.1,117.99,Research only,28.4,F,Tier 4 — Low Priority / Avoid,30.0,23.8,38.4,19.3,29.0,4.0,0.0,12.3,15.8,19.6,15.6,55.0,12.5,38.7,26.6,52.2,31.9,50.0,78.94326,40.777374,2.7,4.3818083,20.839,,-1.32,1.27,5.54,54.21,19.06,33.73,-5.77,21.89,-26.34,,4.63,,18.5,,,0.726,0.584,0.01,7.74,1.204,33.1,-39.0,3.11,239.5,0.3,-3.6,9.3,12.5,-7.8,-3.1,0.48,0.62,General Watchlist,Low Priority / Avoid,High Risk — Needs Confirmation,Debt / Balance Sheet Risk,No single dominant strength; needs manual research.,Valuation may be stretched (15.6/100) | Cash-flow profile looks weak (19.6/100) | Financial strength looks weak (12.5/100) | Momentum is weak (38.7/100),60+ minutes,Valuation risk: stock may be expensive. | Financial risk: balance sheet metrics look weak.,81,Yahoo Finance,2026-10-01,2026-10-01 18:51:56,56.21,39.9,1/2,Low,292.16,44.4,95.8
JBHT,"J.B. Hunt Transport Services, I",Industrials,Integrated Freight & Logistics,226.69,192.05,129.59,312.06,"P/E (sector median 27x): $192.05 | EV/FCF (sector median 34x): $312.06 | DCF (3-stage, CAPM): $129.59",-15.3,-18.0,240.29,Research only,50.9,F,Tier 4 — Low Priority / Avoid,58.5,46.7,45.3,50.6,50.5,48.6,12.5,40.6,58.1,41.8,51.4,76.1,52.7,31.8,50.9,57.1,46.2,50.0,32.245377,22.626911,1.6899,1.6758683,13.406,24.85,4.24,3.1,5.31,18.5,7.42,13.18,7.11,12.56,56.61,18.45,7.38,14.73,19.4,45.8,38.373,1.255,1.014,0.0,0.84,1.289,37.8,-36.6,0.8,25.32,-12.9,-18.2,5.9,72.2,-11.3,56.7,0.34,0.57,General Watchlist,Low Priority / Avoid,Avoid for Now,Momentum Risk,Strong growth profile (76.1/100) | ROIC proxy is strong (14.73%),Momentum is weak (31.8/100),60+ minutes,Strong ROIC proxy.,100,Yahoo Finance,2026-10-01,2026-10-01 18:52:03,229.97,32.7,1/3,Medium,94.66,55.8,97.8
JBL,Jabil Inc.,Technology,Electronic Components,298.95,334.5,147.43,1286.78,"P/E (sector median 31x): $306.83 | EV/FCF (sector median 32x): $362.17 | DCF (3-stage, CAPM): $147.43 | Dividend (DDM): $1,286.78",11.9,10.6,325.61,Research only,41.9,F,Tier 4 — Low Priority / Avoid,45.3,38.4,47.7,33.6,41.3,20.9,0.0,23.8,29.2,33.5,64.1,81.3,26.6,45.9,53.9,38.5,48.2,50.0,30.66154,13.485849,0.82,0.93260205,13.494,26.69,3.87,3.26,2.57,9.23,5.85,7.14,3.61,5.53,65.25,65.88,5.01,43.08,28.6,89.0,248.609,0.981,0.448,0.43,0.95,1.292,42.6,-32.5,11.0,3.28,-0.1,-11.6,11.4,39.3,-5.8,23.7,1.29,0.55,General Watchlist,Low Priority / Avoid,High Risk — Needs Confirmation,Debt / Balance Sheet Risk,Strong growth profile (81.3/100) | ROIC proxy is strong (43.08%) | Fair value upside is positive (11.9%),Cash-flow profile looks weak (33.5/100) | Financial strength looks weak (26.6/100) | Risk profile is elevated (38.5/100) | Debt/equity is high,60+ minutes,Strong ROIC proxy. | Financial risk: balance sheet metrics look weak. | Risk warning: volatility/drawdown risk is elevated.,100,Yahoo Finance,2026-10-01,2026-10-01 18:52:10,198.95,20.4,3/4,Low,125.78,56.7,96.1
JKHY,"Jack Henry & Associates, Inc.",Technology,Information Technology Services,144.0,139.75,91.54,219.34,"P/E (sector median 31x): $219.34 | EV/FCF (sector median 32x): $162.27 | DCF (3-stage, CAPM): $117.23 | Dividend (DDM): $91.54",-3.0,-3.0,152.64,Research only,49.0,F,Tier 4 — Low Priority / Avoid,57.0,45.7,32.1,60.3,49.7,48.5,12.5,40.1,82.1,53.9,55.7,27.6,55.2,21.2,3.9,80.0,35.5,50.0,20.659971,18.299261,1.8075,3.9681096,14.395,28.7,3.49,4.84,19.76,43.9,22.5,27.6,13.84,29.95,46.23,24.04,12.99,21.35,4.7,-10.4,3.793,1.167,0.734,0.15,0.09,0.564,25.6,-35.4,1.7,34.1,-13.5,-1.3,-7.8,-0.1,-24.9,-15.6,0.54,0.31,General Watchlist,Low Priority / Avoid,Avoid for Now,Momentum Risk,Strong quality profile (82.1/100) | ROIC proxy is strong (21.35%),Growth profile looks weak (27.6/100) | Momentum is weak (21.2/100) | Relative strength is weak (3.9/100),60+ minutes,Strong ROIC proxy.,100,Yahoo Finance,2026-10-01,2026-10-01 18:52:17,142.23,20.4,2/4,Medium,65.98,54.2,99.6
J,Jacobs Solutions Inc.,Industrials,Engineering & Construction,139.69,155.28,82.5,165.06,P/E (sector median 27x): $82.50 | EV/FCF (sector median 34x): $165.06 | DCF (FCFF/WACC): $155.28,11.2,10.0,151.38,Research only,35.0,F,Tier 4 — Low Priority / Avoid,38.5,32.1,36.8,29.8,36.1,32.5,0.0,25.5,17.1,38.5,53.6,50.9,38.4,37.5,11.9,68.1,32.2,50.0,46.254967,16.897343,0.4278,1.1600301,17.694,28.95,3.91,2.16,2.38,22.07,7.39,7.43,4.54,5.17,87.75,8.0,4.55,13.46,34.5,-25.4,124.734,1.287,1.25,0.29,2.72,0.679,29.0,-34.4,1.06,45.18,-5.0,8.6,9.7,-7.4,-7.4,-23.0,0.49,0.59,General Watchlist,Low Priority / Avoid,High Risk — Needs Confirmation,Business Quality Risk,ROIC proxy is strong (13.46%) | Fair value upside is positive (11.2%),Cash-flow profile looks weak (38.5/100) | Financial strength looks weak (38.4/100) | Momentum is weak (37.5/100) | Relative strength is weak (11.9/100),60+ minutes,Strong ROIC proxy. | Financial risk: balance sheet metrics look weak.,100,Yahoo Finance,2026-10-01,2026-10-01 18:52:24,98.79,32.7,2/3,Medium,79.62,48.3,98.6
JNJ,Johnson & Johnson,Healthcare,Drug Manufacturers - General,259.76,213.38,182.69,621.5,"P/E (sector median 27x): $234.94 | EV/FCF (sector median 29x): $191.83 | DCF (3-stage, CAPM): $182.69 | Dividend (DDM): $621.50",-17.9,-21.7,275.35,Research only,46.3,F,Tier 4 — Low Priority / Avoid,47.6,35.6,54.7,49.9,47.4,44.0,0.0,32.6,47.3,53.0,31.9,42.6,50.0,43.1,51.8,91.9,50.4,50.0,30.09964,21.40055,2.8229,6.3923345,19.106,39.46,2.7,3.32,21.48,68.14,29.19,35.61,17.24,28.19,61.16,25.74,8.6,19.93,6.6,-0.9,57.709,1.089,0.725,0.42,0.81,0.235,19.2,-13.7,2.02,60.79,-5.6,0.7,8.0,42.8,-9.1,27.2,0.62,0.81,General Watchlist,Low Priority / Avoid,Avoid for Now,Valuation Risk,ROIC proxy is strong (19.93%),Valuation may be stretched (31.9/100),60+ minutes,Strong ROIC proxy. | Valuation risk: stock may be expensive.,100,Yahoo Finance,2026-10-01,2026-10-01 18:52:31,270.44,31.3,1/4,Low,66.93,63.3,0.0
JCI,Johnson Controls International ,Industrials,Building Products & Equipment,151.0,96.98,62.97,155.85,P/E (sector median 27x): $96.98 | EV/FCF (sector median 34x): $155.85 | DCF (FCFF/WACC): $62.97,-35.8,-55.7,160.06,Research only,54.8,F,Tier 4 — Low Priority / Avoid,57.8,45.2,59.4,59.0,54.3,49.0,15.0,41.6,79.5,46.8,34.1,52.5,36.2,60.2,58.8,66.2,61.4,50.0,42.535213,24.744282,1.6737,3.65941,22.869,33.15,3.26,2.35,14.32,36.65,15.88,17.3,11.94,8.13,146.86,14.33,5.4,14.05,9.3,15.3,70.107,1.0,0.675,0.07,2.04,1.304,30.5,-21.1,1.08,45.07,8.7,6.1,14.2,39.9,-2.9,24.3,0.5,0.93,General Watchlist,Low Priority / Avoid,High Risk — Needs Confirmation,Valuation Risk,Strong quality profile (79.5/100) | ROIC proxy is strong (14.05%),Valuation may be stretched (34.1/100) | Financial strength looks weak (36.2/100),60+ minutes,Strong ROIC proxy. | Valuation risk: stock may be expensive. | Financial risk: balance sheet metrics look weak.,100,Yahoo Finance,2026-10-01,2026-10-01 18:52:38,116.13,32.7,1/3,Medium,219.22,48.5,85.9
JPM,JP Morgan Chase & Co.,Financial Services,Banks - Diversified,331.93,472.64,348.8,607.13,P/E (sector median 15x): $348.80 | P/B (justified): $472.64 | Dividend (DDM): $607.13,42.4,29.8,424.86,Research only,54.8,F,Tier 4 — Low Priority / Avoid,60.9,49.3,49.3,59.5,54.8,49.9,12.5,42.3,60.1,40.0,64.8,87.0,54.8,35.3,30.2,70.1,87.5,50.0,14.23349,13.283381,1.5696,4.7352967,,,,7.03,34.92,0.0,50.39,0.0,,-87.23,,17.79,1.36,43.52,30.4,46.9,,,,1.14,,0.975,24.9,-24.4,1.99,25.71,-6.8,-1.7,13.8,8.9,-3.4,-6.7,0.69,0.61,General Watchlist,Low Priority / Avoid,Avoid for Now,Momentum Risk,Strong growth profile (87.0/100) | ROIC proxy is strong (43.52%) | Fair value upside is positive (42.4%),Momentum is weak (35.3/100) | Relative strength is weak (30.2/100),60+ minutes,Strong ROIC proxy.,75,Yahoo Finance,2026-10-01,2026-10-01 18:52:45,296.17,12.7,3/3,Medium,67.39,71.0,0.0
KVUE,Kenvue Inc.,Consumer Defensive,Household & Personal Products,17.3,19.56,18.85,24.7,P/E (sector median 23x): $19.73 | EV/FCF (sector median 24x): $19.40 | DCF (FCFF/WACC): $24.70 | Dividend (DDM): $18.85,13.1,11.6,19.0,Research only,47.6,F,Tier 4 — Low Priority / Avoid,52.8,44.1,38.3,55.1,48.0,37.7,2.5,32.9,67.7,60.8,69.7,35.2,33.9,26.6,21.9,68.9,47.0,50.0,20.35294,13.953751,1.4024,2.1566317,11.9,21.72,5.74,4.91,10.76,58.44,19.42,22.59,12.38,15.09,82.04,15.58,6.99,13.09,3.0,8.5,81.617,1.005,0.611,0.13,2.16,0.426,28.7,-41.2,4.76,97.65,-8.5,-9.5,4.5,15.8,-12.6,0.2,0.57,0.66,General Watchlist,Low Priority / Avoid,High Risk — Needs Confirmation,Momentum Risk,FCF yield looks attractive (5.74%) | ROIC proxy is strong (13.09%) | Fair value upside is positive (13.1%),Growth profile looks weak (35.2/100) | Financial strength looks weak (33.9/100) | Momentum is weak (26.6/100) | Relative strength is weak (21.9/100),60+ minutes,Strong ROIC proxy. | Financial risk: balance sheet metrics look weak.,100,Yahoo Finance,2026-10-01,2026-10-01 18:52:52,18.9,22.2,4/4,High,283.99,51.0,95.7
KDP,Keurig Dr Pepper Inc.,Consumer Defensive,Beverages - Non-Alcoholic,30.61,65.79,22.98,198.45,P/E (sector median 23x): $22.98 | EV/FCF (sector median 24x): $41.92 | DCF (FCFF/WACC): $89.66 | Dividend (DDM): $198.45,115.0,53.5,39.17,Research only,55.0,F,Tier 4 — Low Priority / Avoid,58.6,52.8,53.4,53.4,55.6,44.9,27.5,44.7,59.3,83.2,70.7,67.0,15.1,45.8,57.3,74.8,44.0,50.0,30.91414,12.074503,0.9807,2.073075,17.038,17.78,11.06,3.23,7.1,50.96,12.89,23.93,22.93,12.58,182.32,5.1,3.38,3.59,75.6,-90.0,99.649,0.479,0.2,0.05,6.66,0.414,26.1,-29.9,3.03,92.93,-5.4,-2.9,22.7,23.4,5.5,7.8,0.99,0.7,Recovery Candidate,Low Priority / Avoid,High Risk — Needs Confirmation,Debt / Balance Sheet Risk,Strong cash-flow profile (83.2/100) | FCF yield looks attractive (11.06%) | Fair value upside is positive (115.0%),Financial strength looks weak (15.1/100),60+ minutes,Strong free cash flow yield. | Financial risk: balance sheet metrics look weak.,100,Yahoo Finance,2026-10-01,2026-10-01 18:52:59,22.02,22.2,3/4,Low,94.3,66.1,94.3
KEY,KeyCorp,Financial Services,Banks - Regional,19.88,25.58,18.08,62.04,P/E (sector median 15x): $25.58 | P/B (justified): $18.08 | Dividend (DDM): $62.04,28.7,22.3,24.15,Research only,42.9,F,Tier 4 — Low Priority / Avoid,47.9,39.5,38.4,44.4,43.2,42.0,25.0,38.1,21.4,51.9,70.6,60.1,41.2,20.5,14.6,62.2,78.6,50.0,11.622807,9.3080435,1.337,2.8773818,,,,8.6,27.54,0.0,34.71,0.0,,17.79,,10.33,1.08,6.8,10.1,25.3,,,,0.19,,1.023,29.3,-32.2,4.09,47.95,-8.8,-14.4,-1.0,11.8,-18.1,-3.8,0.77,0.49,Recovery Candidate,Low Priority / Avoid,Avoid for Now,Momentum Risk,Fair value upside is positive (28.7%),Momentum is weak (20.5/100) | Relative strength is weak (14.6/100),60+ minutes,No major signal,75,Yahoo Finance,2026-10-01,2026-10-01 18:53:06,21.72,12.7,2/3,Low,82.29,42.5,97.8
KEYS,Keysight Technologies Inc.,Technology,Scientific & Technical Instruments,374.63,232.56,219.27,364.06,"P/E (sector median 31x): $232.56 | EV/FCF (sector median 32x): $364.06 | DCF (3-stage, CAPM): $219.27",-37.9,-61.1,397.11,1-5 years / long-term watch,78.7,C+,Tier 2 — Worth Researching,86.7,68.1,76.2,84.7,76.5,76.7,75.0,76.0,96.2,69.3,34.1,99.2,80.0,82.2,86.6,60.9,88.5,50.0,50.69486,27.007399,0.7007,9.690009,36.594,33.28,2.93,1.97,19.14,63.28,25.68,25.8,28.37,24.37,116.4,20.9,7.23,19.84,36.5,109.1,42.094,2.024,1.43,0.94,0.09,1.208,39.0,-31.4,,0.0,16.5,17.2,28.6,116.4,11.5,100.9,0.51,1.0,"Long-Term Compounder, Position Trade Candidate, Healthy Business",Worth Researching,Great Business — Watch for Pullback,Valuation Risk,Strong investment score (86.7/100) | High business health (84.7/100) | Strong quality profile (96.2/100) | Strong growth profile (99.2/100) | Strong relative strength vs SPY (86.6/100),Valuation may be stretched (34.1/100),15 minutes,Long-term investment quality is strong. | Strong ROIC proxy. | Outperforming SPY on relative strength. | Valuation risk: stock may be expensive.,100,Yahoo Finance,2026-10-01,2026-10-01 18:53:13,150.8,20.4,0/3,Medium,65.05,91.1,90.6
KMB,Kimberly-Clark Corporation,Consumer Defensive,Household & Personal Products,94.92,66.18,57.08,117.44,P/E (sector median 23x): $117.44 | EV/FCF (sector median 24x): $57.08 | DCF (FCFF/WACC): $59.56 | Dividend (DDM): $72.80,-30.3,-43.4,100.62,Research only,28.5,F,Tier 4 — Low Priority / Avoid,32.0,25.5,23.8,32.1,29.6,18.3,0.0,17.9,48.9,30.3,55.0,13.0,18.6,14.3,0.0,61.7,18.6,50.0,18.76087,12.714821,2.0208,1.9002194,10.948,40.49,2.99,5.33,11.79,37.61,19.0,20.99,5.68,20.1,28.24,104.91,10.2,33.96,0.6,-32.3,348.933,0.909,0.403,0.15,1.6,0.273,23.9,-34.1,5.26,100.4,-12.1,-15.0,1.3,-19.0,-15.8,-34.6,0.92,0.16,General Watchlist,Low Priority / Avoid,High Risk — Needs Confirmation,Growth Risk,ROIC proxy is strong (33.96%),Cash-flow profile looks weak (30.3/100) | Growth profile looks weak (13.0/100) | Financial strength looks weak (18.6/100) | Momentum is weak (14.3/100),60+ minutes,Strong ROIC proxy. | Financial risk: balance sheet metrics look weak.,100,Yahoo Finance,2026-10-01,2026-10-01 18:53:20,112.5,22.2,1/4,Medium,95.73,33.7,96.0
KIM,Kimco Realty Corporation (HC),Real Estate,REIT - Retail,22.2,26.58,24.39,28.24,P/E (sector median 29x): $25.09 | EV/FCF (sector median 29x): $24.39 | DCF (FCFF/WACC): $28.24 | Dividend (DDM): $28.07,19.8,16.5,25.48,Research only,41.9,F,Tier 4 — Low Priority / Avoid,45.4,38.6,37.7,45.4,43.0,33.8,2.5,29.2,25.6,80.5,41.3,37.2,23.0,24.2,11.5,75.5,58.5,50.0,25.808138,24.661112,3.37,6.80716,17.425,26.64,5.85,3.87,27.76,68.93,36.56,60.91,39.85,53.91,73.91,5.81,2.37,3.43,4.9,-5.8,84.993,0.971,0.97,0.08,6.12,0.956,20.8,-25.9,5.04,119.77,-6.1,-11.2,1.1,8.9,-16.2,-7.2,0.35,0.45,General Watchlist,Low Priority / Avoid,High Risk — Needs Confirmation,Debt / Balance Sheet Risk,Strong cash-flow profile (80.5/100) | FCF yield looks attractive (5.85%) | Fair value upside is positive (19.8%),Growth profile looks weak (37.2/100) | Financial strength looks weak (23.0/100) | Momentum is weak (24.2/100) | Relative strength is weak (11.5/100),60+ minutes,Financial risk: balance sheet metrics look weak.,100,Yahoo Finance,2026-10-02,2026-10-02 18:19:20,,,4/4,High,145.2,53.4,98.8
KMI,"Kinder Morgan, Inc.",Energy,Oil & Gas Midstream,30.94,21.61,6.05,256.24,P/E (sector median 17x): $25.80 | EV/FCF (sector median 18x): $6.05 | DCF (FCFF/WACC): $17.41 | Dividend (DDM): $256.24,-30.2,-43.2,32.8,Research only,41.9,F,Tier 4 — Low Priority / Avoid,46.5,35.7,41.4,42.7,43.0,26.8,0.0,25.8,56.9,31.8,38.3,54.7,19.0,30.4,16.2,82.7,55.2,50.0,19.96129,20.031855,3.1918,3.8329592,13.303,94.48,1.56,5.01,19.3,49.41,30.06,42.51,5.99,36.51,16.39,10.99,4.45,6.67,10.8,21.2,98.619,0.458,0.293,0.0,4.23,0.551,23.5,-18.4,3.87,75.81,-2.1,-3.9,-5.0,14.0,-22.3,-2.1,0.42,0.67,General Watchlist,Low Priority / Avoid,High Risk — Needs Confirmation,Debt / Balance Sheet Risk,No single dominant strength; needs manual research.,Valuation may be stretched (38.3/100) | Cash-flow profile looks weak (31.8/100) | Financial strength looks weak (19.0/100) | Momentum is weak (30.4/100),60+ minutes,Financial risk: balance sheet metrics look weak.,100,Yahoo Finance,2026-10-02,2026-10-02 18:19:27,,,1/4,Low,100.91,47.6,89.7
KKR,KKR & Co. Inc.,Financial Services,Asset Management,90.93,26.97,9.53,44.42,P/E (sector median 14x): $44.42 | P/B (justified): $9.53,-70.3,-237.1,96.39,Research only,41.5,F,Tier 4 — Low Priority / Avoid,50.0,39.2,26.5,49.1,40.5,33.0,2.5,29.1,46.9,46.4,66.9,53.1,45.1,16.7,0.0,33.0,60.2,50.0,29.051117,12.228102,0.4147,3.2509468,,,,3.44,12.2,54.77,20.65,0.0,,9.63,,7.28,1.39,11.11,7.8,40.0,69.812,0.856,0.817,0.85,,1.791,42.0,-49.4,0.85,23.96,-17.2,-4.2,0.3,-26.5,-17.0,-42.6,0.68,0.13,General Watchlist,Low Priority / Avoid,High Risk — Needs Confirmation,Momentum Risk,ROIC proxy is strong (11.11%),Momentum is weak (16.7/100) | Relative strength is weak (0.0/100) | Risk profile is elevated (33.0/100),60+ minutes,Risk warning: volatility/drawdown risk is elevated.,88,Yahoo Finance,2026-10-02,2026-10-02 18:19:34,73.81,23.6,0/2,Low,15.69,56.5,87.2
KLAC,KLA Corporation,Technology,Semiconductor Equipment & Materials,206.5,67.39,44.63,115.47,"P/E (sector median 31x): $115.47 | EV/FCF (sector median 33x): $67.39 | DCF (3-stage, CAPM): $44.63",-67.4,-206.4,218.89,Research only,68.6,D+,Tier 3 — Watchlist Only,73.9,57.7,68.8,77.8,65.8,54.4,52.5,58.1,100.0,50.1,17.2,69.3,79.3,71.3,95.5,35.0,71.8,50.0,56.266346,30.795748,1.8006,19.844696,43.435,100.2,0.97,1.78,35.57,61.3,42.49,44.59,19.33,30.51,63.35,87.5,20.8,60.06,15.2,13.8,96.88,2.876,1.841,0.8,0.21,1.444,52.8,-44.5,0.46,21.86,19.4,-4.5,34.4,82.2,17.1,66.1,0.43,0.53,General Watchlist,Watchlist Only,High Risk — Needs Confirmation,Valuation Risk,High business health (77.8/100) | Strong quality profile (100.0/100) | Strong relative strength vs SPY (95.5/100) | ROIC proxy is strong (60.06%),Valuation may be stretched (17.2/100) | Risk profile is elevated (35.0/100),60+ minutes,Strong ROIC proxy. | Outperforming SPY on relative strength. | Valuation risk: stock may be expensive. | Risk warning: volatility/drawdown risk is elevated.,100,Yahoo Finance,2026-10-02,2026-10-02 18:19:41,168.2,45.8,0/3,Medium,68.91,67.1,55.8
KHC,The Kraft Heinz Company,Consumer Defensive,Packaged Foods,22.12,40.64,21.0,62.51,EV/FCF (sector median 24x): $40.64 | DCF (FCFF/WACC): $62.51 | Dividend (DDM): $21.00,83.7,45.6,28.31,Research only,40.4,F,Tier 4 — Low Priority / Avoid,45.2,40.5,28.6,45.3,41.8,34.3,15.0,32.6,38.7,72.4,81.7,27.3,34.0,15.0,0.0,76.4,34.5,50.0,,10.596052,0.99,1.0534306,7.842,13.25,12.39,,-13.64,33.5,15.49,22.06,13.05,18.56,70.34,-8.76,3.63,5.82,-1.4,,52.591,1.061,0.57,0.14,2.97,0.082,25.9,-35.7,7.12,73.06,-11.6,-11.2,-2.9,-9.3,-20.2,-25.5,0.33,0.24,Recovery Candidate,Low Priority / Avoid,High Risk — Needs Confirmation,Momentum Risk,FCF yield looks attractive (12.39%) | Fair value upside is positive (83.7%),Growth profile looks weak (27.3/100) | Financial strength looks weak (34.0/100) | Momentum is weak (15.0/100) | Relative strength is weak (0.0/100),60+ minutes,Strong free cash flow yield. | Financial risk: balance sheet metrics look weak.,88,Yahoo Finance,2026-10-02,2026-10-02 18:19:48,,26.6,2/3,Low,469.37,32.4,96.9
KR,Kroger Company (The),Consumer Defensive,Grocery Stores,58.95,52.8,28.64,117.5,P/E (sector median 23x): $42.43 | EV/FCF (sector median 24x): $63.17 | DCF (FCFF/WACC): $117.50 | Dividend (DDM): $28.64,-10.4,-11.7,62.49,Research only,24.7,F,Tier 4 — Low Priority / Avoid,26.7,21.7,27.4,21.4,26.2,14.9,2.5,15.7,16.1,39.1,77.4,25.7,11.0,24.5,0.0,64.2,19.1,50.0,31.864864,10.698283,0.5735,0.23314895,7.164,22.72,7.28,3.14,0.73,23.9,2.98,5.39,1.7,4.49,37.8,14.44,5.8,12.43,2.0,15.3,413.24,0.702,0.21,0.07,2.8,0.406,27.2,-26.2,2.62,75.68,0.8,1.4,-18.3,-9.2,-35.6,-25.3,0.28,0.19,Recovery Candidate,Low Priority / Avoid,High Risk — Needs Confirmation,Debt / Balance Sheet Risk,FCF yield looks attractive (7.28%) | ROIC proxy is strong (12.43%),Cash-flow profile looks weak (39.1/100) | Growth profile looks weak (25.7/100) | Financial strength looks weak (11.0/100) | Momentum is weak (24.5/100),60+ minutes,Strong free cash flow yield. | Strong ROIC proxy. | Financial risk: balance sheet metrics look weak.,100,Yahoo Finance,2026-10-02,2026-10-02 18:19:55,49.17,26.6,2/4,Low,143.74,24.6,95.5
LHX,"L3Harris Technologies, Inc.",Industrials,Aerospace & Defense,236.73,251.97,221.63,1063.86,"P/E (sector median 27x): $271.91 | EV/FCF (sector median 34x): $232.02 | DCF (FCFF/WACC): $221.63 | Dividend (DDM): $1,063.86",6.4,6.0,250.93,Research only,35.6,F,Tier 4 — Low Priority / Avoid,42.2,33.7,26.6,36.5,36.9,34.1,0.0,26.7,29.5,36.0,57.6,48.9,41.4,3.3,0.0,76.2,44.3,50.0,23.936298,17.484617,1.1901,1.9223175,13.474,34.68,3.65,4.18,8.17,25.48,12.57,18.06,7.02,14.36,48.88,9.34,4.38,7.75,8.4,28.3,52.753,1.184,0.839,0.14,2.29,0.506,25.2,-36.7,2.1,49.49,-9.3,-19.5,-33.4,-18.7,-50.7,-34.8,0.49,0.0,General Watchlist,Low Priority / Avoid,Avoid for Now,Momentum Risk,No single dominant strength; needs manual research.,Cash-flow profile looks weak (36.0/100) | Momentum is weak (3.3/100) | Relative strength is weak (0.0/100),60+ minutes,No major signal,100,Yahoo Finance,2026-10-02,2026-10-02 18:20:02,170.77,17.3,2/4,Low,127.02,42.7,93.9
LH,Labcorp Holdings Inc.,Healthcare,Diagnostics & Research,306.53,253.75,223.41,327.93,P/E (sector median 27x): $327.93 | EV/FCF (sector median 29x): $253.75 | DCF (FCFF/WACC): $223.41,-17.2,-20.8,324.92,Research only,35.1,F,Tier 4 — Low Priority / Avoid,36.9,27.4,45.8,29.0,36.4,32.1,0.0,24.5,7.6,34.0,57.7,48.1,45.1,40.7,28.9,81.8,44.0,50.0,25.375,15.4519615,1.214,1.7326165,13.536,35.2,3.59,3.94,6.99,28.88,12.24,16.17,6.22,11.42,54.45,11.73,5.53,9.06,5.8,28.2,79.124,1.796,1.246,0.02,2.88,0.851,23.4,-17.4,0.95,23.82,-7.5,8.2,12.2,10.8,-5.0,-5.3,0.34,0.66,General Watchlist,Low Priority / Avoid,Avoid for Now,Business Quality Risk,No single dominant strength; needs manual research.,Cash-flow profile looks weak (34.0/100) | Relative strength is weak (28.9/100),60+ minutes,No major signal,100,Yahoo Finance,2026-10-02,2026-10-02 18:20:09,359.11,29.7,1/3,High,118.87,40.6,97.2
LRCX,Lam Research Corporation,Technology,Semiconductor Equipment & Materials,348.95,83.15,45.07,180.91,"P/E (sector median 31x): $180.91 | EV/FCF (sector median 33x): $83.15 | DCF (3-stage, CAPM): $45.07",-76.2,-319.7,369.89,Research only,66.0,D,Tier 3 — Watchlist Only,70.8,53.7,73.3,69.1,63.1,51.2,40.0,52.5,67.9,37.6,20.4,93.0,96.3,78.8,100.0,31.0,83.1,50.0,60.68696,29.724335,1.4467,18.796125,49.08,137.23,0.71,1.65,31.27,50.47,37.39,37.2,13.3,25.21,52.76,65.07,22.84,62.3,30.0,34.8,33.049,2.629,1.839,1.35,-0.17,1.859,56.8,-41.8,0.39,18.06,19.4,7.1,58.4,138.5,41.2,122.4,0.53,0.72,General Watchlist,Watchlist Only,High Risk — Needs Confirmation,Valuation Risk,Strong growth profile (93.0/100) | Strong relative strength vs SPY (100.0/100) | ROIC proxy is strong (62.3%),Valuation may be stretched (20.4/100) | Cash-flow profile looks weak (37.6/100) | Risk profile is elevated (31.0/100),60+ minutes,Strong ROIC proxy. | Outperforming SPY on relative strength. | Valuation risk: stock may be expensive. | Risk warning: volatility/drawdown risk is elevated.,100,Yahoo Finance,2026-10-02,2026-10-02 18:20:16,263.52,45.8,0/3,Low,78.4,78.6,27.6
LVS,Las Vegas Sands Corp.,Consumer Cyclical,Resorts & Casinos,36.42,57.41,14.19,69.36,P/E (sector median 20x): $50.65 | EV/FCF (sector median 29x): $64.16 | DCF (FCFF/WACC): $69.36 | Dividend (DDM): $14.19,57.6,36.6,46.62,Research only,46.5,F,Tier 4 — Low Priority / Avoid,54.4,49.8,19.1,62.1,46.4,41.1,27.5,41.1,93.4,78.0,87.7,16.4,19.7,1.0,0.0,45.3,29.8,50.0,14.116279,10.373704,0.8432,1.7194602,7.757,16.26,9.38,7.08,12.59,79.33,19.66,33.81,16.13,27.2,59.29,122.87,9.55,17.06,-0.7,-19.8,1703.902,0.997,0.927,0.22,2.57,0.819,35.8,-46.7,3.27,42.64,-18.2,-20.4,-32.2,-32.4,-49.5,-48.5,0.81,0.0,Recovery Candidate,Low Priority / Avoid,High Risk — Needs Confirmation,Momentum Risk,Strong cash-flow profile (78.0/100) | Strong quality profile (93.4/100) | FCF yield looks attractive (9.38%) | ROIC proxy is strong (17.06%) | Fair value upside is positive (57.6%),Growth profile looks weak (16.4/100) | Financial strength looks weak (19.7/100) | Momentum is weak (1.0/100) | Relative strength is weak (0.0/100),60+ minutes,Strong free cash flow yield. | Strong ROIC proxy. | Financial risk: balance sheet metrics look weak.,100,Yahoo Finance,2026-10-02,2026-10-02 18:20:22,39.52,15.3,3/4,Low,176.74,47.9,97.4
LDOS,"Leidos Holdings, Inc.",Technology,Information Technology Services,119.13,297.28,210.81,336.96,P/E (sector median 31x): $336.96 | EV/FCF (sector median 33x): $210.81 | DCF (FCFF/WACC): $297.28,149.5,59.9,152.49,Research only,31.7,F,Tier 4 — Low Priority / Avoid,35.3,32.6,23.9,32.7,32.8,34.0,2.5,25.9,20.7,54.9,74.7,21.9,39.3,15.9,0.0,57.8,19.6,50.0,11.123249,9.343309,2.46,0.8497687,8.895,18.48,7.65,8.99,7.8,17.79,11.72,13.51,6.5,13.04,49.85,27.78,8.91,14.67,7.2,-6.7,123.276,1.629,1.154,0.11,2.45,0.572,32.9,-49.5,1.41,15.78,-9.7,10.1,-24.8,-37.5,-42.1,-53.6,0.32,0.2,Recovery Candidate,Low Priority / Avoid,High Risk — Needs Confirmation,Momentum Risk,FCF yield looks attractive (7.65%) | ROIC proxy is strong (14.67%) | Fair value upside is positive (149.5%),Growth profile looks weak (21.9/100) | Financial strength looks weak (39.3/100) | Momentum is weak (15.9/100) | Relative strength is weak (0.0/100),60+ minutes,Strong free cash flow yield. | Strong ROIC proxy. | Financial risk: balance sheet metrics look weak.,100,Yahoo Finance,2026-10-02,2026-10-02 18:20:29,490.84,45.8,3/3,High,89.71,35.4,98.8
LEN,Lennar Corporation,Consumer Cyclical,Residential Construction,80.06,60.77,17.3,104.24,P/E (sector median 20x): $104.24 | Dividend (DDM): $17.30,-24.1,-31.7,84.86,Research only,28.7,F,Tier 4 — Low Priority / Avoid,32.7,26.1,22.8,32.6,29.1,33.1,0.0,23.1,15.7,50.0,55.5,8.0,58.8,20.6,0.0,46.4,14.0,50.0,15.077212,14.814048,11.3018,0.603197,12.273,,,6.63,4.09,16.01,5.77,6.25,,,,5.96,3.4,5.45,-8.7,-48.0,27.736,11.392,1.056,0.19,2.44,1.398,36.1,-56.8,2.44,37.88,-5.2,-7.2,-8.6,-36.4,-25.9,-52.5,1.44,0.07,General Watchlist,Low Priority / Avoid,Avoid for Now,Growth Risk,No single dominant strength; needs manual research.,Growth profile looks weak (8.0/100) | Momentum is weak (20.6/100) | Relative strength is weak (0.0/100),60+ minutes,No major signal,94,Yahoo Finance,2026-10-02,2026-10-02 18:20:36,81.34,15.3,1/2,Low,56.01,28.0,98.1
LII,"Lennox International, Inc.",Industrials,Building Products & Equipment,357.45,171.11,77.0,618.32,P/E (sector median 27x): $618.32 | EV/FCF (sector median 34x): $233.88 | DCF (FCFF/WACC): $108.33 | Dividend (DDM): $77.00,-52.1,-108.9,378.9,Research only,33.6,F,Tier 4 — Low Priority / Avoid,40.3,32.1,18.9,42.5,33.6,18.1,0.0,20.2,68.5,25.1,62.5,20.1,32.3,2.3,0.0,42.4,28.9,50.0,15.893952,13.7077675,0.9442,2.3299549,12.325,51.96,2.25,6.29,14.87,33.33,22.86,22.08,5.24,16.87,31.04,71.76,15.99,29.28,3.0,0.1,156.082,1.569,0.674,0.03,1.68,1.184,37.5,-46.6,1.51,23.37,-7.1,-35.6,-20.7,-33.8,-38.0,-50.0,0.43,0.01,General Watchlist,Low Priority / Avoid,High Risk — Needs Confirmation,Momentum Risk,ROIC proxy is strong (29.28%),Cash-flow profile looks weak (25.1/100) | Growth profile looks weak (20.1/100) | Financial strength looks weak (32.3/100) | Momentum is weak (2.3/100),60+ minutes,Strong ROIC proxy. | Financial risk: balance sheet metrics look weak.,100,Yahoo Finance,2026-10-02,2026-10-02 18:20:43,388.33,17.3,1/4,Low,55.94,39.0,99.3
LLY,Eli Lilly and Company,Healthcare,Drug Manufacturers - General,1143.41,552.97,344.3,808.44,"P/E (sector median 27x): $808.44 | EV/FCF (sector median 29x): $344.30 | DCF (3-stage, CAPM): $552.97",-51.6,-106.8,1212.02,Research only,55.9,F,Tier 4 — Low Priority / Avoid,60.0,46.2,60.7,57.7,55.0,42.0,27.5,42.8,74.0,40.0,33.1,89.3,33.5,48.1,73.5,60.5,75.6,50.0,38.3954,24.050386,1.1368,12.7933,25.676,96.77,1.09,2.6,33.53,83.4,54.22,52.35,13.89,35.25,39.4,102.29,20.36,42.75,47.7,26.2,162.071,1.355,0.679,0.16,1.1,0.502,37.9,-32.6,0.6,21.69,-1.4,-7.3,23.7,40.3,6.5,24.2,0.43,0.72,General Watchlist,Low Priority / Avoid,High Risk — Needs Confirmation,Valuation Risk,Strong growth profile (89.3/100) | ROIC proxy is strong (42.75%),Valuation may be stretched (33.1/100) | Financial strength looks weak (33.5/100),60+ minutes,Strong ROIC proxy. | Valuation risk: stock may be expensive. | Financial risk: balance sheet metrics look weak.,100,Yahoo Finance,2026-10-02,2026-10-02 18:20:50,885.29,29.7,0/3,Medium,62.1,81.3,0.0
LIN,Linde plc,Basic Materials,Specialty Chemicals,477.66,307.67,199.25,453.53,P/E (sector median 29x): $453.53 | EV/FCF (sector median 37x): $307.67 | DCF (FCFF/WACC): $199.25,-35.6,-55.3,506.32,Research only,47.9,F,Tier 4 — Low Priority / Avoid,55.0,42.4,37.4,56.1,48.8,43.0,2.5,34.9,80.4,40.6,37.4,46.8,38.3,25.4,6.3,87.2,50.8,50.0,30.83667,24.421894,1.7997,6.211509,17.441,57.94,1.89,3.24,20.43,48.35,28.12,38.99,11.74,29.59,39.67,18.4,7.16,12.66,9.3,11.3,68.947,0.879,0.68,0.17,1.67,0.727,18.8,-19.2,1.36,40.0,-0.9,-11.0,-3.7,3.1,-21.0,-13.0,0.75,0.58,General Watchlist,Low Priority / Avoid,High Risk — Needs Confirmation,Momentum Risk,Strong quality profile (80.4/100) | ROIC proxy is strong (12.66%),Valuation may be stretched (37.4/100) | Financial strength looks weak (38.3/100) | Momentum is weak (25.4/100) | Relative strength is weak (6.3/100),60+ minutes,Strong ROIC proxy. | Financial risk: balance sheet metrics look weak.,100,Yahoo Finance,2026-10-02,2026-10-02 18:20:57,,,0/3,Medium,116.22,52.0,64.2
LYV,"Live Nation Entertainment, Inc.",Communication Services,Entertainment,168.18,162.77,147.78,177.76,"EV/FCF (sector median 27x): $177.76 | DCF (3-stage, CAPM): $147.78",-3.2,-3.3,178.27,Research only,35.4,F,Tier 4 — Low Priority / Avoid,40.0,32.3,33.8,33.3,35.6,20.1,0.0,21.2,24.1,41.4,22.8,53.8,29.4,28.0,14.4,52.0,43.1,50.0,,86.195175,4.4087,1.4912173,27.61,25.26,4.33,,0.51,25.78,6.7,5.9,6.45,9.93,64.98,17.68,2.1,60.58,9.4,156.2,620.214,0.852,0.681,0.8,1.43,1.116,30.3,-27.8,,0.0,-5.2,-8.6,5.0,7.3,-12.2,-8.8,0.39,0.68,General Watchlist,Low Priority / Avoid,High Risk — Needs Confirmation,Valuation Risk,ROIC proxy is strong (60.58%),Valuation may be stretched (22.8/100) | Financial strength looks weak (29.4/100) | Momentum is weak (28.0/100) | Relative strength is weak (14.4/100),60+ minutes,Strong ROIC proxy. | Valuation risk: stock may be expensive. | Financial risk: balance sheet metrics look weak.,94,Yahoo Finance,2026-10-02,2026-10-02 18:21:04,,,1/2,High,0.0,41.9,94.7
LMT,Lockheed Martin Corporation,Industrials,Aerospace & Defense,504.95,730.26,579.31,2950.02,"P/E (sector median 27x): $744.79 | EV/FCF (sector median 34x): $715.73 | DCF (FCFF/WACC): $579.31 | Dividend (DDM): $2,950.02",44.6,30.9,646.34,Research only,39.5,F,Tier 4 — Low Priority / Avoid,44.9,39.5,30.9,39.9,40.3,28.6,2.5,27.1,40.7,44.2,69.2,56.5,25.7,18.0,6.8,61.0,47.5,50.0,18.639719,15.416376,1.0155,1.5132028,13.782,23.98,4.77,5.36,8.16,11.8,11.96,12.57,7.22,13.51,53.48,89.17,8.64,28.48,10.5,443.8,234.238,1.193,0.974,0.18,1.73,0.104,27.5,-31.8,2.73,50.33,-5.3,-5.1,-19.8,3.7,-37.1,-12.4,0.44,0.31,General Watchlist,Low Priority / Avoid,High Risk — Needs Confirmation,Momentum Risk,ROIC proxy is strong (28.48%) | Fair value upside is positive (44.6%),Financial strength looks weak (25.7/100) | Momentum is weak (18.0/100) | Relative strength is weak (6.8/100) | Debt/equity is high,60+ minutes,Strong ROIC proxy. | Financial risk: balance sheet metrics look weak.,100,Yahoo Finance,2026-10-02,2026-10-02 18:21:11,467.76,17.3,4/4,Low,142.85,45.5,81.7
L,Loews Corporation,Financial Services,Insurance - Property & Casualty,105.75,142.79,115.68,732.46,P/E (sector median 14x): $115.68 | P/B (justified): $142.79 | Dividend (DDM): $732.46,35.0,25.9,133.53,Research only,39.9,F,Tier 4 — Low Priority / Avoid,43.7,37.4,36.2,39.8,41.9,38.8,0.0,29.8,29.1,48.2,62.2,35.9,51.8,24.7,7.3,94.2,35.8,50.0,12.974848,36.463795,1.32,1.1563715,7.702,19.76,5.84,7.71,9.02,36.29,14.53,17.32,6.75,13.77,49.01,9.31,1.91,9.91,3.9,15.6,44.609,0.507,0.507,0.72,0.78,0.507,18.6,-12.5,24.0,3.07,-3.9,-9.5,-1.8,4.2,-19.0,-11.9,0.3,0.38,General Watchlist,Low Priority / Avoid,Avoid for Now,Momentum Risk,FCF yield looks attractive (5.84%) | Fair value upside is positive (35.0%),Growth profile looks weak (35.9/100) | Momentum is weak (24.7/100) | Relative strength is weak (7.3/100),60+ minutes,No major signal,100,Yahoo Finance,2026-10-02,2026-10-02 18:21:18,192.2,23.6,3/3,Low,56.42,42.8,97.7
LOW,"Lowe's Companies, Inc.",Consumer Cyclical,Home Improvement Retail,181.36,254.05,169.86,1012.6,"P/E (sector median 20x): $232.43 | EV/FCF (sector median 29x): $169.86 | DCF (FCFF/WACC): $275.68 | Dividend (DDM): $1,012.60",40.1,28.6,232.14,Research only,31.0,F,Tier 4 — Low Priority / Avoid,35.1,31.9,21.4,33.0,32.5,22.1,2.5,21.5,40.4,36.1,67.8,26.7,24.9,1.1,0.0,66.1,24.2,50.0,15.317568,13.926334,1.3123,1.1251854,11.092,30.59,4.54,6.53,7.35,32.99,13.36,14.08,5.1,10.24,49.83,,12.52,,8.3,0.0,,1.105,0.209,0.08,3.05,0.846,25.7,-36.2,2.74,41.0,-10.2,-17.4,-22.0,-25.2,-39.3,-41.3,0.46,0.0,General Watchlist,Low Priority / Avoid,High Risk — Needs Confirmation,Momentum Risk,Fair value upside is positive (40.1%),Cash-flow profile looks weak (36.1/100) | Growth profile looks weak (26.7/100) | Financial strength looks weak (24.9/100) | Momentum is weak (1.1/100),60+ minutes,Financial risk: balance sheet metrics look weak.,88,Yahoo Finance,2026-10-02,2026-10-02 18:21:25,181.36,15.3,3/4,Low,124.68,39.1,84.2
LULU,lululemon athletica inc.,Consumer Cyclical,Apparel Retail,94.09,238.52,150.45,272.44,"P/E (sector median 20x): $238.52 | EV/FCF (sector median 29x): $272.44 | DCF (3-stage, CAPM): $150.45",153.5,60.6,120.44,Research only,47.7,F,Tier 4 — Low Priority / Avoid,56.6,49.9,18.7,64.8,47.6,54.9,50.0,52.0,83.6,67.7,92.1,8.1,68.8,0.0,0.0,50.3,24.4,50.0,7.744033,10.882225,1.1303,0.93895334,4.767,9.89,11.03,12.91,12.78,54.9,13.21,21.49,10.35,17.87,57.95,30.9,14.4,21.05,-4.3,-5.9,44.689,2.19,0.866,0.65,0.32,0.864,48.2,-77.7,,0.0,-22.7,-18.2,-39.8,-47.2,-57.0,-63.3,0.61,0.0,Recovery Candidate,Low Priority / Avoid,Avoid for Now,Momentum Risk,Strong quality profile (83.6/100) | FCF yield looks attractive (11.03%) | ROIC proxy is strong (21.05%) | Fair value upside is positive (153.5%),Growth profile looks weak (8.1/100) | Momentum is weak (0.0/100) | Relative strength is weak (0.0/100),60+ minutes,Strong free cash flow yield. | Strong ROIC proxy.,100,Yahoo Finance,2026-10-02,2026-10-02 18:21:32,186.11,15.3,3/3,Medium,65.84,48.6,99.6
LITE,Lumentum Holdings Inc.,Technology,Communication Equipment,1087.64,56.95,27.73,86.17,"EV/FCF (sector median 33x): $86.17 | DCF (3-stage, CAPM): $27.73",-94.8,-1809.7,1152.9,Research only,50.1,F,Tier 4 — Low Priority / Avoid,51.0,39.7,70.2,40.0,48.2,34.5,30.0,37.9,26.5,24.9,34.2,76.6,84.7,90.9,100.0,31.4,37.8,50.0,,31.319817,0.63,32.369328,115.823,412.72,0.23,,-230.1,44.24,27.95,26.57,7.46,24.93,29.9,-240.03,5.82,18.31,109.3,,35.987,1.678,1.318,1.64,-1.33,1.541,83.5,-50.6,,0.0,28.4,55.6,40.8,540.7,23.6,524.6,0.8,1.0,General Watchlist,Low Priority / Avoid,High Risk — Needs Confirmation,Cash Flow Risk,Strong growth profile (76.6/100) | Strong relative strength vs SPY (100.0/100) | ROIC proxy is strong (18.31%),Valuation may be stretched (34.2/100) | Cash-flow profile looks weak (24.9/100) | Risk profile is elevated (31.4/100),60+ minutes,Strong ROIC proxy. | Outperforming SPY on relative strength. | Valuation risk: stock may be expensive. | Risk warning: volatility/drawdown risk is elevated.,88,Yahoo Finance,2026-10-02,2026-10-02 18:21:40,,45.8,0/2,Low,,69.8,84.9
LYB,LyondellBasell Industries NV,Basic Materials,Specialty Chemicals,58.71,131.01,88.31,600.56,EV/FCF (sector median 37x): $88.31 | DCF (FCFF/WACC): $131.01 | Dividend (DDM): $600.56,123.2,55.2,75.15,Research only,41.5,F,Tier 4 — Low Priority / Avoid,46.7,41.5,37.4,36.5,41.7,31.1,15.0,31.8,29.7,41.7,70.4,73.6,32.3,28.6,27.4,50.7,45.8,50.0,,9.440941,1.5257,0.6080263,8.54,24.81,6.47,,-1.13,12.89,17.92,11.44,3.94,9.53,41.31,-2.27,4.11,19.76,19.8,396.0,132.759,1.641,0.931,0.18,3.27,0.353,41.0,-52.5,4.78,1146.81,-9.3,8.6,-23.8,26.5,-41.0,10.4,0.39,0.46,Recovery Candidate,Low Priority / Avoid,High Risk — Needs Confirmation,Momentum Risk,FCF yield looks attractive (6.47%) | ROIC proxy is strong (19.76%) | Fair value upside is positive (123.2%),Financial strength looks weak (32.3/100) | Momentum is weak (28.6/100) | Relative strength is weak (27.4/100),60+ minutes,Strong free cash flow yield. | Strong ROIC proxy. | Financial risk: balance sheet metrics look weak.,94,Yahoo Finance,2026-10-02,2026-10-02 18:21:47,,,3/3,Low,141.09,51.4,98.1
MTB,M&T Bank Corporation,Financial Services,Banks - Regional,218.23,275.1,268.11,492.04,P/E (sector median 14x): $268.11 | P/B (justified): $275.10 | Dividend (DDM): $492.04,26.1,20.7,260.88,Research only,51.5,F,Tier 4 — Low Priority / Avoid,57.4,46.9,43.1,57.9,51.8,49.9,12.5,41.1,48.5,60.0,69.7,54.4,52.1,26.4,20.0,73.8,77.6,50.0,11.552673,10.356235,1.3627,3.346601,,,,8.66,32.09,0.0,45.11,0.0,,40.25,,10.74,1.41,12.7,6.2,25.5,,,,0.95,,0.563,25.8,-28.5,2.76,31.76,-9.1,-8.4,4.3,14.7,-12.9,-1.4,0.34,0.57,General Watchlist,Low Priority / Avoid,Avoid for Now,Momentum Risk,ROIC proxy is strong (12.7%) | Fair value upside is positive (26.1%),Momentum is weak (26.4/100) | Relative strength is weak (20.0/100),60+ minutes,Strong ROIC proxy.,75,Yahoo Finance,2026-10-02,2026-10-02 18:21:54,445.46,23.6,3/3,Medium,83.81,43.9,96.0
MPC,Marathon Petroleum Corporation,Energy,Oil & Gas Refining & Marketing,423.48,479.75,478.62,799.04,P/E (sector median 17x): $479.75 | EV/FCF (sector median 18x): $478.62 | DCF (FCFF/WACC): $799.04,13.3,11.7,465.69,Research only,55.9,F,Tier 4 — Low Priority / Avoid,55.6,46.7,75.7,45.5,55.5,51.2,40.0,48.8,41.2,54.0,86.1,85.6,36.2,85.4,100.0,65.5,51.6,50.0,14.693963,8.704244,0.8956,0.8020275,9.817,16.34,7.48,6.81,5.55,12.82,13.56,9.99,6.0,11.11,54.01,42.1,8.74,35.74,53.7,348.0,133.328,1.25,0.857,0.23,1.72,0.527,35.3,-31.4,0.95,13.56,9.2,59.4,76.6,124.0,59.3,107.8,0.5,0.99,Position Trade Candidate,Low Priority / Avoid,High Risk — Needs Confirmation,Debt / Balance Sheet Risk,Strong growth profile (85.6/100) | Strong relative strength vs SPY (100.0/100) | Strong 3-6 month position-trade setup (75.7/100) | FCF yield looks attractive (7.48%) | ROIC proxy is strong (35.74%),Financial strength looks weak (36.2/100),60+ minutes,Strong free cash flow yield. | Strong ROIC proxy. | Outperforming SPY on relative strength. | Financial risk: balance sheet metrics look weak.,100,Yahoo Finance,2026-10-02,2026-10-02 18:22:00,,,3/3,Medium,106.51,66.2,80.5
MAR,Marriott International,Consumer Cyclical,Lodging,357.36,192.07,186.5,228.69,P/E (sector median 20x): $186.50 | EV/FCF (sector median 29x): $192.07 | DCF (FCFF/WACC): $228.69,-46.3,-86.1,378.8,Research only,54.4,F,Tier 4 — Low Priority / Avoid,59.8,47.9,50.1,60.8,54.0,35.5,2.5,34.3,86.0,58.7,29.6,57.4,19.5,45.9,41.3,62.2,60.7,50.0,37.61684,27.159803,1.759,12.618476,22.815,53.31,2.21,2.66,35.03,79.24,65.28,65.19,27.9,50.48,55.27,,9.76,,11.1,4.3,,0.535,0.481,0.03,3.6,1.104,27.8,-30.5,0.82,28.36,6.3,-6.0,6.2,35.3,-11.1,19.1,0.25,0.69,General Watchlist,Low Priority / Avoid,High Risk — Needs Confirmation,Debt / Balance Sheet Risk,Strong quality profile (86.0/100),Valuation may be stretched (29.6/100) | Financial strength looks weak (19.5/100),60+ minutes,Valuation risk: stock may be expensive. | Financial risk: balance sheet metrics look weak.,88,Yahoo Finance,2026-10-02,2026-10-02 18:22:07,145.52,15.3,0/3,High,150.67,63.6,85.6
MRSH,Marsh,Financial Services,Insurance Brokers,170.38,158.84,116.38,320.14,P/E (sector median 14x): $116.38 | P/B (justified): $158.84 | Dividend (DDM): $320.14,-6.8,-7.3,180.61,Research only,45.5,F,Tier 4 — Low Priority / Avoid,52.2,41.7,33.1,54.8,46.0,36.4,15.0,34.9,58.3,70.9,67.5,39.8,24.0,20.9,0.0,69.7,59.5,50.0,20.778658,14.932469,1.4978,2.9094229,13.269,21.51,5.89,4.81,14.24,43.99,26.32,27.76,17.12,18.17,94.23,25.9,7.24,16.21,6.2,7.3,145.027,1.139,0.528,0.08,2.67,0.577,22.8,-34.4,2.3,43.96,-9.1,-3.2,-0.9,-12.8,-18.2,-28.9,0.5,0.32,General Watchlist,Low Priority / Avoid,High Risk — Needs Confirmation,Momentum Risk,FCF yield looks attractive (5.89%) | ROIC proxy is strong (16.21%),Growth profile looks weak (39.8/100) | Financial strength looks weak (24.0/100) | Momentum is weak (20.9/100) | Relative strength is weak (0.0/100),60+ minutes,Strong ROIC proxy. | Financial risk: balance sheet metrics look weak.,100,Yahoo Finance,2026-10-02,2026-10-02 18:22:14,193.36,23.6,1/3,Low,71.0,51.1,87.6
MLM,"Martin Marietta Materials, Inc.",Basic Materials,Building Materials,483.3,305.64,201.79,450.31,P/E (sector median 29x): $450.31 | EV/FCF (sector median 37x): $305.64 | DCF (FCFF/WACC): $201.79,-36.8,-58.1,512.3,Research only,37.5,F,Tier 4 — Low Priority / Avoid,45.2,35.1,25.9,41.1,38.4,35.0,0.0,27.8,49.3,32.4,38.5,47.4,37.0,6.2,0.0,68.8,41.9,50.0,31.423925,22.639822,1.8321,5.1321273,16.471,59.01,1.73,3.18,36.74,28.23,20.18,31.79,8.87,22.71,39.06,8.89,4.57,5.36,21.0,-23.2,54.945,1.407,0.651,0.02,2.93,1.101,26.2,-32.1,0.7,21.59,-5.0,-18.5,-19.0,-22.6,-36.3,-38.7,0.43,0.02,General Watchlist,Low Priority / Avoid,High Risk — Needs Confirmation,Momentum Risk,No single dominant strength; needs manual research.,Valuation may be stretched (38.5/100) | Cash-flow profile looks weak (32.4/100) | Financial strength looks weak (37.0/100) | Momentum is weak (6.2/100),60+ minutes,Financial risk: balance sheet metrics look weak.,100,Yahoo Finance,2026-10-02,2026-10-02 18:22:21,,,0/3,Medium,37.14,44.7,95.6
MRVL,"Marvell Technology, Inc.",Technology,Semiconductors,272.24,93.16,24.49,441.02,"P/E (sector median 31x): $95.65 | EV/FCF (sector median 33x): $90.67 | DCF (3-stage, CAPM): $24.49 | Dividend (DDM): $441.02",-65.8,-192.2,288.57,Research only,64.8,D,Tier 3 — Watchlist Only,69.1,53.6,74.2,64.7,61.6,51.6,40.0,52.2,43.4,59.2,14.1,97.5,85.8,85.7,100.0,19.1,87.8,50.0,89.551315,40.217278,1.3866,25.889097,82.95,98.18,0.98,1.12,27.93,52.22,16.68,30.16,25.48,23.28,109.44,16.52,4.12,6.12,36.5,50.0,28.525,3.168,2.461,0.74,0.47,2.253,75.4,-60.8,9.0,7.95,30.4,18.0,148.8,216.5,131.5,200.4,0.53,0.82,General Watchlist,Watchlist Only,High Risk — Needs Confirmation,Valuation Risk,Strong growth profile (97.5/100) | Strong relative strength vs SPY (100.0/100),Valuation may be stretched (14.1/100) | Risk profile is elevated (19.1/100),60+ minutes,Outperforming SPY on relative strength. | Valuation risk: stock may be expensive. | Risk warning: volatility/drawdown risk is elevated.,100,Yahoo Finance,2026-10-02,2026-10-02 18:22:28,139.33,45.8,1/4,Low,560.0,72.8,60.0
MAS,Masco Corporation,Industrials,Building Products & Equipment,68.38,85.98,11.87,125.21,P/E (sector median 27x): $118.50 | EV/FCF (sector median 34x): $125.21 | DCF (FCFF/WACC): $53.46 | Dividend (DDM): $11.87,25.7,20.5,81.58,Research only,53.8,F,Tier 4 — Low Priority / Avoid,60.3,51.3,38.2,66.0,53.3,53.4,25.0,46.7,86.1,63.2,73.3,35.2,44.8,28.4,22.8,54.7,55.5,50.0,15.865429,14.689171,1.5627,1.7695113,11.045,18.57,6.65,6.3,11.61,37.21,23.64,19.79,11.77,16.94,69.49,5862.5,15.86,,-2.9,24.5,,1.865,1.148,0.16,1.95,1.294,32.9,-30.9,1.87,29.03,-4.3,-13.4,15.6,-1.9,-1.7,-18.0,0.28,0.42,Recovery Candidate,Low Priority / Avoid,Avoid for Now,Momentum Risk,Strong quality profile (86.1/100) | FCF yield looks attractive (6.65%) | Fair value upside is positive (25.7%),Growth profile looks weak (35.2/100) | Momentum is weak (28.4/100) | Relative strength is weak (22.8/100),60+ minutes,Strong free cash flow yield.,94,Yahoo Finance,2026-10-02,2026-10-02 18:22:35,74.42,17.3,2/4,Low,100.61,40.7,99.1
MA,Mastercard Incorporated,Financial Services,Credit Services,554.07,145.15,31.98,258.32,P/E (sector median 14x): $258.32 | P/B (justified): $31.98,-73.8,-281.7,587.31,Research only,62.2,D-,Tier 3 — Watchlist Only,71.1,55.6,45.6,78.0,61.5,50.4,27.5,49.2,100.0,75.9,44.6,69.7,30.5,36.1,13.9,69.1,89.5,50.0,30.44313,24.063824,1.462,13.834804,22.289,29.17,3.49,3.28,46.34,100.0,61.11,63.28,48.35,49.7,97.27,241.2,24.06,90.88,14.1,22.1,439.583,1.061,0.666,0.47,0.59,0.735,22.2,-20.9,0.63,17.93,-5.4,4.4,10.9,-3.4,-6.4,-19.6,0.44,0.65,General Watchlist,Watchlist Only,High Risk — Needs Confirmation,Debt / Balance Sheet Risk,High business health (78.0/100) | Strong cash-flow profile (75.9/100) | Strong quality profile (100.0/100) | ROIC proxy is strong (90.88%),Financial strength looks weak (30.5/100) | Momentum is weak (36.1/100) | Relative strength is weak (13.9/100) | Debt/equity is high,60+ minutes,Strong ROIC proxy. | Financial risk: balance sheet metrics look weak.,100,Yahoo Finance,2026-10-02,2026-10-02 18:22:42,429.19,23.6,0/2,Low,101.56,72.3,19.4
MKC,"McCormick & Company, Incorporat",Consumer Defensive,Packaged Foods,44.47,133.51,47.92,413.97,P/E (sector median 23x): $137.83 | EV/FCF (sector median 24x): $47.92 | DCF (FCFF/WACC): $129.19 | Dividend (DDM): $413.97,200.2,66.7,56.92,Research only,45.4,F,Tier 4 — Low Priority / Avoid,53.0,46.6,26.3,53.2,46.2,35.7,2.5,32.3,70.0,56.9,72.8,41.5,28.9,6.2,0.0,69.0,43.7,50.0,7.3993344,13.492767,1.9027,1.555594,11.2,22.59,6.35,13.51,19.39,39.27,17.71,19.93,9.88,14.84,66.57,22.62,5.37,9.2,17.4,-57.1,66.141,0.657,0.263,0.07,3.06,0.634,26.9,-45.6,4.35,30.95,-15.4,-14.8,-10.9,-32.6,-28.1,-48.7,0.91,0.01,Recovery Candidate,Low Priority / Avoid,High Risk — Needs Confirmation,Momentum Risk,FCF yield looks attractive (6.35%) | Fair value upside is positive (200.2%),Financial strength looks weak (28.9/100) | Momentum is weak (6.2/100) | Relative strength is weak (0.0/100),60+ minutes,Strong free cash flow yield. | Financial risk: balance sheet metrics look weak.,100,Yahoo Finance,2026-10-02,2026-10-02 18:22:49,159.73,26.6,4/4,Low,65.01,50.8,99.3
MCD,McDonald's Corporation,Consumer Cyclical,Restaurants,231.42,225.98,190.61,244.79,P/E (sector median 20x): $241.66 | EV/FCF (sector median 29x): $190.61 | DCF (FCFF/WACC): $244.79 | Dividend (DDM): $210.30,-2.4,-2.4,245.31,Research only,48.7,F,Tier 4 — Low Priority / Avoid,57.2,45.9,28.4,62.9,49.3,38.5,2.5,34.1,86.0,64.0,53.1,37.5,24.8,2.2,0.0,76.2,59.0,50.0,18.799349,16.741674,2.0568,5.9115734,14.59,34.78,3.82,5.32,31.72,57.38,46.48,53.9,22.61,40.96,55.19,,13.25,,3.7,5.7,,1.081,0.823,0.02,3.6,0.414,18.9,-31.0,3.33,59.71,-10.9,-17.4,-24.2,-20.8,-41.5,-37.0,0.55,0.0,General Watchlist,Low Priority / Avoid,High Risk — Needs Confirmation,Momentum Risk,Strong quality profile (86.0/100),Growth profile looks weak (37.5/100) | Financial strength looks weak (24.8/100) | Momentum is weak (2.2/100) | Relative strength is weak (0.0/100),60+ minutes,Financial risk: balance sheet metrics look weak.,88,Yahoo Finance,2026-10-02,2026-10-02 18:22:56,188.56,15.3,2/4,High,97.09,55.0,73.7
MCK,McKesson Corporation,Healthcare,Medical Distribution,886.56,1536.36,1013.15,1621.75,"P/E (sector median 27x): $1,013.15 | EV/FCF (sector median 29x): $1,536.36 | DCF (3-stage, CAPM): $1,621.75",73.3,42.3,1134.8,Research only,33.7,F,Tier 4 — Low Priority / Avoid,33.3,29.8,40.8,30.7,35.2,32.9,0.0,24.6,14.0,49.5,64.2,23.8,38.4,42.5,21.3,73.1,28.5,50.0,23.75489,17.580168,1.6613,0.25150517,16.174,16.82,6.58,4.21,1.12,3.63,1.35,1.72,1.65,1.67,99.24,,4.74,,7.7,-17.6,,0.893,0.504,0.44,0.94,0.307,28.2,-27.2,0.42,8.8,-3.8,9.9,3.7,17.3,-13.6,1.2,0.38,0.6,General Watchlist,Low Priority / Avoid,High Risk — Needs Confirmation,Business Quality Risk,FCF yield looks attractive (6.58%) | Fair value upside is positive (73.3%),Growth profile looks weak (23.8/100) | Financial strength looks weak (38.4/100) | Relative strength is weak (21.3/100),60+ minutes,Strong free cash flow yield. | Financial risk: balance sheet metrics look weak.,88,Yahoo Finance,2026-10-02,2026-10-02 18:23:03,1109.47,29.7,3/3,Medium,99.74,29.8,83.9
MDT,Medtronic plc.,Healthcare,Medical Devices,86.27,110.35,104.24,614.75,P/E (sector median 27x): $110.49 | EV/FCF (sector median 29x): $104.24 | DCF (FCFF/WACC): $110.22 | Dividend (DDM): $614.75,27.9,21.8,104.33,Research only,52.8,F,Tier 4 — Low Priority / Avoid,60.4,50.0,41.3,57.1,53.5,51.3,25.0,45.8,50.0,60.0,65.5,66.0,59.1,39.8,0.0,81.7,63.8,50.0,21.195332,13.467984,1.6044,2.939278,12.54,24.11,4.91,4.72,13.93,65.27,19.33,27.72,14.42,21.4,67.36,10.65,5.12,8.25,13.7,40.7,55.365,2.067,1.286,0.31,1.86,0.574,22.6,-28.9,3.33,70.2,-6.6,3.7,1.7,-6.7,-15.6,-22.8,1.89,0.47,General Watchlist,Low Priority / Avoid,Avoid for Now,Momentum Risk,Fair value upside is positive (27.9%),Momentum is weak (39.8/100) | Relative strength is weak (0.0/100),60+ minutes,No major signal,100,Yahoo Finance,2026-10-02,2026-10-02 18:23:10,121.0,29.7,4/4,Low,114.06,65.8,82.7
MRK,"Merck & Company, Inc.",Healthcare,Drug Manufacturers - General,143.49,153.12,33.66,161.9,P/E (sector median 27x): $33.66 | EV/FCF (sector median 29x): $157.95 | DCF (FCFF/WACC): $161.90 | Dividend (DDM): $148.29,6.7,6.3,152.1,Research only,47.2,F,Tier 4 — Low Priority / Avoid,47.0,39.7,58.8,44.4,47.5,46.9,15.0,37.9,35.6,73.0,41.3,49.2,35.2,59.0,73.3,68.4,33.4,50.0,115.71774,15.051862,2.7047,5.318008,13.911,26.47,4.29,0.86,4.77,75.9,-0.24,43.37,22.79,29.99,75.98,6.96,11.87,-0.14,5.1,,128.408,1.323,0.742,0.13,1.62,0.226,29.0,-33.4,2.36,268.8,-5.3,12.0,20.3,65.0,3.0,48.9,0.31,0.84,General Watchlist,Low Priority / Avoid,High Risk — Needs Confirmation,Debt / Balance Sheet Risk,No single dominant strength; needs manual research.,Financial strength looks weak (35.2/100),60+ minutes,Financial risk: balance sheet metrics look weak.,94,Yahoo Finance,2026-10-02,2026-10-02 18:23:17,36.86,29.7,3/4,Low,75.96,46.0,41.6
META,"Meta Platforms, Inc.",Communication Services,Internet Content & Information,728.73,224.1,205.38,528.3,"P/E (sector median 20x): $528.30 | EV/FCF (sector median 27x): $224.10 | DCF (3-stage, CAPM): $205.38",-69.2,-225.2,772.45,Research only,55.6,F,Tier 4 — Low Priority / Avoid,60.5,46.0,55.5,62.7,54.6,53.3,27.5,46.7,78.5,33.8,47.4,59.1,83.8,69.6,43.4,58.2,49.9,50.0,27.426796,20.876968,0.9846,8.133488,17.066,86.82,1.16,3.65,29.83,81.75,34.83,48.04,9.44,57.09,16.54,29.85,14.59,22.17,28.0,-13.4,42.997,2.226,1.987,0.8,0.2,1.243,39.3,-34.2,0.29,7.91,19.4,18.5,27.4,0.6,10.1,-15.6,0.35,0.81,General Watchlist,Low Priority / Avoid,Watchlist / Research Later,Cash Flow Risk,Strong quality profile (78.5/100) | ROIC proxy is strong (22.17%),Cash-flow profile looks weak (33.8/100),45 minutes,Strong ROIC proxy.,100,Yahoo Finance,2026-10-02,2026-10-02 18:23:24,,,0/3,Medium,61.85,77.3,0.0
MET,"MetLife, Inc.",Financial Services,Insurance - Life,94.39,74.23,69.6,509.83,P/E (sector median 14x): $74.23 | P/B (justified): $69.60 | Dividend (DDM): $509.83,-21.4,-27.2,100.05,Research only,31.1,F,Tier 4 — Low Priority / Avoid,28.8,22.1,53.7,19.9,32.2,22.7,15.0,22.7,11.8,18.1,72.2,35.8,41.9,52.2,71.9,69.7,14.3,50.0,18.0478,8.643313,0.5068,0.75546825,13.82,,-34.93,5.54,4.57,23.95,5.52,7.61,-26.39,19.59,-134.68,13.09,0.45,6.88,10.5,5.8,179.933,2.027,1.705,0.54,3.81,0.759,26.4,-22.0,2.51,43.97,-4.9,3.6,34.7,19.4,17.5,3.3,0.39,0.83,Recovery Candidate,Low Priority / Avoid,Avoid for Now,Business Quality Risk,No single dominant strength; needs manual research.,Cash-flow profile looks weak (18.1/100) | Growth profile looks weak (35.8/100) | Free cash flow yield is negative,60+ minutes,No major signal,100,Yahoo Finance,2026-10-02,2026-10-02 18:23:31,123.33,23.6,1/3,Low,138.95,28.2,91.2
MTD,"Mettler-Toledo International, I",Healthcare,Diagnostics & Research,1488.3,947.0,502.06,1185.51,"P/E (sector median 27x): $1,185.51 | EV/FCF (sector median 29x): $947.00 | DCF (FCFF/WACC): $502.06",-36.4,-57.2,1577.59,Research only,54.5,F,Tier 4 — Low Priority / Avoid,58.5,46.5,53.1,62.7,53.1,34.8,15.0,36.7,92.5,50.0,21.0,49.0,20.4,62.0,40.4,43.9,68.7,50.0,34.080494,28.76929,2.7682,7.213647,24.899,45.8,2.33,2.93,21.91,60.26,31.2,30.86,16.78,23.59,71.13,,21.1,48.55,4.5,18.3,16668.447,1.122,0.66,0.02,1.64,1.22,33.2,-35.2,,0.0,9.7,14.9,17.5,14.4,0.2,-1.7,0.32,0.89,General Watchlist,Low Priority / Avoid,High Risk — Needs Confirmation,Debt / Balance Sheet Risk,Strong quality profile (92.5/100) | ROIC proxy is strong (48.55%),Valuation may be stretched (21.0/100) | Financial strength looks weak (20.4/100) | Debt/equity is high,60+ minutes,Strong ROIC proxy. | Valuation risk: stock may be expensive. | Financial risk: balance sheet metrics look weak.,94,Yahoo Finance,2026-10-02,2026-10-02 18:23:38,1298.21,29.7,0/3,Medium,107.55,54.4,96.3
MGM,MGM Resorts International,Consumer Cyclical,Resorts & Casinos,30.36,32.39,21.28,93.44,P/E (sector median 20x): $32.39 | EV/FCF (sector median 29x): $21.28 | DCF (FCFF/WACC): $93.44,6.7,6.3,32.18,Research only,29.1,F,Tier 4 — Low Priority / Avoid,34.4,30.1,18.6,30.4,29.2,12.8,0.0,16.8,30.4,45.4,69.1,36.8,12.3,4.4,0.0,35.4,29.7,50.0,18.400002,14.694707,0.4837,0.4300527,16.057,40.87,11.51,5.43,2.4,44.16,6.79,12.6,4.95,13.87,35.69,18.92,1.77,3.18,1.0,519.4,893.311,1.335,1.207,0.09,12.25,1.282,41.1,-40.1,,0.0,-26.2,-34.9,-19.3,-12.6,-36.5,-28.8,0.56,0.0,General Watchlist,Low Priority / Avoid,High Risk — Needs Confirmation,Momentum Risk,FCF yield looks attractive (11.51%),Growth profile looks weak (36.8/100) | Financial strength looks weak (12.3/100) | Momentum is weak (4.4/100) | Relative strength is weak (0.0/100),60+ minutes,Strong free cash flow yield. | Financial risk: balance sheet metrics look weak. | Risk warning: volatility/drawdown risk is elevated.,100,Yahoo Finance,2026-10-02,2026-10-02 18:23:44,25.27,15.3,2/3,Low,221.08,31.8,100.0
MCHP,Microchip Technology Incorporat,Technology,Semiconductors,81.59,33.18,21.71,76.25,P/E (sector median 31x): $21.71 | EV/FCF (sector median 33x): $76.25 | DCF (FCFF/WACC): $25.30 | Dividend (DDM): $41.05,-59.3,-145.9,86.49,Research only,54.3,F,Tier 4 — Low Priority / Avoid,60.1,49.0,53.1,54.3,52.1,44.1,5.0,37.9,45.8,68.7,41.5,83.3,39.4,57.9,59.6,23.2,65.9,50.0,118.24637,17.800611,0.226,8.649255,31.706,34.99,3.08,0.85,9.34,60.19,23.96,29.4,26.64,23.39,113.92,7.19,3.54,8.37,38.0,,83.688,1.921,0.958,0.05,3.4,1.736,54.2,-54.6,2.32,267.65,11.6,-2.5,22.7,26.6,5.5,10.5,0.49,0.62,General Watchlist,Low Priority / Avoid,High Risk — Needs Confirmation,Volatility / Drawdown Risk,Strong growth profile (83.3/100),Financial strength looks weak (39.4/100) | Risk profile is elevated (23.2/100),60+ minutes,Financial risk: balance sheet metrics look weak. | Risk warning: volatility/drawdown risk is elevated.,94,Yahoo Finance,2026-10-02,2026-10-02 18:23:51,31.62,45.8,0/4,Low,90.5,70.4,93.9
MU,"Micron Technology, Inc.",Technology,Semiconductors,1073.76,1575.96,784.31,4460.21,"P/E (sector median 31x): $2,337.34 | EV/FCF (sector median 33x): $814.58 | DCF (3-stage, CAPM): $784.31 | Dividend (DDM): $4,460.21",46.8,31.9,1374.41,Research only,73.9,C,Tier 3 — Watchlist Only,79.1,65.2,74.6,78.8,71.4,73.9,75.0,73.0,89.2,49.8,71.6,97.6,100.0,81.9,100.0,41.8,75.4,50.0,14.45356,5.230201,0.1598,9.105111,11.042,43.1,2.3,6.92,63.8,80.72,80.68,81.72,20.93,67.33,31.09,88.26,44.56,100.0,379.3,1060.5,3.743,3.314,2.898,8.39,-0.35,,71.5,-42.8,5.0,0.71,12.1,14.4,184.3,485.3,167.0,469.1,0.79,0.86,General Watchlist,Watchlist Only,Watchlist / Research Later,Volatility / Drawdown Risk,High business health (78.8/100) | Strong quality profile (89.2/100) | Strong growth profile (97.6/100) | Strong relative strength vs SPY (100.0/100) | ROIC proxy is strong (100.0%),No major quant red flag detected.,45 minutes,Strong ROIC proxy. | Outperforming SPY on relative strength.,94,Yahoo Finance,2026-10-02,2026-10-02 18:23:58,3404.75,45.8,2/4,Low,42.37,97.4,0.0
MSFT,Microsoft Corporation,Technology,Software - Infrastructure,514.77,72.16,65.01,569.78,"P/E (sector median 31x): $569.78 | EV/FCF (sector median 33x): $72.16 | DCF (3-stage, CAPM): $65.01",-86.0,-613.4,545.66,Research only,52.0,F,Tier 4 — Low Priority / Avoid,54.2,39.5,63.1,53.9,51.5,41.1,27.5,40.3,56.8,26.6,38.5,69.7,64.6,65.9,59.1,68.3,72.4,50.0,28.424627,21.7718,1.6173,11.518984,19.872,233.28,0.43,3.52,40.3,67.94,45.11,58.53,4.99,55.13,9.04,34.04,14.09,23.93,17.7,31.7,29.118,1.23,1.099,0.6,0.27,1.108,29.0,-34.5,0.76,19.83,0.9,32.6,38.6,0.6,21.3,-15.5,0.43,0.88,General Watchlist,Low Priority / Avoid,Avoid for Now,Cash Flow Risk,ROIC proxy is strong (23.93%),Valuation may be stretched (38.5/100) | Cash-flow profile looks weak (26.6/100),45 minutes,Strong ROIC proxy.,100,Yahoo Finance,2026-10-02,2026-10-02 18:24:05,829.99,45.8,1/3,Low,41.5,73.6,0.0
MAA,Mid-America Apartment Communiti,Real Estate,REIT - Residential,114.81,128.56,88.71,160.24,P/E (sector median 29x): $99.77 | EV/FCF (sector median 29x): $160.24 | DCF (FCFF/WACC): $157.35 | Dividend (DDM): $88.71,12.0,10.7,125.12,Research only,38.2,F,Tier 4 — Low Priority / Avoid,42.5,35.6,32.1,41.0,39.6,31.5,2.5,27.2,7.3,89.3,35.3,40.7,16.8,10.8,0.0,78.5,64.0,50.0,33.568714,35.00611,7.03,6.1742444,15.601,20.97,6.72,2.98,18.17,58.39,25.36,55.8,41.52,45.55,91.15,7.05,3.13,3.95,1.0,13.7,102.377,0.048,0.032,0.01,4.57,0.715,20.0,-28.2,5.26,178.07,-10.7,-18.0,-5.8,-11.7,-23.1,-27.9,0.51,0.0,General Watchlist,Low Priority / Avoid,High Risk — Needs Confirmation,Business Quality Risk,Strong cash-flow profile (89.3/100) | FCF yield looks attractive (6.72%) | Fair value upside is positive (12.0%),Valuation may be stretched (35.3/100) | Financial strength looks weak (16.8/100) | Momentum is weak (10.8/100) | Relative strength is weak (0.0/100),60+ minutes,Strong free cash flow yield. | Financial risk: balance sheet metrics look weak.,100,Yahoo Finance,2026-10-02,2026-10-02 18:24:12,,,2/4,Medium,117.17,49.0,99.0
MRNA,"Moderna, Inc.",Healthcare,Biotechnology,187.86,16.57,10.25,22.89,"EV/FCF (sector median 29x): $22.89 | DCF (3-stage, CAPM): $10.25",-91.2,-1033.9,199.13,Research only,39.0,F,Tier 4 — Low Priority / Avoid,35.1,26.1,69.6,28.1,38.1,33.5,27.5,31.7,0.0,22.4,56.5,38.7,85.7,90.0,100.0,40.6,26.8,50.0,,-42.208714,,33.66268,-32.611,239.2,0.4,,-141.43,-66.02,-557.93,-98.52,13.43,-48.16,,-39.0,-13.26,-337.0,2.1,,19.036,2.295,2.068,3.99,,1.106,144.5,-64.6,,0.0,26.2,135.5,285.2,562.2,267.9,546.1,0.38,0.91,General Watchlist,Low Priority / Avoid,Avoid for Now,Business Quality Risk,Strong relative strength vs SPY (100.0/100),Cash-flow profile looks weak (22.4/100) | Growth profile looks weak (38.7/100),60+ minutes,Outperforming SPY on relative strength.,88,Yahoo Finance,2026-10-02,2026-10-02 18:24:19,,29.7,0/2,Medium,,32.3,88.7
MDLZ,"Mondelez International, Inc.",Consumer Defensive,Confectioners,58.12,54.87,33.87,64.07,P/E (sector median 23x): $62.61 | EV/FCF (sector median 24x): $33.87 | DCF (FCFF/WACC): $47.13 | Dividend (DDM): $64.07,-5.6,-5.9,61.61,Research only,38.5,F,Tier 4 — Low Priority / Avoid,43.2,33.1,36.1,40.2,39.7,18.4,0.0,21.7,50.1,28.9,56.7,46.3,25.5,28.2,1.2,80.7,51.6,50.0,21.291208,17.298182,0.9044,1.8805834,15.48,41.79,3.02,4.7,8.86,31.15,21.98,15.32,5.68,11.18,50.77,13.34,4.12,14.64,4.1,144.9,82.643,0.599,0.311,0.08,3.35,0.402,22.6,-25.9,3.6,73.26,-4.6,-2.6,1.3,-2.6,-16.0,-18.7,0.39,0.56,General Watchlist,Low Priority / Avoid,High Risk — Needs Confirmation,Debt / Balance Sheet Risk,ROIC proxy is strong (14.64%),Cash-flow profile looks weak (28.9/100) | Financial strength looks weak (25.5/100) | Momentum is weak (28.2/100) | Relative strength is weak (1.2/100),60+ minutes,Strong ROIC proxy. | Financial risk: balance sheet metrics look weak.,100,Yahoo Finance,2026-10-02,2026-10-02 18:24:26,72.55,26.6,2/4,Medium,116.78,44.8,88.7
MPWR,"Monolithic Power Systems, Inc.",Technology,Semiconductors,1432.86,317.9,168.15,513.78,"P/E (sector median 31x): $513.78 | EV/FCF (sector median 33x): $317.90 | DCF (3-stage, CAPM): $168.15",-77.8,-350.7,1518.83,Research only,61.9,D-,Tier 3 — Watchlist Only,68.3,52.0,66.0,61.8,59.3,47.9,40.0,50.3,46.5,37.8,16.5,93.1,100.0,76.3,75.7,30.6,80.4,50.0,87.744026,41.090656,1.0364,21.512877,65.469,147.39,0.63,1.14,24.5,55.2,30.99,30.56,13.57,25.12,54.03,21.98,13.57,32.04,47.6,85.8,0.486,4.975,3.529,74.67,-1.39,1.664,58.3,-51.5,0.59,43.44,18.2,12.7,21.8,55.0,4.5,38.9,0.61,0.7,General Watchlist,Watchlist Only,High Risk — Needs Confirmation,Valuation Risk,Strong growth profile (93.1/100) | Strong relative strength vs SPY (75.7/100) | ROIC proxy is strong (32.04%),Valuation may be stretched (16.5/100) | Cash-flow profile looks weak (37.8/100) | Risk profile is elevated (30.6/100),60+ minutes,Strong ROIC proxy. | Outperforming SPY on relative strength. | Valuation risk: stock may be expensive. | Risk warning: volatility/drawdown risk is elevated.,100,Yahoo Finance,2026-10-02,2026-10-02 18:24:33,748.41,45.8,0/3,Low,48.62,78.0,89.5
MNST,Monster Beverage Corporation,Consumer Defensive,Beverages - Non-Alcoholic,42.55,24.77,21.99,25.19,"P/E (sector median 23x): $24.77 | EV/FCF (sector median 24x): $21.99 | DCF (3-stage, CAPM): $25.19",-41.8,-71.8,45.11,Research only,70.6,C-,Tier 3 — Watchlist Only,82.1,62.7,54.7,82.3,70.3,64.7,37.5,60.2,98.3,51.6,18.2,76.3,100.0,36.0,46.5,89.8,75.2,50.0,39.402775,32.505577,2.2582,9.043046,27.01,47.13,2.02,2.54,23.08,55.55,29.18,31.82,18.24,24.28,75.1,25.7,17.48,35.2,20.2,18.0,0.992,3.729,3.099,36.79,-1.13,0.515,25.2,-18.1,,0.0,-3.5,-12.2,14.8,25.9,-2.5,9.8,0.31,0.56,"Long-Term Compounder, Healthy Business",Watchlist Only,Watchlist / Research Later,Valuation Risk,Strong investment score (82.1/100) | High business health (82.3/100) | Strong quality profile (98.3/100) | Strong growth profile (76.3/100) | ROIC proxy is strong (35.2%),Valuation may be stretched (18.2/100) | Momentum is weak (36.0/100),60+ minutes,Strong ROIC proxy. | Valuation risk: stock may be expensive.,100,Yahoo Finance,2026-10-02,2026-10-02 18:24:40,28.7,26.6,0/3,High,78.04,76.2,87.3
MCO,Moody's Corporation,Financial Services,Financial Data & Stock Exchanges,440.47,155.44,87.33,223.54,P/E (sector median 14x): $223.54 | P/B (justified): $87.33,-64.7,-183.4,466.9,Research only,52.4,F,Tier 4 — Low Priority / Avoid,62.6,49.4,34.4,61.7,51.6,42.0,15.0,39.9,59.7,70.3,44.3,76.4,27.8,20.2,0.0,50.3,88.5,50.0,27.966349,23.275549,1.6411,9.3481655,20.661,32.47,3.38,3.58,34.25,74.97,49.47,49.67,31.61,40.67,77.71,76.93,15.62,34.86,15.1,56.7,240.682,1.19,1.043,0.2,1.51,1.334,27.4,-24.7,0.92,25.0,-12.7,-11.8,-0.4,-7.9,-17.6,-24.0,1.15,0.24,General Watchlist,Low Priority / Avoid,High Risk — Needs Confirmation,Momentum Risk,Strong growth profile (76.4/100) | ROIC proxy is strong (34.86%),Financial strength looks weak (27.8/100) | Momentum is weak (20.2/100) | Relative strength is weak (0.0/100) | Debt/equity is high,60+ minutes,Strong ROIC proxy. | Financial risk: balance sheet metrics look weak.,100,Yahoo Finance,2026-10-02,2026-10-02 18:24:47,371.41,23.6,0/2,Medium,94.9,75.4,88.5
MS,Morgan Stanley,Financial Services,Capital Markets,190.92,175.71,121.51,216.35,P/E (sector median 14x): $175.71 | P/B (justified): $121.51 | Dividend (DDM): $216.35,-8.0,-8.7,202.38,Research only,48.8,F,Tier 4 — Low Priority / Avoid,54.9,41.4,49.0,49.1,47.8,45.8,12.5,38.0,32.2,40.0,62.2,89.3,51.6,30.3,48.0,48.8,87.5,50.0,15.421647,13.9973755,1.7595,3.8527586,,,,6.48,25.9,87.64,41.57,0.0,,-20.03,,17.97,1.34,,28.0,62.4,517.282,1.999,1.603,1.22,,1.207,30.9,-29.2,2.45,32.31,-12.1,-13.5,15.9,25.7,-1.4,9.6,0.63,0.54,General Watchlist,Low Priority / Avoid,Avoid for Now,Momentum Risk,Strong growth profile (89.3/100),Momentum is weak (30.3/100) | Debt/equity is high,60+ minutes,No major signal,88,Yahoo Finance,2026-10-02,2026-10-02 18:24:54,291.94,23.6,1/3,Medium,96.13,74.2,50.7
MOS,Mosaic Company (The),Basic Materials,Agricultural Inputs,21.21,10.24,10.24,10.24,Dividend (DDM): $10.24,-51.7,-107.2,22.49,Research only,15.8,F,Tier 4 — Low Priority / Avoid,17.0,12.1,21.5,11.1,17.4,1.1,0.0,6.5,0.0,7.4,56.6,12.5,33.9,10.9,0.0,59.1,12.5,50.0,,13.560503,2.0198,0.5506377,7.451,,-11.07,,-5.21,11.24,-0.12,14.03,-6.09,3.63,-168.08,-5.07,1.24,-0.07,-6.0,,52.249,1.337,0.354,0.05,3.37,0.831,41.6,-45.7,4.08,628.57,-16.1,1.3,-18.5,-36.7,-35.7,-52.8,0.55,0.11,General Watchlist,Low Priority / Avoid,High Risk — Needs Confirmation,Business Quality Risk,No single dominant strength; needs manual research.,Cash-flow profile looks weak (7.4/100) | Growth profile looks weak (12.5/100) | Financial strength looks weak (33.9/100) | Momentum is weak (10.9/100),60+ minutes,Financial risk: balance sheet metrics look weak.,88,Yahoo Finance,2026-10-02,2026-10-02 18:25:01,,,0/1,Low,67.08,17.8,100.0
MSI,"Motorola Solutions, Inc.",Technology,Communication Equipment,448.8,398.94,349.62,435.58,P/E (sector median 31x): $398.94 | EV/FCF (sector median 33x): $349.62 | DCF (FCFF/WACC): $435.58,-11.1,-12.5,475.73,Research only,52.2,F,Tier 4 — Low Priority / Avoid,60.5,48.6,36.9,62.5,51.9,37.7,2.5,34.9,99.6,50.2,32.4,54.3,18.0,34.9,4.7,61.1,57.2,50.0,35.39432,23.097494,2.0244,6.0695934,22.105,41.98,2.66,2.83,17.44,52.11,27.35,30.71,16.17,24.3,66.54,91.57,11.25,22.83,13.3,9.5,357.85,1.099,0.778,0.07,2.37,0.881,24.4,-27.0,1.08,37.19,-4.7,6.1,2.2,1.3,-15.0,-14.8,0.36,0.68,General Watchlist,Low Priority / Avoid,High Risk — Needs Confirmation,Debt / Balance Sheet Risk,Strong quality profile (99.6/100) | ROIC proxy is strong (22.83%),Valuation may be stretched (32.4/100) | Financial strength looks weak (18.0/100) | Momentum is weak (34.9/100) | Relative strength is weak (4.7/100),60+ minutes,Strong ROIC proxy. | Valuation risk: stock may be expensive. | Financial risk: balance sheet metrics look weak.,100,Yahoo Finance,2026-10-02,2026-10-02 18:25:08,581.13,45.8,0/3,High,75.64,56.6,88.8
MSCI,MSCI Inc.,Financial Services,Financial Data & Stock Exchanges,538.99,313.86,263.14,364.58,P/E (sector median 14x): $263.14 | Dividend (DDM): $364.58,-41.8,-71.7,571.33,Research only,51.8,F,Tier 4 — Low Priority / Avoid,61.0,48.1,35.6,61.1,51.6,40.5,15.0,39.0,68.4,66.2,36.6,65.0,24.7,20.8,1.3,65.1,78.5,50.0,29.071735,23.953194,1.866,11.753871,23.361,38.37,3.05,3.44,40.73,82.97,56.3,58.86,35.84,48.84,73.38,,21.13,,12.2,19.6,,0.894,0.77,0.05,3.16,1.219,28.2,-20.1,1.5,42.1,-6.2,-11.0,-0.7,-2.5,-18.0,-18.6,0.36,0.24,General Watchlist,Low Priority / Avoid,High Risk — Needs Confirmation,Momentum Risk,No single dominant strength; needs manual research.,Valuation may be stretched (36.6/100) | Financial strength looks weak (24.7/100) | Momentum is weak (20.8/100) | Relative strength is weak (1.3/100),60+ minutes,Financial risk: balance sheet metrics look weak.,88,Yahoo Finance,2026-10-02,2026-10-02 18:25:15,437.21,23.6,0/2,High,165.12,69.4,94.7
NDAQ,"Nasdaq, Inc.",Financial Services,Financial Data & Stock Exchanges,90.5,52.64,48.68,56.6,P/E (sector median 14x): $48.68 | P/B (justified): $56.60,-41.8,-71.9,95.93,Research only,52.1,F,Tier 4 — Low Priority / Avoid,59.7,46.8,42.6,58.1,52.3,40.9,15.0,38.9,55.4,68.7,47.0,66.4,31.5,33.1,10.2,74.6,76.2,50.0,26.38484,19.340004,1.7643,9.010946,17.897,35.48,3.34,3.79,35.04,100.0,49.33,59.73,30.13,40.01,75.31,16.52,5.85,10.58,14.9,14.1,77.687,1.006,0.386,0.06,2.61,0.974,25.6,-23.4,1.27,32.65,-8.0,5.1,3.7,5.0,-13.6,-11.1,0.48,0.6,General Watchlist,Low Priority / Avoid,High Risk — Needs Confirmation,Debt / Balance Sheet Risk,ROIC proxy is strong (10.58%),Financial strength looks weak (31.5/100) | Momentum is weak (33.1/100) | Relative strength is weak (10.2/100),60+ minutes,Financial risk: balance sheet metrics look weak.,100,Yahoo Finance,2026-10-02,2026-10-02 18:25:22,80.89,23.6,0/2,High,71.41,71.4,92.8
NTAP,"NetApp, Inc.",Technology,Software - Infrastructure,226.82,210.89,70.07,222.75,"P/E (sector median 31x): $222.75 | EV/FCF (sector median 33x): $210.89 | DCF (3-stage, CAPM): $70.07",-7.0,-7.6,240.43,Research only,62.3,D-,Tier 3 — Watchlist Only,64.7,51.2,77.5,57.3,60.0,49.5,27.5,47.4,50.5,51.2,38.7,93.9,58.9,94.0,100.0,36.4,75.5,50.0,32.03743,20.396208,2.1387,6.0279717,19.665,35.17,2.63,3.12,19.18,70.63,26.67,28.34,15.85,25.67,61.75,114.82,11.66,100.0,29.9,63.5,169.498,1.242,0.994,1.41,-0.5,1.432,40.9,-41.3,0.97,29.38,22.4,37.2,125.5,92.2,108.2,76.1,1.15,1.0,Position Trade Candidate,Watchlist Only,High Risk — Needs Confirmation,Volatility / Drawdown Risk,Strong growth profile (93.9/100) | Strong relative strength vs SPY (100.0/100) | Strong 3-6 month position-trade setup (77.5/100) | ROIC proxy is strong (100.0%),Valuation may be stretched (38.7/100) | Risk profile is elevated (36.4/100),60+ minutes,Strong ROIC proxy. | Outperforming SPY on relative strength. | Risk warning: volatility/drawdown risk is elevated.,100,Yahoo Finance,2026-10-02,2026-10-02 18:25:29,324.47,45.8,0/3,Low,117.22,84.0,93.8
NFLX,"Netflix, Inc.",Communication Services,Entertainment,66.92,117.25,63.23,156.38,"P/E (sector median 20x): $63.23 | EV/FCF (sector median 27x): $156.38 | DCF (3-stage, CAPM): $117.25",75.2,42.9,85.65,Research only,62.5,D-,Tier 3 — Watchlist Only,74.9,63.8,27.0,83.4,61.2,66.7,37.5,59.0,91.4,95.4,71.2,57.9,56.4,2.3,0.0,44.1,81.3,50.0,21.042452,17.541906,1.2194,5.760298,19.695,11.42,9.11,4.75,28.22,49.12,33.38,30.45,52.49,24.75,212.08,49.54,16.08,33.86,13.4,11.1,55.236,1.142,0.917,0.55,0.51,1.526,35.0,-50.0,,0.0,-19.1,-12.2,-32.4,-42.4,-49.6,-58.6,0.76,0.0,"Recovery Candidate, Healthy Business",Watchlist Only,Watchlist / Research Later,Momentum Risk,High business health (83.4/100) | Strong cash-flow profile (95.4/100) | Strong quality profile (91.4/100) | FCF yield looks attractive (9.11%) | ROIC proxy is strong (33.86%),Momentum is weak (2.3/100) | Relative strength is weak (0.0/100),60+ minutes,Strong free cash flow yield. | Strong ROIC proxy.,100,Yahoo Finance,2026-10-02,2026-10-02 18:25:35,,,2/3,Medium,66.67,72.2,54.3
TPL,Texas Pacific Land Corporation,Energy,Oil & Gas E&P,344.67,130.51,130.51,130.51,P/E (sector median 17x): $130.51,-62.1,-164.1,365.35,Research only,57.1,F,Tier 4 — Low Priority / Avoid,70.6,53.2,34.8,67.2,56.1,50.6,27.5,48.0,74.0,25.0,30.0,79.7,100.0,15.4,11.7,56.9,75.0,50.0,43.963013,4.713758,7.33,26.487373,31.33,,-0.14,2.27,60.32,93.34,78.18,82.62,-3.66,67.2,-5.44,36.57,25.81,38.45,31.2,32.7,1.077,4.552,4.498,13.8,-0.31,0.588,50.4,-52.2,0.71,28.91,-4.9,-12.5,-23.1,10.0,-41.3,-7.0,0.74,0.27,General Watchlist,Low Priority / Avoid,Watchlist / Research Later,Momentum Risk,Strong growth profile (79.7/100) | ROIC proxy is strong (38.45%),Valuation may be stretched (30.0/100) | Cash-flow profile looks weak (25.0/100) | Momentum is weak (15.4/100) | Relative strength is weak (11.7/100),45 minutes,Strong ROIC proxy. | Valuation risk: stock may be expensive.,100,Yahoo Finance,2026-10-05,2026-10-05 21:08:01,221.18,28.2,0/1,Low,56.52,79.5,97.3
TXT,Textron Inc.,Industrials,Aerospace & Defense,75.75,103.09,59.17,145.99,P/E (sector median 27x): $145.99 | EV/FCF (sector median 34x): $72.58 | DCF (FCFF/WACC): $59.17 | Dividend (DDM): $133.60,36.1,26.5,96.26,Research only,27.0,F,Tier 4 — Low Priority / Avoid,29.6,26.2,25.0,24.4,28.9,21.3,2.5,19.3,13.5,24.2,71.4,21.4,51.2,13.5,0.0,72.2,17.1,50.0,14.265537,10.423691,0.896,0.8515595,9.561,35.48,3.48,7.01,6.12,17.63,8.7,10.98,2.96,8.08,36.63,12.13,4.55,9.71,3.0,5.2,52.285,1.861,0.653,0.34,1.65,0.908,27.8,-32.7,10.0,1.51,-4.2,-15.7,-13.6,-12.7,-31.7,-29.7,0.91,0.0,Recovery Candidate,Low Priority / Avoid,Avoid for Now,Momentum Risk,Fair value upside is positive (36.1%),Cash-flow profile looks weak (24.2/100) | Growth profile looks weak (21.4/100) | Momentum is weak (13.5/100) | Relative strength is weak (0.0/100),60+ minutes,No major signal,100,Yahoo Finance,2026-10-05,2026-10-05 21:08:08,137.16,25.8,2/4,Medium,114.44,31.5,99.2
TMO,Thermo Fisher Scientific Inc,Healthcare,Diagnostics & Research,676.76,489.13,438.17,504.39,P/E (sector median 27x): $504.39 | EV/FCF (sector median 29x): $438.17 | DCF (FCFF/WACC): $489.13,-27.7,-38.4,717.37,Research only,47.1,F,Tier 4 — Low Priority / Avoid,44.9,34.6,69.6,42.6,47.0,37.1,15.0,33.5,40.4,44.2,29.9,49.6,37.8,82.1,80.2,66.9,49.2,50.0,36.424114,24.566353,1.9816,5.4003406,23.914,45.01,2.49,2.75,15.04,40.99,18.75,25.34,13.46,19.45,69.2,13.51,5.13,7.53,10.5,9.4,80.575,1.551,1.009,0.1,3.28,0.877,30.8,-35.6,0.29,9.69,10.3,32.8,38.5,25.0,20.4,8.0,1.02,0.99,General Watchlist,Low Priority / Avoid,High Risk — Needs Confirmation,Valuation Risk,Strong relative strength vs SPY (80.2/100),Valuation may be stretched (29.9/100) | Financial strength looks weak (37.8/100),60+ minutes,Outperforming SPY on relative strength. | Valuation risk: stock may be expensive. | Financial risk: balance sheet metrics look weak.,100,Yahoo Finance,2026-10-05,2026-10-05 21:08:15,676.76,36.4,0/3,High,58.51,45.8,59.1
TJX,"TJX Companies, Inc. (The)",Consumer Cyclical,Apparel Retail,134.41,101.85,97.21,109.79,"P/E (sector median 19x): $101.85 | EV/FCF (sector median 29x): $109.79 | DCF (3-stage, CAPM): $97.21",-24.2,-32.0,142.47,Research only,40.3,F,Tier 4 — Low Priority / Avoid,46.5,35.8,32.5,45.0,41.2,36.4,0.0,28.9,58.3,33.6,38.6,42.5,38.6,23.8,0.0,76.7,42.3,50.0,24.890741,23.280426,2.5693,2.3707569,17.326,35.07,2.97,4.02,9.73,31.47,10.91,14.28,7.05,12.88,54.74,62.17,13.54,28.79,5.4,23.6,134.419,1.147,0.504,0.42,0.93,0.561,19.5,-26.8,1.45,32.5,1.8,-11.8,-14.2,-3.7,-32.3,-20.8,1.09,0.26,General Watchlist,Low Priority / Avoid,High Risk — Needs Confirmation,Momentum Risk,ROIC proxy is strong (28.79%),Valuation may be stretched (38.6/100) | Cash-flow profile looks weak (33.6/100) | Financial strength looks weak (38.6/100) | Momentum is weak (23.8/100),60+ minutes,Strong ROIC proxy. | Financial risk: balance sheet metrics look weak.,100,Yahoo Finance,2026-10-05,2026-10-05 21:08:22,119.5,22.1,0/3,High,80.76,46.6,76.4
TKO,"TKO Group Holdings, Inc.",Communication Services,Entertainment,177.04,143.07,55.86,683.62,P/E (sector median 20x): $55.86 | EV/FCF (sector median 27x): $182.57 | DCF (FCFF/WACC): $103.57 | Dividend (DDM): $683.62,-19.2,-23.7,187.66,Research only,46.2,F,Tier 4 — Low Priority / Avoid,55.0,43.7,33.9,48.8,47.1,43.2,2.5,34.9,52.4,53.9,32.8,64.8,37.7,24.5,0.0,79.9,47.2,50.0,61.9021,37.818874,1.5863,6.320101,13.682,25.89,2.56,1.62,4.33,59.46,32.39,30.56,16.15,33.86,47.69,7.06,4.5,10.43,18.2,14.4,59.216,1.278,0.724,0.12,2.69,0.692,32.9,-21.1,1.8,108.74,-4.4,-7.9,-7.5,-8.9,-25.6,-25.9,1.24,0.07,General Watchlist,Low Priority / Avoid,High Risk — Needs Confirmation,Momentum Risk,ROIC proxy is strong (10.43%),Valuation may be stretched (32.8/100) | Financial strength looks weak (37.7/100) | Momentum is weak (24.5/100) | Relative strength is weak (0.0/100),60+ minutes,Valuation risk: stock may be expensive. | Financial risk: balance sheet metrics look weak.,100,Yahoo Finance,2026-10-05,2026-10-05 21:08:29,61.1,21.4,2/4,Low,344.51,60.5,95.7
TSCO,Tractor Supply Company,Consumer Cyclical,Specialty Retail,31.42,13.84,4.13,36.21,P/E (sector median 19x): $36.21 | EV/FCF (sector median 29x): $4.13 | DCF (FCFF/WACC): $8.57 | Dividend (DDM): $19.10,-56.0,-127.1,33.31,Research only,23.8,F,Tier 4 — Low Priority / Avoid,26.0,20.8,23.1,24.9,24.5,5.5,0.0,11.3,51.9,8.5,50.9,10.6,13.4,23.4,0.0,47.5,9.7,50.0,16.364584,15.3406725,2.0348,1.039386,11.656,218.2,0.63,6.11,6.42,36.5,12.07,12.26,0.66,8.16,8.02,39.51,7.82,16.82,2.3,-15.0,248.71,1.334,0.137,0.04,3.27,0.514,30.8,-52.7,3.09,48.96,-10.2,7.0,-26.9,-42.4,-45.0,-59.4,1.76,0.09,General Watchlist,Low Priority / Avoid,High Risk — Needs Confirmation,Cash Flow Risk,ROIC proxy is strong (16.82%),Cash-flow profile looks weak (8.5/100) | Growth profile looks weak (10.6/100) | Financial strength looks weak (13.4/100) | Momentum is weak (23.4/100),60+ minutes,Strong ROIC proxy. | Financial risk: balance sheet metrics look weak.,100,Yahoo Finance,2026-10-05,2026-10-05 21:08:36,42.49,22.1,1/4,Low,91.4,29.5,98.6
TT,Trane Technologies plc,Industrials,Building Products & Equipment,470.76,368.96,296.27,474.02,"P/E (sector median 27x): $368.96 | EV/FCF (sector median 34x): $474.02 | DCF (3-stage, CAPM): $296.27",-21.6,-27.6,499.01,Research only,55.0,F,Tier 4 — Low Priority / Avoid,61.7,48.6,46.3,64.1,54.8,50.9,12.5,42.6,90.9,49.8,35.8,46.9,48.8,49.3,23.3,70.6,50.4,50.0,35.078987,26.728653,1.5456,4.663601,24.462,33.76,3.01,2.85,13.28,35.39,19.25,19.4,14.06,17.46,80.52,36.64,11.0,28.36,10.6,7.1,53.404,1.073,0.742,0.29,0.77,1.157,28.4,-24.4,0.91,29.66,5.1,-0.1,9.5,11.8,-8.6,-5.2,1.21,0.75,General Watchlist,Low Priority / Avoid,Watchlist / Research Later,Valuation Risk,Strong quality profile (90.9/100) | ROIC proxy is strong (28.36%),Valuation may be stretched (35.8/100) | Relative strength is weak (23.3/100),60+ minutes,Strong ROIC proxy.,100,Yahoo Finance,2026-10-05,2026-10-05 21:08:43,346.64,25.8,1/3,High,79.67,55.5,83.9
TDG,Transdigm Group Incorporated,Industrials,Aerospace & Defense,1092.66,906.45,594.44,2065.89,"P/E (sector median 27x): $906.45 | EV/FCF (sector median 34x): $594.44 | DCF (FCFF/WACC): $2,065.89",-17.0,-20.5,1158.22,Research only,53.4,F,Tier 4 — Low Priority / Avoid,64.6,50.4,32.2,64.1,53.2,45.1,25.0,44.0,86.0,46.1,28.3,67.4,42.5,14.0,0.0,66.8,70.1,50.0,33.141037,22.612856,3.0456,6.0362234,17.874,62.49,2.41,3.02,21.28,59.82,46.01,50.92,14.57,21.97,66.3,,11.82,,22.5,10.9,,3.019,1.919,0.08,6.03,0.935,28.0,-29.0,0.0,0.0,-6.0,-15.7,-6.6,-15.2,-24.7,-32.3,0.83,0.04,General Watchlist,Low Priority / Avoid,Avoid for Now,Momentum Risk,Strong quality profile (86.0/100),Valuation may be stretched (28.3/100) | Momentum is weak (14.0/100) | Relative strength is weak (0.0/100),45 minutes,Valuation risk: stock may be expensive.,88,Yahoo Finance,2026-10-05,2026-10-05 21:08:50,851.62,25.8,1/3,Low,238.59,65.5,91.1
TRV,"The Travelers Companies, Inc.",Financial Services,Insurance - Property & Casualty,360.7,661.15,528.41,793.89,P/E (sector median 14x): $528.41 | P/B (justified): $793.89,83.3,45.4,461.7,Research only,71.6,C-,Tier 3 — Watchlist Only,76.8,64.8,64.1,82.2,71.7,71.0,50.0,65.5,92.6,95.0,81.1,56.3,53.9,53.6,60.0,93.6,76.3,50.0,9.688424,11.89392,2.36,1.5360258,6.897,5.36,19.64,10.32,16.95,34.73,23.7,23.44,30.17,22.51,134.0,26.51,4.78,24.7,0.3,57.1,27.378,0.323,0.19,0.56,0.35,0.437,22.8,-12.5,1.39,12.22,-2.0,7.1,23.2,28.7,5.0,11.7,0.66,0.75,"Recovery Candidate, Healthy Business",Watchlist Only,Watchlist / Research Later,News / Sentiment Risk,High business health (82.2/100) | Strong cash-flow profile (95.0/100) | Strong quality profile (92.6/100) | FCF yield looks attractive (19.64%) | ROIC proxy is strong (24.7%),No major quant red flag detected.,45 minutes,Strong free cash flow yield. | Strong ROIC proxy.,100,Yahoo Finance,2026-10-05,2026-10-05 21:08:57,440.7,11.8,2/2,High,64.51,63.1,88.6
TRMB,Trimble Inc.,Technology,Scientific & Technical Instruments,58.81,63.6,36.39,90.8,"EV/FCF (sector median 33x): $90.80 | DCF (3-stage, CAPM): $36.39",8.1,7.5,62.4,Research only,44.0,F,Tier 4 — Low Priority / Avoid,50.9,42.7,32.0,48.2,44.1,44.9,12.5,37.0,38.3,68.8,62.9,48.1,43.9,31.3,0.0,56.2,44.2,50.0,,14.215547,1.3966,3.6250777,16.654,21.36,5.0,,-2.77,71.77,15.13,23.27,18.14,21.12,85.87,-1.94,4.8,6.54,11.0,,28.553,0.954,0.576,0.15,1.41,1.343,32.9,-42.7,0.0,0.0,-1.1,12.2,-8.4,-27.1,-26.5,-44.2,0.83,0.29,General Watchlist,Low Priority / Avoid,Avoid for Now,Momentum Risk,FCF yield looks attractive (5.0%),Momentum is weak (31.3/100) | Relative strength is weak (0.0/100),45 minutes,No major signal,88,Yahoo Finance,2026-10-05,2026-10-05 21:09:04,,24.1,1/2,Medium,57.48,59.7,99.0
TFC,Truist Financial Corporation,Financial Services,Banks - Regional,46.33,61.74,49.28,270.08,P/E (sector median 14x): $61.74 | P/B (justified): $49.28 | Dividend (DDM): $270.08,33.3,25.0,57.89,Research only,49.2,F,Tier 4 — Low Priority / Avoid,55.1,45.7,40.9,54.3,49.5,47.4,12.5,39.5,37.9,60.0,73.0,59.6,48.4,29.2,8.2,68.9,81.5,50.0,10.650576,9.282523,1.1007,2.9744558,,,,9.39,30.69,0.0,39.81,0.0,,30.47,,9.06,1.06,7.34,8.2,36.7,,,,0.69,,0.906,27.6,-26.9,4.48,47.82,-10.3,-5.8,-1.1,6.1,-19.3,-10.9,1.41,0.47,Recovery Candidate,Low Priority / Avoid,Avoid for Now,Momentum Risk,Fair value upside is positive (33.3%),Momentum is weak (29.2/100) | Relative strength is weak (8.2/100),60+ minutes,No major signal,75,Yahoo Finance,2026-10-05,2026-10-05 21:09:11,51.49,11.8,3/3,Low,115.51,42.4,91.8
TYL,"Tyler Technologies, Inc.",Technology,Software - Application,328.32,340.56,239.17,469.66,"P/E (sector median 31x): $239.17 | EV/FCF (sector median 33x): $469.66 | DCF (3-stage, CAPM): $340.56",3.7,3.6,348.02,Research only,42.1,F,Tier 4 — Low Priority / Avoid,49.6,40.1,30.3,45.7,42.2,47.5,25.0,40.2,6.9,77.4,39.1,49.5,66.8,20.7,0.0,57.7,52.9,50.0,43.2,21.386766,1.518,5.5338883,29.889,23.06,4.42,2.31,13.36,47.21,14.74,18.87,24.47,30.08,81.35,9.73,4.18,8.03,8.2,15.5,47.906,1.554,1.47,0.67,1.06,0.849,34.9,-57.4,0.0,0.0,-9.8,4.5,-1.6,-34.7,-19.7,-51.7,0.63,0.22,General Watchlist,Low Priority / Avoid,Avoid for Now,Business Quality Risk,Strong cash-flow profile (77.4/100),Valuation may be stretched (39.1/100) | Momentum is weak (20.7/100) | Relative strength is weak (0.0/100),45 minutes,No major signal,100,Yahoo Finance,2026-10-05,2026-10-05 21:09:18,182.93,24.1,2/3,Medium,19.22,55.2,99.1
TSN,"Tyson Foods, Inc.",Consumer Defensive,Farm Products,51.71,47.37,27.1,72.6,P/E (sector median 23x): $37.09 | EV/FCF (sector median 24x): $57.64 | DCF (FCFF/WACC): $72.60 | Dividend (DDM): $27.10,-8.4,-9.2,54.81,Research only,29.0,F,Tier 4 — Low Priority / Avoid,31.9,24.0,32.5,25.6,30.9,28.4,2.5,22.0,0.3,41.2,70.7,34.0,39.5,22.5,0.8,83.8,36.6,50.0,31.919752,12.526829,1.0438,0.3266358,9.245,21.51,6.55,3.13,1.03,6.55,2.71,4.98,2.14,3.6,59.44,3.26,2.56,4.71,-0.1,204.1,44.025,1.433,0.484,0.09,2.62,0.395,24.5,-25.3,3.93,125.31,0.6,-10.5,-18.0,-2.1,-36.1,-19.2,1.11,0.15,Recovery Candidate,Low Priority / Avoid,High Risk — Needs Confirmation,Business Quality Risk,FCF yield looks attractive (6.55%),Growth profile looks weak (34.0/100) | Financial strength looks weak (39.5/100) | Momentum is weak (22.5/100) | Relative strength is weak (0.8/100),60+ minutes,Strong free cash flow yield. | Financial risk: balance sheet metrics look weak.,100,Yahoo Finance,2026-10-05,2026-10-05 21:09:25,,,2/4,Low,101.93,28.0,98.3
USB,U.S. Bancorp,Financial Services,Banks - Regional,57.27,73.07,71.11,166.71,P/E (sector median 14x): $71.11 | P/B (justified): $73.07 | Dividend (DDM): $166.71,27.6,21.6,69.12,Research only,50.2,F,Tier 4 — Low Priority / Avoid,54.8,45.2,47.0,53.7,50.3,48.6,12.5,39.9,39.2,60.0,66.7,59.6,48.7,33.8,32.6,65.2,76.3,50.0,11.431137,9.878873,1.7932,3.2659714,,,,8.75,29.9,0.0,39.65,0.0,,45.84,,12.62,1.16,9.51,10.4,21.6,,,,0.71,,1.019,25.8,-30.6,3.76,41.52,-8.8,-5.2,8.6,23.7,-9.6,6.7,0.82,0.64,General Watchlist,Low Priority / Avoid,Avoid for Now,Momentum Risk,Fair value upside is positive (27.6%),Momentum is weak (33.8/100) | Relative strength is weak (32.6/100),60+ minutes,No major signal,75,Yahoo Finance,2026-10-05,2026-10-05 21:09:32,59.3,11.8,3/3,Medium,54.7,44.1,86.3
UBER,"Uber Technologies, Inc.",Technology,Software - Application,69.48,111.01,75.51,143.5,"P/E (sector median 31x): $143.50 | EV/FCF (sector median 33x): $111.01 | DCF (3-stage, CAPM): $75.51",59.8,37.4,88.93,Research only,42.6,F,Tier 4 — Low Priority / Avoid,49.2,42.1,31.0,45.8,43.0,42.3,0.0,32.5,26.9,59.4,52.9,59.2,44.6,17.9,0.0,57.5,63.1,50.0,15.236843,15.715157,5.919,2.5697048,20.008,20.64,5.1,6.56,17.34,40.75,13.32,13.53,13.12,18.87,69.5,37.16,6.88,15.84,12.2,85.5,51.872,0.843,0.652,0.37,1.25,1.265,38.2,-34.1,0.0,0.0,-8.3,-5.6,-3.1,-28.1,-21.3,-45.1,0.97,0.1,General Watchlist,Low Priority / Avoid,Avoid for Now,Momentum Risk,FCF yield looks attractive (5.1%) | ROIC proxy is strong (15.84%) | Fair value upside is positive (59.8%),Momentum is weak (17.9/100) | Relative strength is weak (0.0/100),60+ minutes,Strong ROIC proxy.,100,Yahoo Finance,2026-10-05,2026-10-05 21:09:39,109.76,24.1,3/3,Medium,52.83,63.0,77.4
UDR,"UDR, Inc.",Real Estate,REIT - Residential,33.84,42.28,22.59,46.09,P/E (sector median 29x): $46.09 | EV/FCF (sector median 29x): $43.82 | DCF (FCFF/WACC): $40.74 | Dividend (DDM): $22.59,24.9,20.0,40.17,Research only,49.7,F,Tier 4 — Low Priority / Avoid,55.8,47.7,36.7,57.9,50.4,38.8,2.5,34.5,55.2,86.4,35.6,50.9,8.0,21.1,0.5,74.4,76.8,50.0,21.41772,60.42857,8.17,7.0380993,16.934,22.6,6.27,4.67,29.56,66.58,20.18,58.92,44.15,50.23,87.89,13.74,2.24,3.03,-0.1,90.9,156.144,0.178,0.002,0.0,5.76,0.707,21.6,-24.7,5.23,109.18,-6.6,-14.1,-0.1,-2.4,-18.3,-19.5,0.95,0.17,General Watchlist,Low Priority / Avoid,High Risk — Needs Confirmation,Debt / Balance Sheet Risk,Strong cash-flow profile (86.4/100) | FCF yield looks attractive (6.27%) | Fair value upside is positive (24.9%),Valuation may be stretched (35.6/100) | Financial strength looks weak (8.0/100) | Momentum is weak (21.1/100) | Relative strength is weak (0.5/100),60+ minutes,Strong free cash flow yield. | Financial risk: balance sheet metrics look weak.,100,Yahoo Finance,2026-10-05,2026-10-05 21:09:46,40.66,25.7,3/4,Medium,203.31,53.6,99.3
ULTA,"Ulta Beauty, Inc.",Consumer Cyclical,Specialty Retail,542.72,526.81,517.55,556.12,"P/E (sector median 19x): $517.55 | EV/FCF (sector median 29x): $556.12 | DCF (3-stage, CAPM): $526.81",-2.9,-3.0,575.28,Research only,48.7,F,Tier 4 — Low Priority / Avoid,56.0,45.4,35.6,57.1,48.7,43.7,2.5,35.6,90.4,39.7,57.5,41.2,39.4,42.8,0.5,62.7,38.2,50.0,19.778423,16.913898,1.9591,1.7911545,13.212,27.96,3.94,5.06,9.34,43.1,12.51,14.93,7.06,12.1,58.3,46.12,14.84,25.47,8.9,13.3,95.472,1.345,0.203,0.08,1.19,0.838,36.6,-36.2,0.0,0.0,-3.8,19.3,2.0,-2.5,-16.2,-19.5,0.51,0.36,General Watchlist,Low Priority / Avoid,High Risk — Needs Confirmation,Debt / Balance Sheet Risk,Strong quality profile (90.4/100) | ROIC proxy is strong (25.47%),Cash-flow profile looks weak (39.7/100) | Financial strength looks weak (39.4/100) | Relative strength is weak (0.5/100),60+ minutes,Strong ROIC proxy. | Financial risk: balance sheet metrics look weak.,100,Yahoo Finance,2026-10-05,2026-10-05 21:09:53,607.25,22.1,1/3,High,79.12,53.7,97.4
UNP,Union Pacific Corporation,Industrials,Railroads,277.06,284.01,200.44,570.48,P/E (sector median 27x): $339.27 | EV/FCF (sector median 34x): $228.75 | DCF (FCFF/WACC): $200.44 | Dividend (DDM): $570.48,2.5,2.4,293.68,Research only,55.8,F,Tier 4 — Low Priority / Avoid,61.3,49.7,49.1,64.0,55.8,41.5,2.5,37.1,96.4,52.8,40.2,53.7,26.0,42.2,36.8,72.2,59.2,50.0,22.452187,19.518883,2.7237,6.4775505,15.086,41.17,2.87,4.45,28.85,56.28,40.98,50.7,18.58,40.39,46.0,39.7,9.27,16.97,11.5,6.6,150.772,0.986,0.756,0.07,2.26,0.954,23.3,-17.7,2.04,44.73,-4.3,-0.9,13.7,19.5,-4.4,2.4,0.91,0.67,General Watchlist,Low Priority / Avoid,High Risk — Needs Confirmation,Debt / Balance Sheet Risk,Strong quality profile (96.4/100) | ROIC proxy is strong (16.97%),Financial strength looks weak (26.0/100) | Relative strength is weak (36.8/100),60+ minutes,Strong ROIC proxy. | Financial risk: balance sheet metrics look weak.,100,Yahoo Finance,2026-10-05,2026-10-05 21:10:00,318.75,25.8,2/4,Low,87.86,60.3,73.5
UAL,"United Airlines Holdings, Inc.",Industrials,Airlines,110.0,271.92,63.56,293.63,P/E (sector median 27x): $293.63 | EV/FCF (sector median 34x): $63.56 | DCF (FCFF/WACC): $271.92,147.2,59.5,140.8,Research only,28.4,F,Tier 4 — Low Priority / Avoid,27.5,27.2,37.9,19.6,28.2,3.7,0.0,12.4,23.3,20.5,56.1,37.3,22.0,44.2,48.0,25.0,9.5,50.0,10.299625,7.9926353,6.5,0.56761646,7.552,58.84,2.55,9.71,5.56,31.82,5.53,11.27,1.45,14.17,10.21,23.25,3.38,8.15,16.0,-17.2,201.641,0.78,0.688,0.49,2.4,1.304,53.1,-49.2,0.0,0.0,-1.2,-12.9,23.2,15.4,5.1,-1.6,1.31,0.49,General Watchlist,Low Priority / Avoid,High Risk — Needs Confirmation,Cash Flow Risk,Fair value upside is positive (147.2%),Cash-flow profile looks weak (20.5/100) | Growth profile looks weak (37.3/100) | Financial strength looks weak (22.0/100) | Risk profile is elevated (25.0/100),60+ minutes,Financial risk: balance sheet metrics look weak. | Risk warning: volatility/drawdown risk is elevated.,100,Yahoo Finance,2026-10-05,2026-10-05 21:10:06,275.87,25.8,2/3,Low,2.71,34.3,95.3
UPS,"United Parcel Service, Inc.",Industrials,Integrated Freight & Logistics,93.14,159.78,139.25,366.08,P/E (sector median 27x): $147.91 | EV/FCF (sector median 34x): $171.64 | DCF (FCFF/WACC): $139.25 | Dividend (DDM): $366.08,71.5,41.7,119.22,Research only,41.7,F,Tier 4 — Low Priority / Avoid,46.4,42.5,29.1,47.5,42.0,32.8,2.5,29.4,69.9,53.1,78.5,27.2,28.7,23.4,15.6,51.2,20.2,50.0,17.312267,11.550657,1.3619,0.88114977,8.54,18.45,7.06,5.78,5.08,22.41,9.05,13.44,6.22,9.86,63.09,29.6,7.28,16.45,7.6,-53.0,189.9,1.179,1.052,0.16,1.99,1.046,30.9,-36.9,7.05,121.93,-8.9,-13.9,-1.4,14.4,-19.5,-2.7,1.03,0.4,Recovery Candidate,Low Priority / Avoid,High Risk — Needs Confirmation,Momentum Risk,FCF yield looks attractive (7.06%) | ROIC proxy is strong (16.45%) | Fair value upside is positive (71.5%),Growth profile looks weak (27.2/100) | Financial strength looks weak (28.7/100) | Momentum is weak (23.4/100) | Relative strength is weak (15.6/100),60+ minutes,Strong free cash flow yield. | Strong ROIC proxy. | Financial risk: balance sheet metrics look weak.,100,Yahoo Finance,2026-10-05,2026-10-05 21:10:13,138.97,25.8,4/4,Low,93.32,34.0,88.0
URI,"United Rentals, Inc.",Industrials,Rental & Leasing Services,1074.28,754.76,451.15,1143.44,"P/E (sector median 27x): $1,143.44 | EV/FCF (sector median 34x): $754.76 | DCF (FCFF/WACC): $451.15",-29.7,-42.3,1138.74,Research only,49.1,F,Tier 4 — Low Priority / Avoid,51.7,42.0,54.4,49.7,47.5,27.1,17.5,32.5,74.7,39.7,48.2,60.6,15.6,59.1,67.1,30.2,52.6,50.0,25.830248,18.742477,1.3403,3.972544,17.6,48.39,2.55,3.87,15.67,38.48,25.99,27.87,10.14,34.11,29.72,28.89,8.77,14.11,11.8,25.5,166.793,0.764,0.619,0.01,3.26,1.826,40.4,-37.0,0.73,18.08,6.4,0.4,47.2,10.4,29.0,-6.6,0.9,0.8,General Watchlist,Low Priority / Avoid,High Risk — Needs Confirmation,Debt / Balance Sheet Risk,ROIC proxy is strong (14.11%),Cash-flow profile looks weak (39.7/100) | Financial strength looks weak (15.6/100) | Risk profile is elevated (30.2/100),60+ minutes,Strong ROIC proxy. | Financial risk: balance sheet metrics look weak. | Risk warning: volatility/drawdown risk is elevated.,100,Yahoo Finance,2026-10-05,2026-10-05 21:10:20,1074.28,25.8,1/3,Medium,72.74,50.2,90.1
UNH,UnitedHealth Group Incorporated,Healthcare,Healthcare Plans,378.58,496.61,133.84,698.81,P/E (sector median 27x): $422.13 | EV/FCF (sector median 29x): $698.81 | DCF (FCFF/WACC): $571.09 | Dividend (DDM): $133.84,31.2,23.8,467.1,Research only,51.9,F,Tier 4 — Low Priority / Avoid,55.2,47.4,46.2,60.5,51.4,50.6,25.0,44.3,80.6,56.6,72.0,38.8,41.9,41.0,43.3,54.9,49.1,50.0,24.34598,16.743778,1.0118,0.7542549,14.361,15.79,7.14,4.11,3.14,19.72,7.13,5.92,5.39,6.0,89.84,14.15,4.87,18.2,0.4,61.5,69.211,0.777,0.695,0.43,1.57,0.615,42.4,-61.4,2.5,57.56,-4.1,-10.5,24.5,7.9,6.4,-9.1,1.18,0.69,Recovery Candidate,Low Priority / Avoid,Avoid for Now,Growth Risk,Strong quality profile (80.6/100) | FCF yield looks attractive (7.14%) | ROIC proxy is strong (18.2%) | Fair value upside is positive (31.2%),Growth profile looks weak (38.8/100),60+ minutes,Strong free cash flow yield. | Strong ROIC proxy.,100,Yahoo Finance,2026-10-05,2026-10-05 21:10:27,566.39,36.4,3/4,Low,73.04,41.0,44.0
UHS,"Universal Health Services, Inc.",Healthcare,Medical Care Facilities,176.05,238.04,163.65,665.64,P/E (sector median 27x): $665.64 | EV/FCF (sector median 29x): $163.65 | DCF (FCFF/WACC): $238.04,35.2,26.0,222.54,Research only,32.2,F,Tier 4 — Low Priority / Avoid,34.4,30.9,32.3,28.8,33.2,29.9,2.5,24.1,24.0,30.1,79.4,33.5,40.8,40.9,0.0,59.6,23.9,50.0,7.179853,7.335802,1.2093,0.5727888,5.786,31.35,4.8,13.93,8.42,44.61,11.14,14.9,2.75,9.94,27.68,20.95,8.32,12.62,8.3,10.1,68.74,1.116,0.892,0.03,1.9,1.029,33.3,-42.0,0.46,3.26,3.8,12.7,-2.3,-14.7,-20.4,-31.7,0.8,0.34,Recovery Candidate,Low Priority / Avoid,Avoid for Now,Business Quality Risk,ROIC proxy is strong (12.62%) | Fair value upside is positive (35.2%),Cash-flow profile looks weak (30.1/100) | Growth profile looks weak (33.5/100) | Relative strength is weak (0.0/100),60+ minutes,Strong ROIC proxy.,100,Yahoo Finance,2026-10-05,2026-10-05 21:10:34,893.12,36.4,2/3,Low,78.46,46.3,99.6
VLO,Valero Energy Corporation,Energy,Oil & Gas Refining & Marketing,419.33,526.85,399.35,854.0,"P/E (sector median 17x): $399.35 | EV/FCF (sector median 18x): $526.85 | DCF (3-stage, CAPM): $854.00",25.6,20.4,499.97,Research only,61.8,D-,Tier 3 — Watchlist Only,62.5,51.9,79.4,53.6,61.5,59.8,62.5,59.8,40.8,56.0,76.6,85.5,67.6,88.8,100.0,76.4,58.9,50.0,17.479366,10.226207,1.8505,0.9117014,9.248,14.7,6.97,5.72,5.45,16.12,12.27,10.1,6.36,8.24,77.16,27.64,10.56,45.08,51.7,453.5,40.148,1.636,1.047,0.69,0.26,0.592,37.1,-26.8,1.18,19.42,13.1,48.8,68.2,167.0,50.0,149.9,0.74,1.0,Position Trade Candidate,Watchlist Only,Watchlist / Research Later,Business Quality Risk,Strong growth profile (85.5/100) | Strong relative strength vs SPY (100.0/100) | Strong 3-6 month position-trade setup (79.4/100) | FCF yield looks attractive (6.97%) | ROIC proxy is strong (45.08%),No major quant red flag detected.,30 minutes,Strong free cash flow yield. | Strong ROIC proxy. | Outperforming SPY on relative strength.,100,Yahoo Finance,2026-10-05,2026-10-05 21:10:41,676.79,28.2,2/3,Medium,79.87,70.7,81.0
VEEV,Veeva Systems Inc.,Healthcare,Health Information Services,283.45,260.79,165.6,279.53,"P/E (sector median 27x): $165.60 | EV/FCF (sector median 29x): $279.53 | DCF (3-stage, CAPM): $260.79",-8.0,-8.7,300.46,Research only,74.4,C,Tier 3 — Watchlist Only,84.3,65.6,62.8,85.7,72.4,75.2,62.5,71.1,90.2,68.3,31.2,80.8,100.0,66.9,55.0,58.4,85.0,50.0,46.467216,27.651934,1.2067,13.271188,34.56,29.55,2.74,2.15,29.34,74.96,29.64,31.1,36.37,48.16,75.52,14.42,7.58,100.0,17.6,39.5,2.041,5.458,5.363,47.75,-6.59,0.934,39.6,-50.5,0.0,0.0,3.0,50.6,64.3,-4.3,46.2,-21.4,0.75,0.85,"Long-Term Compounder, Healthy Business",Watchlist Only,Watchlist / Research Later,Valuation Risk,Strong investment score (84.3/100) | High business health (85.7/100) | Strong quality profile (90.2/100) | Strong growth profile (80.8/100) | ROIC proxy is strong (100.0%),Valuation may be stretched (31.2/100),30 minutes,Stock health is strong. | Strong ROIC proxy. | Valuation risk: stock may be expensive.,100,Yahoo Finance,2026-10-05,2026-10-05 21:10:48,222.19,36.4,0/3,Medium,6.45,84.6,93.6
VTR,"Ventas, Inc.",Real Estate,REIT - Healthcare Facilities,81.36,65.59,15.75,433.83,P/E (sector median 29x): $15.75 | EV/FCF (sector median 29x): $62.80 | DCF (FCFF/WACC): $68.38 | Dividend (DDM): $433.83,-19.4,-24.0,86.24,Research only,43.6,F,Tier 4 — Low Priority / Avoid,49.3,40.5,40.2,41.3,44.9,28.3,15.0,31.4,40.4,67.1,9.4,61.7,16.9,32.8,20.2,83.7,35.1,50.0,150.66666,102.98734,4.9384,6.5015416,23.678,37.92,3.56,0.66,4.09,39.97,14.81,37.09,23.16,28.06,82.54,2.01,2.17,2.74,21.7,-6.7,84.928,0.295,0.261,0.02,5.34,0.741,22.3,-18.6,2.48,370.37,-9.3,-11.4,-1.6,19.5,-19.7,2.5,2.11,0.46,General Watchlist,Low Priority / Avoid,High Risk — Needs Confirmation,Valuation Risk,No single dominant strength; needs manual research.,Valuation may be stretched (9.4/100) | Financial strength looks weak (16.9/100) | Momentum is weak (32.8/100) | Relative strength is weak (20.2/100),60+ minutes,Valuation risk: stock may be expensive. | Financial risk: balance sheet metrics look weak.,100,Yahoo Finance,2026-10-05,2026-10-05 21:10:54,13.9,25.7,1/4,Low,1092.54,48.9,94.3
VLTO,Veralto Corp,Industrials,Pollution & Treatment Controls,96.57,107.9,79.74,109.15,"P/E (sector median 27x): $109.15 | EV/FCF (sector median 34x): $107.90 | DCF (3-stage, CAPM): $79.74",11.7,10.5,105.07,Research only,57.4,F,Tier 4 — Low Priority / Avoid,65.1,52.9,42.6,69.3,57.5,54.0,12.5,45.1,95.9,52.2,46.0,41.6,59.3,44.7,9.3,75.2,53.9,50.0,24.324936,20.19697,2.2699,4.133273,17.667,30.43,3.43,4.11,17.35,60.18,21.37,24.4,14.17,19.36,73.18,34.31,10.31,21.06,7.5,10.1,115.978,1.775,1.478,0.59,1.06,0.775,22.2,-27.1,0.55,12.59,0.4,5.4,9.0,-9.4,-9.1,-26.4,1.31,0.59,General Watchlist,Low Priority / Avoid,Watchlist / Research Later,Growth Risk,Strong quality profile (95.9/100) | ROIC proxy is strong (21.06%) | Fair value upside is positive (11.7%),Relative strength is weak (9.3/100),60+ minutes,Strong ROIC proxy.,100,Yahoo Finance,2026-10-05,2026-10-05 21:11:01,102.55,25.8,2/3,High,32.57,60.1,97.4
VRSN,"VeriSign, Inc.",Technology,Software - Infrastructure,292.26,289.83,220.19,293.6,"P/E (sector median 31x): $289.83 | EV/FCF (sector median 33x): $293.60 | DCF (3-stage, CAPM): $220.19",-0.8,-0.8,309.8,Research only,57.8,F,Tier 4 — Low Priority / Avoid,64.2,51.5,48.3,68.4,57.6,53.6,15.0,45.3,86.0,68.8,34.1,48.0,36.9,52.3,16.3,72.0,68.6,50.0,31.7329,26.420822,2.1631,15.469467,23.054,32.83,3.15,3.15,49.77,88.47,68.18,69.44,48.76,64.48,75.62,,45.12,,6.0,7.7,,0.591,0.557,0.44,1.1,0.692,27.1,-30.2,1.12,34.31,0.1,9.5,7.0,8.4,-11.2,-8.6,1.53,0.83,General Watchlist,Low Priority / Avoid,High Risk — Needs Confirmation,Valuation Risk,Strong quality profile (86.0/100),Valuation may be stretched (34.1/100) | Financial strength looks weak (36.9/100) | Relative strength is weak (16.3/100),60+ minutes,Valuation risk: stock may be expensive. | Financial risk: balance sheet metrics look weak.,88,Yahoo Finance,2026-10-05,2026-10-05 21:11:08,221.68,24.1,1/3,High,137.68,61.0,96.9
VRSK,"Verisk Analytics, Inc.",Industrials,Consulting Services,163.28,206.38,178.98,230.72,P/E (sector median 27x): $178.98 | EV/FCF (sector median 34x): $230.72 | DCF (FCFF/WACC): $206.38,26.4,20.9,195.6,Research only,51.7,F,Tier 4 — Low Priority / Avoid,60.2,51.8,27.3,67.0,51.7,44.0,15.0,40.7,86.0,77.2,58.7,33.0,30.0,7.4,0.0,59.1,58.2,50.0,25.081411,18.771353,1.4456,6.776746,16.753,24.06,4.97,3.99,28.24,70.18,45.11,48.33,33.66,47.93,70.22,,18.96,,4.4,-3.4,,1.005,0.903,0.12,2.68,0.692,29.7,-50.8,1.22,29.19,-11.9,-13.7,-9.3,-33.8,-27.4,-50.8,0.88,0.08,General Watchlist,Low Priority / Avoid,High Risk — Needs Confirmation,Momentum Risk,Strong cash-flow profile (77.2/100) | Strong quality profile (86.0/100) | Fair value upside is positive (26.4%),Growth profile looks weak (33.0/100) | Financial strength looks weak (30.0/100) | Momentum is weak (7.4/100) | Relative strength is weak (0.0/100),60+ minutes,Financial risk: balance sheet metrics look weak.,88,Yahoo Finance,2026-10-05,2026-10-05 21:11:15,168.15,25.8,3/3,High,203.83,58.1,97.8
VZ,Verizon Communications Inc.,Communication Services,Telecom Services,45.85,65.35,37.66,99.34,P/E (sector median 20x): $75.00 | EV/FCF (sector median 27x): $55.70 | DCF (FCFF/WACC): $99.34 | Dividend (DDM): $37.66,42.5,29.8,58.69,Research only,43.0,F,Tier 4 — Low Priority / Avoid,44.9,41.2,37.5,48.7,44.2,33.1,15.0,32.6,68.1,70.0,87.5,19.9,10.7,38.0,13.6,75.0,26.1,50.0,11.9401045,8.672313,0.8273,1.3715141,7.516,21.98,9.17,8.38,11.64,59.45,23.0,36.78,12.58,27.93,45.02,15.84,5.05,8.53,-0.7,-22.0,184.081,0.604,0.462,0.01,3.76,0.248,23.4,-17.0,6.16,72.79,-8.6,9.9,-2.6,12.2,-20.8,-4.9,1.08,0.62,Recovery Candidate,Low Priority / Avoid,High Risk — Needs Confirmation,Debt / Balance Sheet Risk,FCF yield looks attractive (9.17%) | Fair value upside is positive (42.5%),Growth profile looks weak (19.9/100) | Financial strength looks weak (10.7/100) | Momentum is weak (38.0/100) | Relative strength is weak (13.6/100),60+ minutes,Strong free cash flow yield. | Financial risk: balance sheet metrics look weak.,100,Yahoo Finance,2026-10-05,2026-10-05 21:11:22,82.03,21.4,3/4,Low,64.21,37.3,69.2
VRTX,Vertex Pharmaceuticals Incorpor,Healthcare,Biotechnology,503.5,379.36,315.89,466.11,"P/E (sector median 27x): $466.11 | EV/FCF (sector median 29x): $315.89 | DCF (3-stage, CAPM): $379.36",-24.7,-32.7,533.71,Research only,67.4,D+,Tier 3 — Watchlist Only,77.0,59.0,53.9,80.5,66.7,67.2,25.0,56.3,95.6,55.3,33.1,58.4,100.0,43.3,46.1,79.7,66.0,50.0,29.324404,25.0421,1.8976,10.138679,23.93,46.45,2.06,3.41,35.0,54.96,38.05,40.52,20.88,34.11,61.21,23.54,11.93,26.31,12.5,8.0,9.767,3.185,2.536,3.97,-1.15,0.281,32.5,-29.1,0.0,0.0,-7.8,1.0,16.6,24.8,-1.5,7.8,0.92,0.65,Healthy Business,Watchlist Only,Watchlist / Research Later,Valuation Risk,High business health (80.5/100) | Strong quality profile (95.6/100) | ROIC proxy is strong (26.31%),Valuation may be stretched (33.1/100),60+ minutes,Strong ROIC proxy. | Valuation risk: stock may be expensive.,100,Yahoo Finance,2026-10-05,2026-10-05 21:11:29,625.4,36.4,0/3,High,46.29,70.5,79.8
VRT,"Vertiv Holdings, LLC",Industrials,Electrical Equipment & Parts,253.62,180.77,121.52,456.52,"P/E (sector median 27x): $121.52 | EV/FCF (sector median 34x): $238.91 | DCF (3-stage, CAPM): $122.63 | Dividend (DDM): $456.52",-28.7,-40.3,268.84,Research only,65.4,D,Tier 3 — Watchlist Only,78.7,63.6,41.0,76.2,62.3,58.3,40.0,57.2,91.8,65.4,31.1,95.9,64.6,29.6,45.0,15.0,73.9,50.0,57.38009,27.631937,0.8388,8.505583,36.327,36.09,2.76,1.74,15.09,38.04,20.36,23.34,23.49,29.22,80.39,43.94,10.89,37.04,24.1,53.0,70.166,1.379,0.947,0.93,0.08,2.048,67.3,-61.3,10.0,5.09,-9.6,-20.2,-3.3,58.5,-21.4,41.5,0.89,0.46,General Watchlist,Watchlist Only,High Risk — Needs Confirmation,Volatility / Drawdown Risk,High business health (76.2/100) | Strong quality profile (91.8/100) | Strong growth profile (95.9/100) | ROIC proxy is strong (37.04%),Valuation may be stretched (31.1/100) | Momentum is weak (29.6/100) | Risk profile is elevated (15.0/100),60+ minutes,Strong ROIC proxy. | Valuation risk: stock may be expensive. | Risk warning: volatility/drawdown risk is elevated.,100,Yahoo Finance,2026-10-05,2026-10-05 21:11:36,114.17,25.8,1/4,Low,30.52,74.8,84.9
VTRS,Viatris Inc.,Healthcare,Drug Manufacturers - Specialty & Generic,17.62,42.52,13.67,59.88,EV/FCF (sector median 29x): $42.52 | DCF (FCFF/WACC): $59.88 | Dividend (DDM): $13.67,141.3,58.6,22.55,Research only,50.2,F,Tier 4 — Low Priority / Avoid,47.6,42.8,68.3,43.9,50.0,51.5,40.0,46.7,19.9,82.4,83.8,47.9,36.2,70.4,96.5,58.6,45.4,50.0,,6.59113,1.0487,1.3732618,7.531,12.07,13.23,,-2.79,40.31,12.55,29.13,18.17,15.82,114.87,-2.75,2.67,5.5,4.9,,95.535,1.585,0.816,0.11,2.82,0.858,34.4,-45.0,2.73,960.0,4.4,6.6,35.9,79.0,17.8,62.0,0.75,0.93,General Watchlist,Low Priority / Avoid,High Risk — Needs Confirmation,Business Quality Risk,Strong cash-flow profile (82.4/100) | Strong relative strength vs SPY (96.5/100) | FCF yield looks attractive (13.23%) | Fair value upside is positive (141.3%),Financial strength looks weak (36.2/100),45 minutes,Strong free cash flow yield. | Outperforming SPY on relative strength. | Financial risk: balance sheet metrics look weak.,88,Yahoo Finance,2026-10-05,2026-10-05 21:11:43,,36.4,2/3,Low,,40.8,97.9
VICI,VICI Properties Inc.,Real Estate,REIT - Diversified,22.53,46.66,4.1,98.16,P/E (sector median 29x): $74.97 | EV/FCF (sector median 29x): $4.10 | DCF (FCFF/WACC): $18.34 | Dividend (DDM): $98.16,107.1,51.7,28.84,Research only,39.0,F,Tier 4 — Low Priority / Avoid,44.0,36.8,28.4,45.6,40.6,37.1,0.0,29.0,54.7,30.6,62.4,22.9,50.9,6.2,0.0,84.0,43.1,50.0,8.766538,7.535117,,6.054093,11.792,160.71,1.08,11.41,67.5,99.27,70.18,88.81,6.52,64.39,10.12,9.85,4.82,4.86,5.7,-41.4,60.277,11.236,11.235,0.02,4.82,0.674,18.7,-27.9,8.12,70.04,-9.7,-12.0,-16.1,-26.1,-34.2,-43.1,0.85,0.0,General Watchlist,Low Priority / Avoid,Avoid for Now,Momentum Risk,Fair value upside is positive (107.1%),Cash-flow profile looks weak (30.6/100) | Growth profile looks weak (22.9/100) | Momentum is weak (6.2/100) | Relative strength is weak (0.0/100),60+ minutes,No major signal,100,Yahoo Finance,2026-10-05,2026-10-05 21:11:49,66.14,25.7,2/4,Low,69.44,45.6,97.2
V,Visa Inc.,Financial Services,Credit Services,369.71,130.56,94.35,166.77,P/E (sector median 14x): $166.77 | P/B (justified): $94.35,-64.7,-183.2,391.89,Research only,64.7,D,Tier 3 — Watchlist Only,71.3,55.0,56.3,78.7,64.4,62.0,37.5,56.1,100.0,71.1,40.2,63.0,51.2,48.8,39.2,83.8,78.6,50.0,31.46468,24.640268,1.6368,15.601444,21.659,33.01,2.94,3.18,50.78,97.72,66.13,69.89,45.86,50.76,90.36,61.19,19.11,51.09,14.4,10.2,67.821,0.985,0.627,0.58,0.32,0.771,22.2,-20.4,0.74,22.13,-1.4,6.6,22.7,6.5,4.5,-10.5,0.75,0.84,General Watchlist,Watchlist Only,Watchlist / Research Later,Valuation Risk,High business health (78.7/100) | Strong quality profile (100.0/100) | ROIC proxy is strong (51.09%),Relative strength is weak (39.2/100),60+ minutes,Strong ROIC proxy.,100,Yahoo Finance,2026-10-05,2026-10-05 21:11:56,139.09,11.8,0/2,Medium,103.46,77.3,0.0
VST,Vistra Corp.,Utilities,Utilities - Independent Power Producers,144.89,58.79,0.89,116.7,P/E (sector median 20x): $116.70 | EV/FCF (rate-anchored 11x): $0.89,-59.4,-146.4,153.58,Research only,20.5,F,Tier 4 — Low Priority / Avoid,21.5,17.8,20.8,23.2,20.1,0.0,0.0,7.8,38.8,18.3,60.2,2.1,11.4,28.3,0.0,18.4,13.6,50.0,24.43339,13.909876,0.3441,2.53124,10.466,1873.58,0.08,4.09,11.55,38.31,13.77,34.59,0.19,26.66,0.72,42.96,5.89,9.05,-5.5,-6.2,373.28,0.973,0.258,0.02,3.02,1.384,58.8,-48.8,0.66,15.35,-2.8,-6.3,-5.4,-27.9,-23.6,-44.9,2.14,0.14,General Watchlist,Low Priority / Avoid,High Risk — Needs Confirmation,Growth Risk,No single dominant strength; needs manual research.,Cash-flow profile looks weak (18.3/100) | Growth profile looks weak (2.1/100) | Financial strength looks weak (11.4/100) | Momentum is weak (28.3/100),60+ minutes,Financial risk: balance sheet metrics look weak. | Risk warning: volatility/drawdown risk is elevated.,100,Yahoo Finance,2026-10-05,2026-10-05 21:12:03,,,0/2,Low,133.23,17.8,93.1
VMRK,Vivmark Residential,Real Estate,REIT - Residential,60.09,69.46,45.28,76.14,P/E (sector median 29x): $76.14 | DCF (FCFF/WACC): $45.28 | Dividend (DDM): $69.46,15.6,13.5,67.12,Research only,50.4,F,Tier 4 — Low Priority / Avoid,56.7,46.9,37.8,59.6,51.3,33.5,2.5,32.8,67.9,72.7,29.4,45.6,18.3,23.1,1.0,84.2,70.2,50.0,23.02299,40.87199,7.17,15.047633,,,2.98,4.34,33.25,62.32,29.5,59.31,44.89,53.74,83.54,8.49,2.56,,3.3,,75.129,0.348,0.044,0.01,4.96,0.568,22.3,-21.2,4.7,96.98,-8.0,-12.0,0.8,-1.8,-17.3,-18.9,1.09,0.25,General Watchlist,Low Priority / Avoid,High Risk — Needs Confirmation,Debt / Balance Sheet Risk,Fair value upside is positive (15.6%),Valuation may be stretched (29.4/100) | Financial strength looks weak (18.3/100) | Momentum is weak (23.1/100) | Relative strength is weak (1.0/100),60+ minutes,Valuation risk: stock may be expensive. | Financial risk: balance sheet metrics look weak.,88,Yahoo Finance,2026-10-05,2026-10-05 21:12:10,67.17,25.7,2/3,Medium,89.6,60.9,93.5
VMC,Vulcan Materials Company (Holdi,Basic Materials,Building Materials,245.57,213.18,98.21,248.29,P/E (sector median 29x): $248.29 | EV/FCF (sector median 37x): $213.18 | DCF (FCFF/WACC): $98.21,-13.2,-15.2,260.3,Research only,38.8,F,Tier 4 — Low Priority / Avoid,45.5,35.2,26.9,46.6,39.7,38.0,0.0,29.1,57.7,38.7,42.4,24.8,49.2,11.3,0.0,72.4,34.3,50.0,28.958729,23.332644,1.6502,3.9208274,15.497,42.99,2.65,3.45,13.75,27.51,21.61,28.84,10.39,22.23,46.75,13.23,6.04,10.48,2.5,2.7,58.22,1.757,1.051,0.04,2.03,1.046,26.8,-26.7,0.86,23.82,-6.5,-14.2,-11.3,-18.8,-29.4,-35.8,0.85,0.05,General Watchlist,Low Priority / Avoid,Avoid for Now,Momentum Risk,ROIC proxy is strong (10.48%),Cash-flow profile looks weak (38.7/100) | Growth profile looks weak (24.8/100) | Momentum is weak (11.3/100) | Relative strength is weak (0.0/100),60+ minutes,No major signal,100,Yahoo Finance,2026-10-05,2026-10-05 21:12:17,,,1/3,Medium,47.18,35.8,96.0
WRB,W.R. Berkley Corporation,Financial Services,Insurance - Property & Casualty,69.77,97.85,69.12,126.58,P/E (sector median 14x): $69.12 | P/B (justified): $126.58,40.2,28.7,89.31,Research only,58.9,F,Tier 4 — Low Priority / Avoid,66.8,57.0,40.2,70.7,59.8,62.0,50.0,58.4,72.3,88.1,69.8,38.2,65.1,34.5,4.1,90.6,51.9,50.0,14.3264885,14.350002,4.4549,1.7387463,10.083,8.54,11.76,6.98,12.94,43.79,16.39,17.32,20.44,24.19,84.53,20.21,3.56,22.42,1.2,15.0,31.527,0.406,0.249,1.26,-0.31,0.271,22.3,-17.6,0.58,7.6,1.1,-2.0,5.7,-6.7,-12.4,-23.7,0.74,0.51,General Watchlist,Low Priority / Avoid,Watchlist / Research Later,Momentum Risk,Strong cash-flow profile (88.1/100) | FCF yield looks attractive (11.76%) | ROIC proxy is strong (22.42%) | Fair value upside is positive (40.2%),Growth profile looks weak (38.2/100) | Momentum is weak (34.5/100) | Relative strength is weak (4.1/100),45 minutes,Strong free cash flow yield. | Strong ROIC proxy.,100,Yahoo Finance,2026-10-05,2026-10-05 21:12:23,57.65,11.8,1/2,Medium,50.4,60.2,97.0
GWW,"W.W. Grainger, Inc.",Industrials,Industrial Distribution,1286.84,867.89,610.64,1078.01,"P/E (sector median 27x): $1,078.01 | EV/FCF (sector median 34x): $867.89 | DCF (3-stage, CAPM): $610.64",-32.6,-48.3,1364.05,Research only,51.5,F,Tier 4 — Low Priority / Avoid,56.3,43.0,53.4,53.3,51.6,41.6,2.5,35.0,65.5,27.9,35.3,54.1,70.4,45.4,55.9,75.5,46.4,50.0,32.81918,25.236238,1.732,3.216311,19.556,50.41,2.06,3.05,9.92,39.4,16.07,17.07,6.62,11.54,57.37,46.09,19.93,37.75,10.3,20.5,61.977,2.805,1.597,0.21,0.69,1.013,24.1,-24.5,0.78,23.64,-2.8,-4.5,16.6,35.6,-1.5,18.6,0.81,0.77,General Watchlist,Low Priority / Avoid,Avoid for Now,Cash Flow Risk,ROIC proxy is strong (37.75%),Valuation may be stretched (35.3/100) | Cash-flow profile looks weak (27.9/100),60+ minutes,Strong ROIC proxy.,100,Yahoo Finance,2026-10-05,2026-10-05 21:12:30,1012.8,25.8,0/3,Medium,73.14,54.7,91.1
WAB,Westinghouse Air Brake Technolo,Industrials,Railroads,291.86,199.14,146.29,204.55,P/E (sector median 27x): $204.55 | EV/FCF (sector median 34x): $199.14 | DCF (FCFF/WACC): $146.29,-31.8,-46.6,309.37,Research only,49.1,F,Tier 4 — Low Priority / Avoid,51.1,39.8,62.0,43.6,49.4,42.4,17.5,37.7,51.2,34.1,35.9,68.1,35.8,66.9,62.0,76.6,49.7,50.0,39.228493,23.432198,1.37,4.1150513,20.7,49.82,2.23,2.55,10.59,35.73,19.19,22.13,9.19,16.69,55.1,11.55,6.17,10.39,17.5,18.9,61.686,1.121,0.525,0.1,2.37,0.917,27.2,-23.6,0.43,15.05,3.2,12.8,14.2,46.6,-3.9,29.5,1.29,0.88,General Watchlist,Low Priority / Avoid,High Risk — Needs Confirmation,Cash Flow Risk,ROIC proxy is strong (10.39%),Valuation may be stretched (35.9/100) | Cash-flow profile looks weak (34.1/100) | Financial strength looks weak (35.8/100),60+ minutes,Financial risk: balance sheet metrics look weak.,100,Yahoo Finance,2026-10-05,2026-10-05 21:12:37,192.18,25.8,0/3,High,73.98,52.3,93.0
WMT,Walmart Inc.,Consumer Defensive,Discount Stores,105.07,22.42,20.01,63.2,"P/E (sector median 23x): $63.20 | EV/FCF (sector median 24x): $20.01 | DCF (3-stage, CAPM): $22.42",-78.7,-368.7,111.37,Research only,20.4,F,Tier 4 — Low Priority / Avoid,20.6,14.5,28.8,17.5,22.7,7.3,0.0,10.2,21.1,8.1,15.6,18.8,37.1,23.3,6.1,81.8,3.2,50.0,38.06884,32.5753,4.2203,1.1363277,20.359,125.89,0.85,2.63,3.0,24.84,3.45,5.99,0.97,5.83,16.61,22.31,6.41,12.38,5.9,-9.1,71.653,0.767,0.195,0.15,1.44,0.578,25.1,-23.3,0.95,34.96,-1.9,-6.9,-13.9,3.8,-32.0,-13.2,0.81,0.16,General Watchlist,Low Priority / Avoid,High Risk — Needs Confirmation,Cash Flow Risk,ROIC proxy is strong (12.38%),Valuation may be stretched (15.6/100) | Cash-flow profile looks weak (8.1/100) | Growth profile looks weak (18.8/100) | Financial strength looks weak (37.1/100),60+ minutes,Strong ROIC proxy. | Valuation risk: stock may be expensive. | Financial risk: balance sheet metrics look weak.,100,Yahoo Finance,2026-10-05,2026-10-05 21:12:44,,,0/3,Low,73.91,29.5,0.0
DIS,Walt Disney Company (The),Communication Services,Entertainment,103.61,59.99,47.7,94.72,P/E (sector median 20x): $94.72 | EV/FCF (sector median 27x): $59.99 | DCF (FCFF/WACC): $47.70,-42.1,-72.7,109.83,Research only,29.0,F,Tier 4 — Low Priority / Avoid,30.6,23.6,34.1,27.5,30.0,20.8,0.0,18.4,27.3,26.6,45.0,24.2,38.0,40.4,9.2,62.9,18.2,50.0,21.362886,13.841372,3.369,1.809632,10.691,46.11,2.72,4.68,8.7,37.59,19.3,21.2,4.92,17.18,28.61,8.01,4.81,10.0,6.8,-48.3,39.404,0.709,0.562,0.11,1.95,1.417,28.2,-30.2,1.47,30.93,-1.6,7.1,9.0,-6.5,-9.1,-23.6,0.83,0.51,General Watchlist,Low Priority / Avoid,High Risk — Needs Confirmation,Growth Risk,ROIC proxy is strong (10.0%),Cash-flow profile looks weak (26.6/100) | Growth profile looks weak (24.2/100) | Financial strength looks weak (38.0/100) | Relative strength is weak (9.2/100),60+ minutes,Financial risk: balance sheet metrics look weak.,100,Yahoo Finance,2026-10-05,2026-10-05 21:12:51,103.61,21.4,0/3,Medium,36.95,39.2,71.1
WBD,"Warner Bros. Discovery, Inc. - ",Communication Services,Entertainment,30.95,98.12,71.91,124.34,EV/FCF (sector median 27x): $124.34 | DCF (FCFF/WACC): $71.91,217.0,68.5,39.62,Research only,45.7,F,Tier 4 — Low Priority / Avoid,43.2,41.0,56.6,44.4,45.0,30.1,17.5,32.1,38.0,86.3,44.1,25.4,22.5,81.5,60.6,38.5,25.1,50.0,,497.4285,55.1758,2.1485777,13.788,6.65,20.84,,-8.77,47.81,5.1,21.58,44.77,9.48,472.32,-8.79,1.71,2.37,-11.2,-90.6,94.199,0.777,0.406,0.11,3.67,1.539,49.1,-38.4,0.0,0.0,9.6,18.4,13.1,63.0,-5.1,45.9,8.09,1.0,General Watchlist,Low Priority / Avoid,High Risk — Needs Confirmation,Debt / Balance Sheet Risk,Strong cash-flow profile (86.3/100) | FCF yield looks attractive (20.84%) | Fair value upside is positive (217.0%),Growth profile looks weak (25.4/100) | Financial strength looks weak (22.5/100) | Risk profile is elevated (38.5/100),60+ minutes,Strong free cash flow yield. | Financial risk: balance sheet metrics look weak. | Risk warning: volatility/drawdown risk is elevated.,94,Yahoo Finance,2026-10-05,2026-10-05 21:12:58,,21.4,2/2,Medium,,36.6,88.2
WM,"Waste Management, Inc.",Industrials,Waste Management,206.66,162.27,113.6,194.1,P/E (sector median 27x): $194.10 | EV/FCF (sector median 34x): $157.85 | DCF (FCFF/WACC): $166.69 | Dividend (DDM): $113.60,-21.5,-27.4,219.06,Research only,36.7,F,Tier 4 — Low Priority / Avoid,41.8,33.5,29.2,41.1,37.8,24.3,0.0,23.4,64.9,38.0,42.2,32.0,13.8,20.4,0.0,73.1,30.9,50.0,29.271955,22.688648,1.9016,3.2183404,13.445,44.51,2.84,3.42,11.12,40.6,18.99,30.29,9.15,25.39,36.03,29.84,6.57,11.77,4.0,8.3,235.301,0.907,0.801,0.02,2.93,0.43,19.4,-18.1,1.85,50.14,-5.2,-11.3,-10.6,-4.4,-28.8,-21.4,1.14,0.26,General Watchlist,Low Priority / Avoid,High Risk — Needs Confirmation,Debt / Balance Sheet Risk,ROIC proxy is strong (11.77%),Cash-flow profile looks weak (38.0/100) | Growth profile looks weak (32.0/100) | Financial strength looks weak (13.8/100) | Momentum is weak (20.4/100),60+ minutes,Financial risk: balance sheet metrics look weak.,100,Yahoo Finance,2026-10-05,2026-10-05 21:13:05,182.36,25.8,0/4,Medium,78.45,34.6,87.4
WAT,Waters Corporation,Healthcare,Diagnostics & Research,440.12,107.23,107.23,107.23,P/E (sector median 27x): $107.23,-75.6,-310.4,466.53,Research only,39.9,F,Tier 4 — Low Priority / Avoid,37.9,29.4,67.6,24.3,40.0,23.4,27.5,29.3,19.0,12.9,28.2,66.6,46.0,82.9,88.3,62.0,26.0,50.0,111.42278,26.610283,1.5658,9.304672,32.171,,-0.33,0.9,3.59,56.34,9.42,31.26,-3.06,11.83,-25.85,1.92,3.56,1.72,113.4,,36.045,1.861,1.053,0.1,3.4,1.149,38.4,-33.4,0.0,0.0,7.5,19.6,43.2,34.0,25.1,17.0,1.49,0.98,General Watchlist,Low Priority / Avoid,Avoid for Now,Cash Flow Risk,Strong relative strength vs SPY (88.3/100),Valuation may be stretched (28.2/100) | Cash-flow profile looks weak (12.9/100) | Free cash flow yield is negative,45 minutes,Outperforming SPY on relative strength. | Valuation risk: stock may be expensive.,94,Yahoo Finance,2026-10-05,2026-10-05 21:13:12,143.88,36.4,0/1,Low,27.54,52.8,94.1
WEC,"WEC Energy Group, Inc.",Utilities,Utilities - Regulated Electric,101.3,90.44,79.54,101.35,P/E (sector median 20x): $101.35 | Dividend (DDM): $79.54,-10.7,-12.0,107.38,Research only,30.3,F,Tier 4 — Low Priority / Avoid,33.1,25.0,32.0,30.2,32.1,10.4,0.0,15.5,39.4,25.0,53.7,32.5,7.8,18.6,0.0,82.8,43.3,50.0,19.669903,16.88643,1.9861,3.2561152,14.253,,-7.13,5.08,16.69,41.91,21.8,39.12,-23.22,35.26,-65.85,11.99,3.03,,2.6,19.7,157.985,0.534,0.303,0.0,5.79,0.442,16.6,-14.5,3.75,71.65,-4.4,-12.1,-11.9,-7.5,-30.0,-24.6,1.06,0.03,General Watchlist,Low Priority / Avoid,High Risk — Needs Confirmation,Debt / Balance Sheet Risk,No single dominant strength; needs manual research.,Cash-flow profile looks weak (25.0/100) | Growth profile looks weak (32.5/100) | Financial strength looks weak (7.8/100) | Momentum is weak (18.6/100),60+ minutes,Financial risk: balance sheet metrics look weak.,100,Yahoo Finance,2026-10-05,2026-10-05 21:13:19,,,1/2,High,70.54,35.8,95.8
WFC,Wells Fargo & Company,Financial Services,Banks - Diversified,81.44,97.65,75.55,206.61,P/E (sector median 14x): $97.65 | P/B (justified): $75.55 | Dividend (DDM): $206.61,19.9,16.6,93.6,Research only,46.3,F,Tier 4 — Low Priority / Avoid,52.1,41.6,38.8,52.1,46.6,45.2,12.5,37.4,34.0,55.4,69.5,57.7,53.4,26.5,5.5,68.1,78.4,50.0,11.83721,10.223553,1.3852,2.9662335,,,,8.45,27.23,0.0,37.39,0.0,,23.09,,12.57,1.08,16.72,9.5,25.0,,,,1.04,,0.952,29.3,-24.7,2.49,26.16,-9.5,-4.3,0.8,3.2,-17.4,-13.9,0.94,0.39,General Watchlist,Low Priority / Avoid,Avoid for Now,Momentum Risk,ROIC proxy is strong (16.72%) | Fair value upside is positive (19.9%),Momentum is weak (26.5/100) | Relative strength is weak (5.5/100),60+ minutes,Strong ROIC proxy.,75,Yahoo Finance,2026-10-05,2026-10-05 21:13:25,81.44,11.8,2/3,Low,110.72,49.8,59.8
WELL,Welltower Inc.,Real Estate,REIT - Healthcare Facilities,224.16,86.18,65.05,98.73,P/E (sector median 29x): $65.05 | EV/FCF (sector median 29x): $98.73 | DCF (FCFF/WACC): $86.18,-61.6,-160.1,237.61,Research only,53.6,F,Tier 4 — Low Priority / Avoid,59.7,46.5,55.2,50.4,54.3,34.4,2.5,33.8,44.9,56.7,2.1,92.8,31.2,41.7,43.5,91.0,71.2,50.0,100.52018,70.49056,3.66,12.655388,54.818,66.44,1.71,0.99,12.15,39.56,16.56,26.17,21.59,24.96,86.5,3.84,0.83,2.6,39.1,35.6,41.375,1.317,0.946,0.1,5.32,0.747,22.4,-13.0,1.49,132.74,-5.1,-3.8,12.0,29.9,-6.1,12.9,0.93,0.69,General Watchlist,Low Priority / Avoid,High Risk — Needs Confirmation,Valuation Risk,Strong growth profile (92.8/100),Valuation may be stretched (2.1/100) | Financial strength looks weak (31.2/100),60+ minutes,Valuation risk: stock may be expensive. | Financial risk: balance sheet metrics look weak.,100,Yahoo Finance,2026-10-05,2026-10-05 21:13:32,57.39,25.7,0/3,High,237.03,65.0,74.1
WST,"West Pharmaceutical Services, I",Healthcare,Medical Instruments & Supplies,376.76,165.68,73.48,5073.05,"P/E (sector median 27x): $212.02 | EV/FCF (sector median 29x): $119.35 | DCF (3-stage, CAPM): $73.48 | Dividend (DDM): $5,073.05",-56.0,-127.4,399.37,Research only,53.8,F,Tier 4 — Low Priority / Avoid,55.7,41.9,68.9,50.4,52.6,42.6,40.0,44.7,38.5,28.1,5.4,60.6,98.2,75.7,92.5,52.7,51.1,50.0,48.24072,37.739895,2.84,7.970053,28.027,91.99,1.05,2.07,16.98,36.79,22.47,27.42,8.35,19.91,41.97,19.09,11.38,20.58,13.8,18.1,10.585,2.822,1.819,1.38,-0.13,1.125,47.2,-45.2,24.0,11.14,10.8,6.6,45.5,38.7,27.3,21.6,1.19,1.0,General Watchlist,Low Priority / Avoid,Avoid for Now,Valuation Risk,Strong relative strength vs SPY (92.5/100) | ROIC proxy is strong (20.58%),Valuation may be stretched (5.4/100) | Cash-flow profile looks weak (28.1/100),30 minutes,Strong ROIC proxy. | Outperforming SPY on relative strength. | Valuation risk: stock may be expensive.,100,Yahoo Finance,2026-10-05,2026-10-05 21:13:39,284.47,36.4,1/4,Low,74.26,57.1,96.9
WDC,Western Digital Corporation,Technology,Computer Hardware,441.64,534.22,110.17,1112.93,"P/E (sector median 31x): $847.16 | EV/FCF (sector median 33x): $221.27 | DCF (3-stage, CAPM): $110.17 | Dividend (DDM): $1,112.93",21.0,17.3,511.07,Research only,66.7,D,Tier 3 — Watchlist Only,72.7,59.5,66.0,69.4,63.9,57.2,40.0,55.8,71.9,48.8,50.5,95.5,75.3,56.4,100.0,25.6,84.9,50.0,16.405647,13.910128,0.9019,12.325203,29.856,65.83,1.42,6.1,72.95,48.85,43.61,38.72,17.56,30.41,57.74,130.85,20.76,,43.8,984.1,13.436,1.329,0.85,1.33,-0.08,2.169,66.4,-45.0,14.0,1.86,-5.5,-19.7,41.7,237.0,23.5,219.9,1.56,0.52,General Watchlist,Watchlist Only,High Risk — Needs Confirmation,Volatility / Drawdown Risk,Strong growth profile (95.5/100) | Strong relative strength vs SPY (100.0/100) | Fair value upside is positive (21.0%),Risk profile is elevated (25.6/100),60+ minutes,Outperforming SPY on relative strength. | Risk warning: volatility/drawdown risk is elevated.,100,Yahoo Finance,2026-10-05,2026-10-05 21:13:46,647.94,24.1,2/4,Low,23.7,82.2,74.5
WY,Weyerhaeuser Company,Real Estate,REIT - Specialty,18.49,5.61,0.4,18.96,P/E (sector median 29x): $18.96 | EV/FCF (sector median 29x): $0.40 | DCF (FCFF/WACC): $1.83 | Dividend (DDM): $9.38,-69.7,-229.7,19.6,Research only,19.5,F,Tier 4 — Low Priority / Avoid,22.0,15.2,23.9,14.6,21.1,0.0,0.0,7.6,0.0,5.9,27.6,29.6,34.3,5.7,0.0,66.7,31.3,50.0,28.446154,28.269577,1.86,1.9448934,26.503,1338.27,0.1,3.52,6.89,14.51,8.03,10.04,0.2,7.98,2.49,4.97,0.67,3.03,-0.9,87.1,57.625,1.816,1.004,0.1,7.15,0.933,27.4,-41.1,4.55,129.23,-19.7,-16.9,-21.6,-23.7,-39.8,-40.7,1.17,0.0,General Watchlist,Low Priority / Avoid,High Risk — Needs Confirmation,Business Quality Risk,No single dominant strength; needs manual research.,Valuation may be stretched (27.6/100) | Cash-flow profile looks weak (5.9/100) | Growth profile looks weak (29.6/100) | Financial strength looks weak (34.3/100),60+ minutes,Valuation risk: stock may be expensive. | Financial risk: balance sheet metrics look weak.,100,Yahoo Finance,2026-10-05,2026-10-05 21:13:53,16.73,25.7,1/4,Low,148.62,26.0,99.1
WSM,"Williams-Sonoma, Inc.",Consumer Cyclical,Specialty Retail,238.7,183.9,127.13,262.49,"P/E (sector median 19x): $183.90 | EV/FCF (sector median 29x): $262.49 | DCF (3-stage, CAPM): $127.13",-23.0,-29.8,253.02,Research only,63.5,D,Tier 3 — Watchlist Only,68.9,54.8,60.9,71.6,61.7,60.4,37.5,54.9,100.0,53.2,41.4,57.4,56.2,66.3,69.9,46.8,60.3,50.0,24.482052,22.702803,3.0094,3.5119727,16.786,26.05,3.8,4.08,14.73,45.69,17.27,20.73,13.36,20.1,66.46,54.96,16.64,46.1,6.7,42.0,71.369,1.447,0.619,0.67,0.3,1.469,42.7,-36.8,1.31,29.13,5.0,9.7,33.6,21.4,15.5,4.3,0.97,0.84,General Watchlist,Watchlist Only,Watchlist / Research Later,Valuation Risk,Strong quality profile (100.0/100) | ROIC proxy is strong (46.1%),No major quant red flag detected.,60+ minutes,Strong ROIC proxy.,100,Yahoo Finance,2026-10-05,2026-10-05 21:13:59,215.77,22.1,1/3,Medium,90.9,61.0,96.6
WMB,"Williams Companies, Inc. (The)",Energy,Oil & Gas Midstream,70.81,246.92,41.78,452.05,P/E (sector median 17x): $41.78 | Dividend (DDM): $452.05,248.7,71.3,90.64,Research only,40.6,F,Tier 4 — Low Priority / Avoid,42.9,36.3,41.4,41.2,41.6,17.7,0.0,22.2,57.2,25.0,40.4,52.5,5.7,29.4,14.5,74.4,68.8,50.0,28.211155,26.765396,2.0746,7.0285225,16.932,,-1.75,3.54,24.94,63.64,39.54,57.07,-12.31,48.64,-25.3,21.5,5.03,8.8,7.8,51.2,200.371,0.477,0.309,0.01,4.35,0.663,25.5,-13.1,2.98,81.67,-3.8,-5.2,-3.0,13.2,-21.1,-3.9,0.75,0.68,General Watchlist,Low Priority / Avoid,High Risk — Needs Confirmation,Debt / Balance Sheet Risk,Fair value upside is positive (248.7%),Cash-flow profile looks weak (25.0/100) | Financial strength looks weak (5.7/100) | Momentum is weak (29.4/100) | Relative strength is weak (14.5/100),60+ minutes,Financial risk: balance sheet metrics look weak.,100,Yahoo Finance,2026-10-05,2026-10-05 21:14:06,70.81,28.2,1/2,Low,86.08,43.1,86.7
WTW,Willis Towers Watson Public Lim,Financial Services,Insurance Brokers,288.11,223.59,217.81,229.36,P/E (sector median 14x): $229.36 | P/B (justified): $217.81,-22.4,-28.9,305.4,Research only,35.5,F,Tier 4 — Low Priority / Avoid,39.6,31.1,33.2,37.2,36.8,35.7,2.5,27.3,19.2,61.3,72.1,31.8,36.0,28.1,0.0,75.3,39.6,50.0,17.828588,12.606739,1.27,2.6487164,11.479,22.83,5.29,5.61,15.49,42.52,17.56,27.88,14.01,19.04,73.62,19.76,5.08,10.68,9.1,-26.8,91.39,1.098,0.301,0.23,1.93,0.469,26.1,-30.4,1.33,23.27,-13.6,-1.2,1.7,-15.9,-16.4,-32.9,1.39,0.44,Recovery Candidate,Low Priority / Avoid,High Risk — Needs Confirmation,Business Quality Risk,FCF yield looks attractive (5.29%) | ROIC proxy is strong (10.68%),Growth profile looks weak (31.8/100) | Financial strength looks weak (36.0/100) | Momentum is weak (28.1/100) | Relative strength is weak (0.0/100),60+ minutes,Financial risk: balance sheet metrics look weak.,100,Yahoo Finance,2026-10-05,2026-10-05 21:14:13,191.29,11.8,0/2,High,235.18,47.0,96.8
WDAY,"Workday, Inc.",Technology,Software - Application,185.94,185.82,155.81,405.07,"P/E (sector median 32x): $155.81 | EV/FCF (sector median 33x): $405.07 | DCF (3-stage, CAPM): $185.82",-0.1,-0.1,197.1,Research only,59.7,F,Tier 4 — Low Priority / Avoid,65.3,53.5,56.2,64.0,58.2,61.6,25.0,51.1,43.8,93.1,60.5,67.4,59.1,59.7,55.0,45.5,68.3,50.0,37.869656,14.051257,0.7031,4.4127564,28.946,15.07,6.8,2.64,12.32,75.8,11.82,15.62,30.0,30.34,98.88,16.01,4.51,13.88,12.8,206.0,58.39,0.908,0.81,0.9,0.23,1.074,45.6,-59.8,0.0,0.0,-0.2,34.4,56.0,-22.0,40.1,-39.4,0.36,0.55,General Watchlist,Low Priority / Avoid,Watchlist / Research Later,Business Quality Risk,Strong cash-flow profile (93.1/100) | FCF yield looks attractive (6.8%) | ROIC proxy is strong (13.88%),No major quant red flag detected.,60+ minutes,Strong free cash flow yield. | Strong ROIC proxy.,100,Yahoo Finance,2026-10-06,2026-10-06 18:51:51,,,1/3,Medium,183.3,75.1,93.8
WYNN,"Wynn Resorts, Limited",Consumer Cyclical,Resorts & Casinos,76.79,78.65,60.44,226.53,P/E (sector median 19x): $78.65 | EV/FCF (sector median 29x): $60.44 | DCF (FCFF/WACC): $226.53,2.4,2.4,81.4,Research only,37.5,F,Tier 4 — Low Priority / Avoid,45.3,37.9,21.6,42.1,37.9,27.4,2.5,26.1,56.1,43.8,70.3,47.3,17.5,0.0,0.0,53.8,40.0,50.0,18.414867,14.903908,0.7336,1.0666277,9.583,36.4,6.02,5.43,6.05,68.3,16.54,24.4,6.42,19.68,32.63,,5.73,,6.9,106.1,,0.912,0.838,0.17,5.66,0.952,37.2,-42.6,1.3,23.98,-16.7,-22.1,-26.7,-37.8,-42.6,-55.2,0.5,0.02,Recovery Candidate,Low Priority / Avoid,High Risk — Needs Confirmation,Momentum Risk,FCF yield looks attractive (6.02%),Financial strength looks weak (17.5/100) | Momentum is weak (0.0/100) | Relative strength is weak (0.0/100),60+ minutes,Strong free cash flow yield. | Financial risk: balance sheet metrics look weak.,88,Yahoo Finance,2026-10-06,2026-10-06 18:51:58,,,2/3,Low,66.0,56.4,100.0
XEL,Xcel Energy Inc.,Utilities,Utilities - Regulated Electric,72.06,51.85,31.9,71.8,P/E (sector median 20x): $71.80 | Dividend (DDM): $31.90,-28.1,-39.0,76.39,Research only,26.6,F,Tier 4 — Low Priority / Avoid,28.3,20.9,31.1,25.8,28.4,7.4,0.0,12.8,27.6,25.0,56.3,26.6,5.8,17.5,0.0,78.9,43.7,50.0,19.743835,15.881498,1.7763,3.0797942,13.766,,-17.57,5.06,15.28,46.83,22.7,41.89,-54.11,32.64,-165.75,9.92,2.37,4.11,-5.1,24.0,173.135,0.701,0.477,0.05,6.47,0.373,20.0,-15.4,3.32,63.7,-5.5,-8.1,-10.1,-8.3,-26.1,-25.7,0.64,0.21,General Watchlist,Low Priority / Avoid,High Risk — Needs Confirmation,Debt / Balance Sheet Risk,No single dominant strength; needs manual research.,Cash-flow profile looks weak (25.0/100) | Growth profile looks weak (26.6/100) | Financial strength looks weak (5.8/100) | Momentum is weak (17.5/100),60+ minutes,Financial risk: balance sheet metrics look weak.,100,Yahoo Finance,2026-10-06,2026-10-06 18:52:05,,,0/2,Medium,61.13,26.8,93.7
XYL,Xylem Inc.,Industrials,Specialty Industrial Machinery,103.7,94.09,22.8,160.89,"P/E (sector median 27x): $115.47 | EV/FCF (sector median 34x): $160.89 | DCF (3-stage, CAPM): $72.70 | Dividend (DDM): $22.80",-9.3,-10.2,109.92,Research only,40.1,F,Tier 4 — Low Priority / Avoid,47.3,35.8,29.0,47.2,40.9,43.1,12.5,34.4,24.0,59.5,64.5,35.1,63.2,6.6,0.0,73.8,56.3,50.0,24.690477,16.651386,1.3219,2.653143,13.113,21.91,4.89,4.05,11.15,39.24,17.0,21.67,12.97,14.26,90.99,9.18,5.11,9.58,1.5,19.5,28.642,1.613,1.161,0.42,0.9,0.991,25.4,-33.1,1.68,39.52,-4.7,-12.4,-18.3,-29.9,-34.3,-47.2,0.57,0.06,General Watchlist,Low Priority / Avoid,Avoid for Now,Momentum Risk,No single dominant strength; needs manual research.,Growth profile looks weak (35.1/100) | Momentum is weak (6.6/100) | Relative strength is weak (0.0/100),60+ minutes,No major signal,100,Yahoo Finance,2026-10-06,2026-10-06 18:52:12,,,2/4,Low,48.82,45.6,97.3
YUM,"Yum! Brands, Inc.",Consumer Cyclical,Restaurants,139.33,170.16,66.38,652.98,P/E (sector median 19x): $150.70 | EV/FCF (sector median 29x): $66.38 | DCF (FCFF/WACC): $189.61 | Dividend (DDM): $652.98,22.1,18.1,162.45,Research only,47.5,F,Tier 4 — Low Priority / Avoid,55.0,45.1,34.4,53.3,48.4,32.7,15.0,34.7,75.7,35.8,48.4,62.9,16.8,13.2,0.0,80.4,72.5,50.0,17.438047,19.984337,1.7545,4.3594713,16.333,60.14,2.19,5.73,25.41,45.31,32.78,35.17,9.55,23.88,40.0,,22.69,,12.2,131.6,,0.592,0.33,0.05,4.15,0.546,23.7,-18.5,2.19,36.78,-6.3,-13.8,-12.3,-4.5,-28.3,-21.9,0.48,0.12,General Watchlist,Low Priority / Avoid,High Risk — Needs Confirmation,Momentum Risk,Strong quality profile (75.7/100) | Fair value upside is positive (22.1%),Cash-flow profile looks weak (35.8/100) | Financial strength looks weak (16.8/100) | Momentum is weak (13.2/100) | Relative strength is weak (0.0/100),60+ minutes,Financial risk: balance sheet metrics look weak.,88,Yahoo Finance,2026-10-06,2026-10-06 18:52:19,,,3/4,Low,85.65,55.7,94.9
ZBRA,Zebra Technologies Corporation,Technology,Communication Equipment,388.78,346.21,152.82,357.74,P/E (sector median 32x): $346.21 | EV/FCF (sector median 33x): $357.74 | DCF (FCFF/WACC): $152.82,-11.0,-12.3,412.11,Research only,49.2,F,Tier 4 — Low Priority / Avoid,50.0,40.0,66.2,41.7,47.6,27.4,17.5,32.1,38.7,40.3,52.9,79.1,29.9,80.0,83.2,32.1,60.2,50.0,35.635197,17.512882,0.6247,3.1457906,17.38,35.68,3.14,2.81,9.22,49.58,21.26,20.25,9.86,16.74,58.91,15.29,7.32,15.75,20.4,121.5,86.23,0.516,0.301,0.05,2.37,1.584,46.0,-52.7,0.0,0.0,10.3,42.6,75.8,28.8,59.8,11.4,0.59,1.0,General Watchlist,Low Priority / Avoid,High Risk — Needs Confirmation,Debt / Balance Sheet Risk,Strong growth profile (79.1/100) | Strong relative strength vs SPY (83.2/100) | ROIC proxy is strong (15.75%),Financial strength looks weak (29.9/100) | Risk profile is elevated (32.1/100),60+ minutes,Strong ROIC proxy. | Outperforming SPY on relative strength. | Financial risk: balance sheet metrics look weak. | Risk warning: volatility/drawdown risk is elevated.,100,Yahoo Finance,2026-10-06,2026-10-06 18:52:26,,,0/3,Medium,84.23,65.8,98.2
ZBH,"Zimmer Biomet Holdings, Inc.",Healthcare,Medical Devices,90.22,114.16,111.85,150.59,P/E (sector median 27x): $111.85 | EV/FCF (sector median 29x): $114.16 | DCF (FCFF/WACC): $150.59,26.5,21.0,108.18,Research only,43.8,F,Tier 4 — Low Priority / Avoid,49.4,41.9,35.6,46.0,44.9,42.8,12.5,36.1,33.6,61.7,79.8,50.2,40.5,28.3,0.0,77.2,53.6,50.0,21.899273,9.951042,0.5712,2.0225308,9.747,22.96,6.23,4.57,9.48,69.52,17.96,29.67,12.6,20.49,61.5,6.41,3.88,6.11,4.8,33.8,60.175,1.691,0.741,0.06,2.83,0.485,29.8,-29.0,1.05,23.3,-4.0,1.4,-2.5,-7.7,-18.5,-25.1,0.33,0.47,Recovery Candidate,Low Priority / Avoid,Avoid for Now,Momentum Risk,FCF yield looks attractive (6.23%) | Fair value upside is positive (26.5%),Momentum is weak (28.3/100) | Relative strength is weak (0.0/100),60+ minutes,Strong free cash flow yield.,100,Yahoo Finance,2026-10-06,2026-10-06 18:52:32,,,3/3,High,101.21,56.3,98.4
ZTS,Zoetis Inc.,Healthcare,Drug Manufacturers - Specialty & Generic,70.95,102.23,26.34,165.05,P/E (sector median 27x): $165.05 | EV/FCF (sector median 29x): $112.07 | DCF (FCFF/WACC): $92.39 | Dividend (DDM): $26.34,44.1,30.6,90.82,Research only,52.2,F,Tier 4 — Low Priority / Avoid,60.5,52.7,26.6,69.4,51.5,55.8,37.5,50.6,80.1,82.4,68.0,26.6,44.0,11.5,0.0,44.4,60.1,50.0,11.669408,10.841031,6.6639,3.0780277,9.121,18.39,6.88,8.57,27.68,71.74,40.72,42.69,21.18,29.82,71.02,64.91,15.35,,-0.2,1.2,293.996,3.084,1.575,0.18,1.86,0.74,32.4,-63.3,2.97,33.88,-3.6,-4.8,-40.1,-50.3,-56.1,-67.7,0.41,0.02,General Watchlist,Low Priority / Avoid,Avoid for Now,Momentum Risk,Strong cash-flow profile (82.4/100) | Strong quality profile (80.1/100) | FCF yield looks attractive (6.88%) | Fair value upside is positive (44.1%),Growth profile looks weak (26.6/100) | Momentum is weak (11.5/100) | Relative strength is weak (0.0/100) | Debt/equity is high,60+ minutes,Strong free cash flow yield.,100,Yahoo Finance,2026-10-06,2026-10-06 18:52:39,,,3/4,Low,111.82,49.3,96.4
MMM,3M Company,Industrials,Conglomerates,162.66,166.4,44.92,380.42,"P/E (sector median 27x): $154.79 | EV/FCF (sector median 34x): $380.42 | DCF (3-stage, CAPM): $178.01 | Dividend (DDM): $44.92",2.3,2.2,172.42,Research only,61.0,D-,Tier 3 — Watchlist Only,69.0,57.0,44.9,73.6,60.2,51.6,27.5,49.4,89.3,89.3,66.4,56.3,29.8,40.7,22.8,59.8,70.3,50.0,28.891651,16.554125,1.6065,3.3315096,14.227,14.54,7.57,3.46,11.9,39.41,20.35,25.77,25.22,19.46,129.62,81.89,8.74,37.46,2.5,32.8,437.937,1.24,0.811,0.4,1.21,1.058,27.8,-18.8,1.91,53.64,-1.1,3.7,9.1,6.7,-5.8,-10.7,0.62,0.53,General Watchlist,Watchlist Only,High Risk — Needs Confirmation,Debt / Balance Sheet Risk,Strong cash-flow profile (89.3/100) | Strong quality profile (89.3/100) | FCF yield looks attractive (7.57%) | ROIC proxy is strong (37.46%),Financial strength looks weak (29.8/100) | Relative strength is weak (22.8/100) | Debt/equity is high,60+ minutes,Strong free cash flow yield. | Strong ROIC proxy. | Financial risk: balance sheet metrics look weak.,100,Yahoo Finance,2026-10-07,2026-10-07 19:17:15,162.66,28.9,2/4,Low,267.85,54.7,87.2
AOS,A.O. Smith Corporation,Industrials,Specialty Industrial Machinery,55.34,70.98,14.22,110.8,"P/E (sector median 27x): $98.70 | EV/FCF (sector median 34x): $110.80 | DCF (3-stage, CAPM): $43.26 | Dividend (DDM): $14.22",28.3,22.0,67.07,Research only,41.7,F,Tier 4 — Low Priority / Avoid,47.4,40.8,26.7,51.1,42.6,45.2,12.5,36.2,47.0,64.8,76.7,14.8,58.8,12.7,0.0,69.2,33.6,50.0,15.416435,13.544004,1.3656,1.9768877,10.5,16.98,6.44,6.49,13.15,38.59,18.93,20.6,12.74,18.19,70.0,27.13,12.54,24.34,-0.7,-15.0,36.766,1.594,0.976,0.27,0.63,1.11,25.9,-34.6,2.53,39.55,-4.3,-7.9,-16.8,-20.8,-31.6,-38.2,0.56,0.0,Recovery Candidate,Low Priority / Avoid,Avoid for Now,Momentum Risk,FCF yield looks attractive (6.44%) | ROIC proxy is strong (24.34%) | Fair value upside is positive (28.3%),Growth profile looks weak (14.8/100) | Momentum is weak (12.7/100) | Relative strength is weak (0.0/100),60+ minutes,Strong free cash flow yield. | Strong ROIC proxy.,100,Yahoo Finance,2026-10-07,2026-10-07 19:17:22,103.71,28.9,2/4,Low,115.56,47.2,100.0
ABT,Abbott Laboratories,Healthcare,Medical Devices,98.91,116.48,84.16,543.96,P/E (sector median 27x): $84.16 | EV/FCF (sector median 29x): $104.79 | DCF (FCFF/WACC): $128.17 | Dividend (DDM): $543.96,17.8,15.1,112.09,Research only,38.3,F,Tier 4 — Low Priority / Avoid,42.9,36.3,31.6,40.7,39.6,38.3,0.0,29.1,30.6,58.6,50.8,37.3,41.6,25.8,0.0,73.9,35.3,50.0,31.904839,16.305916,1.8991,3.6737912,16.918,27.41,4.21,3.13,11.65,56.85,14.71,25.07,15.48,21.26,72.78,10.58,5.33,6.92,13.0,-47.5,63.212,1.376,0.797,0.17,2.32,0.583,24.7,-39.6,2.57,78.71,-6.0,6.0,-2.4,-23.9,-17.3,-41.3,0.53,0.34,General Watchlist,Low Priority / Avoid,Avoid for Now,Momentum Risk,Fair value upside is positive (17.8%),Growth profile looks weak (37.3/100) | Momentum is weak (25.8/100) | Relative strength is weak (0.0/100),60+ minutes,No major signal,100,Yahoo Finance,2026-10-07,2026-10-07 19:17:28,98.91,31.9,3/4,Low,67.6,52.1,72.4
ABBV,AbbVie Inc.,Healthcare,Drug Manufacturers - General,271.76,305.14,96.37,1506.26,"P/E (sector median 27x): $96.37 | EV/FCF (sector median 29x): $248.60 | DCF (FCFF/WACC): $361.68 | Dividend (DDM): $1,506.26",12.3,10.9,296.8,Research only,57.3,F,Tier 4 — Low Priority / Avoid,58.5,47.5,67.0,58.6,57.3,45.7,40.0,47.6,56.4,72.9,51.8,72.2,27.1,65.0,67.9,77.3,76.1,50.0,76.55212,16.71164,0.5421,7.458637,17.412,31.75,3.51,1.31,9.8,72.79,40.03,47.78,26.2,30.3,86.48,,10.51,,10.2,290.4,,0.809,0.49,0.09,2.09,0.228,27.2,-20.7,2.59,190.4,8.3,10.3,29.9,20.3,15.0,2.9,0.69,1.0,General Watchlist,Low Priority / Avoid,High Risk — Needs Confirmation,Debt / Balance Sheet Risk,Fair value upside is positive (12.3%),Financial strength looks weak (27.1/100),60+ minutes,Financial risk: balance sheet metrics look weak.,88,Yahoo Finance,2026-10-07,2026-10-07 19:17:35,113.26,31.9,2/4,Low,195.79,62.7,20.2
ACN,Accenture plc,Technology,Information Technology Services,197.91,372.4,206.1,618.19,"P/E (sector median 32x): $430.30 | EV/FCF (sector median 33x): $618.19 | DCF (3-stage, CAPM): $314.50 | Dividend (DDM): $206.10",88.2,46.9,253.32,Research only,57.5,F,Tier 4 — Low Priority / Avoid,64.0,54.5,45.1,66.6,56.6,59.8,37.5,53.4,55.5,78.4,84.5,51.9,73.9,58.1,12.2,50.1,64.3,50.0,14.594764,12.406196,1.3333,1.632526,8.353,10.51,9.23,6.85,11.28,32.05,15.33,18.96,15.07,16.67,90.44,26.02,10.53,27.25,6.2,46.4,40.283,1.427,1.308,0.96,0.04,1.102,39.4,-68.2,3.54,50.88,12.6,46.3,7.7,-19.6,-7.2,-37.0,0.48,0.47,General Watchlist,Low Priority / Avoid,Watchlist / Research Later,News / Sentiment Risk,Strong cash-flow profile (78.4/100) | FCF yield looks attractive (9.23%) | ROIC proxy is strong (27.25%) | Fair value upside is positive (88.2%),Relative strength is weak (12.2/100),30 minutes,Strong free cash flow yield. | Strong ROIC proxy.,100,Yahoo Finance,2026-10-07,2026-10-07 19:17:42,524.04,38.6,4/4,Low,82.74,60.3,80.9
ADBE,Adobe Inc.,Technology,Software - Application,232.86,568.34,284.83,761.46,"P/E (sector median 32x): $568.34 | EV/FCF (sector median 33x): $761.46 | DCF (3-stage, CAPM): $284.83",144.1,59.0,298.06,Research only,65.8,D,Tier 3 — Watchlist Only,77.5,66.6,33.4,85.1,64.3,68.4,37.5,60.7,98.6,96.5,93.5,56.6,55.8,25.0,2.2,42.4,76.8,50.0,13.001676,8.414615,0.5816,3.4897618,9.461,10.04,10.31,7.69,28.05,89.25,34.82,38.19,35.98,41.61,86.48,61.9,20.08,55.58,12.9,10.5,57.693,0.77,0.65,0.83,0.12,1.415,37.2,-65.0,0.0,0.0,-8.6,4.1,1.3,-33.1,-13.6,-50.5,0.95,0.24,"Recovery Candidate, Healthy Business",Watchlist Only,Watchlist / Research Later,Momentum Risk,High business health (85.1/100) | Strong cash-flow profile (96.5/100) | Strong quality profile (98.6/100) | FCF yield looks attractive (10.31%) | ROIC proxy is strong (55.58%),Momentum is weak (25.0/100) | Relative strength is weak (2.2/100),60+ minutes,Stock health is strong. | Strong free cash flow yield. | Strong ROIC proxy.,100,Yahoo Finance,2026-10-07,2026-10-07 19:17:49,692.13,38.6,3/3,Low,133.03,79.2,86.0
AMD,"Advanced Micro Devices, Inc.",Technology,Semiconductors,640.8,124.39,49.5,176.92,"P/E (sector median 32x): $124.39 | EV/FCF (sector median 33x): $176.92 | DCF (3-stage, CAPM): $49.50",-80.6,-415.1,679.25,Research only,60.6,D-,Tier 3 — Watchlist Only,64.0,49.0,71.9,59.9,57.5,49.1,40.0,49.6,33.7,53.2,20.1,95.5,98.6,83.8,100.0,20.1,75.2,50.0,163.4702,40.758663,0.626,25.326117,109.948,118.91,0.85,0.61,15.58,55.72,17.25,23.15,21.41,24.4,87.71,10.2,5.13,9.64,50.1,159.5,6.361,2.609,1.688,3.07,-0.92,2.454,63.2,-54.7,0.0,0.0,23.0,14.9,170.8,203.0,155.9,185.6,0.71,0.98,General Watchlist,Watchlist Only,High Risk — Needs Confirmation,Valuation Risk,Strong growth profile (95.5/100) | Strong relative strength vs SPY (100.0/100),Valuation may be stretched (20.1/100) | Risk profile is elevated (20.1/100),60+ minutes,Outperforming SPY on relative strength. | Valuation risk: stock may be expensive. | Risk warning: volatility/drawdown risk is elevated.,100,Yahoo Finance,2026-10-07,2026-10-07 19:17:55,151.49,38.6,0/3,Low,111.74,74.8,0.0
AES,The AES Corporation,Utilities,Utilities - Diversified,14.91,61.71,52.52,70.91,P/E (sector median 20x): $52.52 | Dividend (DDM): $70.91,313.8,75.8,19.09,Research only,29.0,F,Tier 4 — Low Priority / Avoid,29.5,27.8,36.5,19.8,29.4,0.9,0.0,11.8,15.7,25.0,76.1,56.7,0.0,40.2,19.9,39.5,40.1,50.0,5.586142,6.291921,0.81,0.8151477,12.193,,-29.03,17.9,14.34,20.27,18.67,31.18,-23.66,38.55,-61.39,9.57,2.96,5.34,19.9,,256.886,0.746,0.45,0.06,7.64,0.954,41.3,-46.1,4.71,26.36,0.6,2.1,6.0,8.7,-8.8,-8.7,0.57,0.5,Recovery Candidate,Low Priority / Avoid,High Risk — Needs Confirmation,Debt / Balance Sheet Risk,Fair value upside is positive (313.8%),Cash-flow profile looks weak (25.0/100) | Financial strength looks weak (0.0/100) | Relative strength is weak (19.9/100) | Risk profile is elevated (39.5/100),60+ minutes,Financial risk: balance sheet metrics look weak. | Risk warning: volatility/drawdown risk is elevated.,94,Yahoo Finance,2026-10-07,2026-10-07 19:18:02,52.8,19.8,2/2,High,667.87,33.8,99.6
AFL,AFLAC Incorporated,Financial Services,Insurance - Life,112.61,132.8,32.28,169.33,P/E (sector median 14x): $132.80 | P/B (justified): $169.33 | Dividend (DDM): $32.28,17.9,15.2,127.75,Research only,61.0,D-,Tier 3 — Watchlist Only,69.4,56.4,43.7,74.8,61.6,61.0,37.5,55.4,74.1,88.4,82.9,51.0,49.4,28.3,5.1,92.0,84.5,50.0,12.108065,14.859304,1.18,3.1243434,10.587,12.46,9.13,8.26,26.91,50.89,25.72,33.57,28.51,14.65,194.64,16.91,3.13,9.79,-1.0,46.8,53.365,0.892,0.783,0.55,1.19,0.556,19.6,-13.7,2.15,25.59,-1.9,-7.2,0.6,1.8,-14.3,-15.6,0.29,0.36,Recovery Candidate,Watchlist Only,Watchlist / Research Later,Momentum Risk,Strong cash-flow profile (88.4/100) | FCF yield looks attractive (9.13%) | Fair value upside is positive (17.9%),Momentum is weak (28.3/100) | Relative strength is weak (5.1/100),60+ minutes,Strong free cash flow yield.,100,Yahoo Finance,2026-10-07,2026-10-07 19:18:09,129.45,13.9,2/3,Low,86.46,57.8,91.8
A,"Agilent Technologies, Inc.",Healthcare,Diagnostics & Research,169.49,104.13,59.52,137.63,"P/E (sector median 27x): $137.63 | EV/FCF (sector median 29x): $104.13 | DCF (3-stage, CAPM): $59.52",-38.6,-62.8,179.65,Research only,58.7,F,Tier 4 — Low Priority / Avoid,60.3,46.7,69.3,62.0,57.6,56.0,50.0,53.8,76.0,44.9,35.4,46.7,65.5,82.5,78.3,61.3,55.2,50.0,33.428993,25.078756,1.3652,6.482498,24.1,47.27,2.22,2.99,19.53,53.65,25.56,28.21,14.38,21.83,65.9,20.97,8.63,15.26,8.1,8.5,56.336,2.05,1.414,0.42,1.15,1.208,32.2,-34.8,0.6,19.98,17.3,26.4,47.4,23.2,32.5,5.8,0.63,0.92,General Watchlist,Low Priority / Avoid,Watchlist / Research Later,Valuation Risk,Strong quality profile (76.0/100) | Strong relative strength vs SPY (78.3/100) | ROIC proxy is strong (15.26%),Valuation may be stretched (35.4/100),30 minutes,Strong ROIC proxy. | Outperforming SPY on relative strength.,100,Yahoo Finance,2026-10-07,2026-10-07 19:18:16,161.76,31.9,0/3,Medium,85.73,56.0,93.3
APD,"Air Products and Chemicals, Inc",Basic Materials,Specialty Chemicals,279.21,214.98,214.98,214.98,Dividend (DDM): $214.98,-23.0,-29.9,295.97,Research only,26.9,F,Tier 4 — Low Priority / Avoid,29.0,22.0,32.1,23.0,28.5,9.7,0.0,13.9,17.3,25.0,45.9,33.0,24.6,24.9,7.6,72.5,28.9,50.0,,19.335697,2.0651,4.933788,17.746,,-2.41,,-0.38,32.06,25.54,36.92,-11.88,36.27,-32.76,0.02,4.73,8.16,4.6,,110.091,1.085,0.752,0.05,3.71,0.761,25.3,-30.4,2.58,75.66,-4.8,-6.2,-5.0,5.8,-19.9,-11.6,0.44,0.62,General Watchlist,Low Priority / Avoid,High Risk — Needs Confirmation,Business Quality Risk,No single dominant strength; needs manual research.,Cash-flow profile looks weak (25.0/100) | Growth profile looks weak (33.0/100) | Financial strength looks weak (24.6/100) | Momentum is weak (24.9/100),60+ minutes,Financial risk: balance sheet metrics look weak.,88,Yahoo Finance,2026-10-07,2026-10-07 19:18:23,,,0/1,Low,75.44,27.7,90.8
ABNB,"Airbnb, Inc.",Consumer Cyclical,Travel Services,160.52,82.53,80.81,173.53,"P/E (sector median 19x): $82.53 | EV/FCF (sector median 29x): $173.53 | DCF (3-stage, CAPM): $80.81",-48.6,-94.5,170.15,Research only,68.0,D+,Tier 3 — Watchlist Only,76.4,60.3,61.0,74.5,66.6,68.8,62.5,66.4,80.3,68.8,36.9,82.1,74.9,53.2,71.2,60.1,71.3,50.0,36.564922,25.93722,1.4191,7.3042846,30.783,26.5,3.34,2.73,20.45,82.9,21.01,20.98,24.37,36.93,65.99,34.54,6.14,,16.5,33.4,32.004,1.408,0.679,4.84,-3.47,1.244,37.5,-34.5,0.0,0.0,-5.4,8.0,24.3,33.9,9.4,16.5,0.3,0.62,General Watchlist,Watchlist Only,Watchlist / Research Later,Valuation Risk,Strong quality profile (80.3/100) | Strong growth profile (82.1/100),Valuation may be stretched (36.9/100),30 minutes,No major signal,100,Yahoo Finance,2026-10-07,2026-10-07 19:18:30,86.9,19.8,1/3,Medium,92.63,78.2,85.1
AKAM,"Akamai Technologies, Inc.",Technology,Software - Infrastructure,105.31,113.69,87.58,167.15,P/E (sector median 32x): $87.58 | EV/FCF (sector median 33x): $113.69 | DCF (FCFF/WACC): $167.15,8.0,7.4,111.63,Research only,30.6,F,Tier 4 — Low Priority / Avoid,32.0,28.6,34.4,25.8,31.1,24.5,0.0,20.7,5.5,61.1,49.4,32.5,25.5,27.3,36.1,47.4,17.5,50.0,38.157608,15.376361,1.4374,3.5012946,19.996,30.41,4.69,2.62,9.51,57.45,7.63,24.98,16.43,33.48,49.06,8.92,2.52,2.43,5.4,-26.8,196.672,1.637,1.517,0.36,5.54,0.616,51.8,-36.1,0.0,0.0,-4.9,-16.5,-3.9,37.5,-18.8,20.1,0.57,0.37,General Watchlist,Low Priority / Avoid,High Risk — Needs Confirmation,Business Quality Risk,No single dominant strength; needs manual research.,Growth profile looks weak (32.5/100) | Financial strength looks weak (25.5/100) | Momentum is weak (27.3/100) | Relative strength is weak (36.1/100),60+ minutes,Financial risk: balance sheet metrics look weak.,100,Yahoo Finance,2026-10-07,2026-10-07 19:18:36,106.66,38.6,2/3,Medium,129.15,37.2,98.8
ALB,Albemarle Corporation,Basic Materials,Specialty Chemicals,103.28,103.62,7.86,333.73,"P/E (sector median 29x): $7.86 | EV/FCF (sector median 37x): $333.73 | DCF (3-stage, CAPM): $151.73 | Dividend (DDM): $55.50",0.3,0.3,109.48,Research only,58.4,F,Tier 4 — Low Priority / Avoid,72.7,60.4,28.3,67.7,57.0,57.5,40.0,55.0,52.8,90.9,74.4,81.0,78.4,10.7,16.2,36.4,54.1,50.0,382.5185,9.144299,0.7941,2.0629249,10.395,11.55,10.95,0.26,3.79,23.96,27.71,25.09,22.59,30.47,74.12,2.65,3.16,15.38,31.1,,18.976,2.086,1.248,0.82,0.25,1.359,58.0,-54.0,1.54,600.0,-17.7,-17.8,-39.7,15.4,-54.6,-2.0,0.46,0.12,Recovery Candidate,Low Priority / Avoid,High Risk — Needs Confirmation,Momentum Risk,Strong cash-flow profile (90.9/100) | Strong growth profile (81.0/100) | FCF yield looks attractive (10.95%) | ROIC proxy is strong (15.38%),Momentum is weak (10.7/100) | Relative strength is weak (16.2/100) | Risk profile is elevated (36.4/100),60+ minutes,Strong free cash flow yield. | Strong ROIC proxy. | Risk warning: volatility/drawdown risk is elevated.,94,Yahoo Finance,2026-10-07,2026-10-07 19:18:43,,,2/4,Low,36.05,66.0,99.3
ARE,Alexandria Real Estate Equities,Real Estate,REIT - Office,45.34,73.38,27.9,126.01,EV/FCF (sector median 29x): $73.38 | DCF (FCFF/WACC): $126.01 | Dividend (DDM): $27.90,61.8,38.2,58.04,Research only,49.8,F,Tier 4 — Low Priority / Avoid,56.8,50.8,29.5,61.3,49.4,54.6,12.5,42.9,52.7,96.8,61.5,30.1,47.6,19.9,9.6,45.2,45.7,50.0,,-55.975307,3.24,2.7471485,13.648,18.08,17.24,,-36.08,68.2,17.28,62.74,47.35,45.05,105.12,-4.08,0.93,1.37,-11.9,,68.67,2.35,1.977,0.04,7.13,1.178,40.0,-63.9,6.27,689.47,-8.6,-3.9,6.0,-38.5,-8.9,-55.8,0.68,0.18,General Watchlist,Low Priority / Avoid,Avoid for Now,Momentum Risk,Strong cash-flow profile (96.8/100) | FCF yield looks attractive (17.24%) | Fair value upside is positive (61.8%),Growth profile looks weak (30.1/100) | Momentum is weak (19.9/100) | Relative strength is weak (9.6/100),60+ minutes,Strong free cash flow yield.,88,Yahoo Finance,2026-10-07,2026-10-07 19:18:50,,,2/3,Low,1389.99,48.4,100.0
ALGN,"Align Technology, Inc.",Healthcare,Medical Instruments & Supplies,139.59,156.09,86.54,265.68,"P/E (sector median 27x): $156.09 | EV/FCF (sector median 29x): $265.68 | DCF (3-stage, CAPM): $86.54",11.8,10.6,151.97,Research only,48.1,F,Tier 4 — Low Priority / Avoid,57.8,48.3,23.7,61.7,47.3,46.9,27.5,43.4,60.8,67.2,80.6,27.4,82.8,9.7,8.6,38.7,35.2,50.0,24.277391,11.18582,0.6239,2.3956354,9.795,15.26,5.99,4.12,9.99,70.74,18.25,22.36,14.35,18.26,78.62,10.15,7.56,18.43,4.3,-12.1,2.855,1.395,1.204,9.12,-1.06,1.673,46.9,-48.1,0.0,0.0,-8.7,-22.2,-20.0,7.0,-34.9,-10.4,0.4,0.19,Recovery Candidate,Low Priority / Avoid,High Risk — Needs Confirmation,Momentum Risk,FCF yield looks attractive (5.99%) | ROIC proxy is strong (18.43%) | Fair value upside is positive (11.8%),Growth profile looks weak (27.4/100) | Momentum is weak (9.7/100) | Relative strength is weak (8.6/100) | Risk profile is elevated (38.7/100),60+ minutes,Strong ROIC proxy. | Risk warning: volatility/drawdown risk is elevated.,100,Yahoo Finance,2026-10-07,2026-10-07 19:18:57,183.45,31.9,2/3,Low,106.6,60.7,99.7
ALLE,Allegion plc,Industrials,Security & Protection Services,146.83,209.77,160.15,216.42,P/E (sector median 27x): $209.77 | EV/FCF (sector median 34x): $160.15 | DCF (FCFF/WACC): $216.42,42.9,30.0,187.94,Research only,54.5,F,Tier 4 — Low Priority / Avoid,62.4,53.0,37.7,63.3,54.8,50.3,12.5,43.1,88.0,47.6,56.1,51.9,47.6,35.9,2.0,71.2,55.2,50.0,19.243774,15.0099,2.0408,2.9114962,14.39,31.17,3.88,5.2,15.36,44.8,22.1,24.47,11.3,17.94,62.97,33.73,11.03,18.63,12.7,16.2,104.895,1.93,1.133,0.14,1.81,0.823,26.5,-29.8,1.42,27.79,-2.9,7.8,1.1,-16.1,-13.7,-33.5,1.03,0.42,General Watchlist,Low Priority / Avoid,Avoid for Now,Momentum Risk,Strong quality profile (88.0/100) | ROIC proxy is strong (18.63%) | Fair value upside is positive (42.9%),Momentum is weak (35.9/100) | Relative strength is weak (2.0/100),60+ minutes,Strong ROIC proxy.,100,Yahoo Finance,2026-10-07,2026-10-07 19:19:04,220.44,28.9,3/3,High,47.58,59.4,99.2
LNT,Alliant Energy Corporation,Utilities,Utilities - Regulated Electric,65.42,47.99,33.24,62.75,P/E (sector median 20x): $62.75 | Dividend (DDM): $33.24,-26.6,-36.3,69.35,Research only,23.4,F,Tier 4 — Low Priority / Avoid,24.1,18.1,28.9,21.9,25.4,5.2,0.0,10.8,27.8,22.4,51.9,13.3,7.4,17.3,1.5,79.6,25.6,50.0,20.509405,17.743673,1.96,3.8301427,15.896,,-6.71,4.88,18.45,44.5,19.05,41.3,-25.71,26.15,-98.33,11.13,2.45,3.4,1.0,-4.0,160.951,0.466,0.173,0.0,6.61,0.515,18.0,-18.4,3.27,65.98,-3.6,-13.7,-9.9,-0.9,-24.8,-18.3,0.5,0.16,General Watchlist,Low Priority / Avoid,High Risk — Needs Confirmation,Debt / Balance Sheet Risk,No single dominant strength; needs manual research.,Cash-flow profile looks weak (22.4/100) | Growth profile looks weak (13.3/100) | Financial strength looks weak (7.4/100) | Momentum is weak (17.3/100),60+ minutes,Financial risk: balance sheet metrics look weak.,100,Yahoo Finance,2026-10-07,2026-10-07 19:19:11,63.1,19.8,0/2,Medium,65.66,23.6,98.5
ALL,Allstate Corporation (The),Financial Services,Insurance - Property & Casualty,224.75,713.71,623.96,928.24,P/E (sector median 14x): $713.71 | P/B (justified): $623.96 | Dividend (DDM): $928.24,217.6,68.5,287.67,Research only,70.3,C-,Tier 3 — Watchlist Only,81.4,68.3,44.9,84.9,70.4,70.5,50.0,66.1,99.0,88.5,90.5,69.9,58.7,23.6,18.9,88.9,81.7,50.0,4.496699,8.0338,1.6878,0.81025076,3.533,3.99,26.67,22.24,18.97,36.8,22.83,24.4,21.61,17.78,121.57,46.11,8.68,37.94,11.8,61.2,22.261,0.363,0.243,0.76,0.1,0.138,25.7,-19.0,1.93,8.32,-11.4,-10.3,5.8,8.2,-9.1,-9.2,0.41,0.44,"Long-Term Compounder, Recovery Candidate, Healthy Business",Watchlist Only,Watchlist / Research Later,Momentum Risk,Strong investment score (81.4/100) | High business health (84.9/100) | Strong cash-flow profile (88.5/100) | Strong quality profile (99.0/100) | FCF yield looks attractive (26.67%),Momentum is weak (23.6/100) | Relative strength is weak (18.9/100),45 minutes,Strong free cash flow yield. | Strong ROIC proxy.,100,Yahoo Finance,2026-10-07,2026-10-07 19:19:18,695.66,13.9,3/3,High,62.91,71.7,91.8
GOOGL,Alphabet Inc.,Communication Services,Internet Content & Information,348.95,219.68,49.66,4000.76,"P/E (sector median 20x): $389.24 | EV/FCF (sector median 26x): $49.66 | DCF (3-stage, CAPM): $50.12 | Dividend (DDM): $4,000.76",-37.0,-58.8,369.89,Research only,59.8,F,Tier 4 — Low Priority / Avoid,67.2,49.6,58.0,65.4,58.9,51.0,15.0,44.6,68.0,27.1,43.3,85.7,100.0,50.9,55.9,67.8,74.1,50.0,17.509031,23.15324,1.2549,9.571703,23.957,183.03,0.53,5.71,54.77,60.9,34.03,38.84,5.08,41.64,12.21,48.68,12.96,23.94,24.2,294.0,18.859,2.724,2.471,2.01,-0.7,1.211,31.9,-29.8,25.0,4.26,5.5,-2.2,9.7,42.4,-5.2,25.0,0.5,0.68,General Watchlist,Low Priority / Avoid,Watchlist / Research Later,Cash Flow Risk,Strong growth profile (85.7/100) | ROIC proxy is strong (23.94%),Cash-flow profile looks weak (27.1/100),60+ minutes,Strong ROIC proxy.,100,Yahoo Finance,2026-10-07,2026-10-07 19:19:25,347.37,17.4,2/4,Low,67.24,79.0,0.0
GOOG,Alphabet Inc.,Communication Services,Internet Content & Information,345.79,50.12,49.67,389.24,"P/E (sector median 20x): $389.24 | EV/FCF (sector median 26x): $49.67 | DCF (3-stage, CAPM): $50.12",-85.5,-590.0,366.54,Research only,59.7,F,Tier 4 — Low Priority / Avoid,67.1,49.5,57.3,65.4,58.8,50.8,15.0,44.5,68.0,27.1,44.2,85.4,100.0,50.0,53.6,68.3,74.1,50.0,17.350225,22.943243,1.1971,9.484889,23.739,181.37,0.54,5.76,54.77,60.9,34.03,38.84,5.08,41.64,12.21,48.68,12.96,23.94,24.2,294.0,18.859,2.724,2.471,2.01,-0.7,1.211,31.4,-29.4,0.26,4.26,5.3,-2.5,9.4,40.3,-5.4,22.9,0.44,0.67,General Watchlist,Low Priority / Avoid,Watchlist / Research Later,Cash Flow Risk,Strong growth profile (85.4/100) | ROIC proxy is strong (23.94%),Cash-flow profile looks weak (27.1/100),60+ minutes,Strong ROIC proxy.,100,Yahoo Finance,2026-10-07,2026-10-07 19:19:31,347.37,17.4,1/3,Low,67.24,79.0,0.0
MO,"Altria Group, Inc.",Consumer Defensive,Tobacco,69.56,105.72,72.41,110.21,"P/E (sector median 23x): $108.76 | EV/FCF (sector median 24x): $110.21 | DCF (3-stage, CAPM): $102.68 | Dividend (DDM): $72.41",52.0,34.2,89.04,Research only,60.0,D-,Tier 3 — Watchlist Only,64.8,55.8,47.9,73.6,60.4,51.3,27.5,48.7,86.0,96.1,71.7,33.3,30.4,41.4,22.8,82.0,66.7,50.0,14.64421,11.862149,2.6418,5.6812453,8.672,15.14,7.78,6.83,39.0,87.01,76.36,77.11,44.19,46.02,96.02,,29.54,,1.2,-2.7,,0.518,0.344,0.1,1.41,0.461,23.0,-16.4,6.48,89.26,4.1,-1.6,6.3,11.4,-8.6,-6.0,0.49,0.81,Recovery Candidate,Watchlist Only,High Risk — Needs Confirmation,Debt / Balance Sheet Risk,Strong cash-flow profile (96.1/100) | Strong quality profile (86.0/100) | FCF yield looks attractive (7.78%) | Fair value upside is positive (52.0%),Growth profile looks weak (33.3/100) | Financial strength looks weak (30.4/100) | Relative strength is weak (22.8/100),60+ minutes,Strong free cash flow yield. | Financial risk: balance sheet metrics look weak.,88,Yahoo Finance,2026-10-07,2026-10-07 19:19:38,,,4/4,High,107.17,57.1,81.7
AMZN,"Amazon.com, Inc.",Consumer Cyclical,Internet Retail,259.56,8.27,6.85,233.68,"P/E (sector median 19x): $233.68 | EV/FCF (sector median 29x): $8.27 | DCF (3-stage, CAPM): $6.85",-96.8,-3036.9,275.13,Research only,44.6,F,Tier 4 — Low Priority / Avoid,48.9,36.6,47.3,46.0,44.3,32.8,2.5,29.1,60.6,14.7,42.5,69.2,53.6,48.5,35.3,57.9,52.0,50.0,20.880932,24.79833,1.4781,3.6093433,17.128,898.71,0.11,4.79,17.44,50.77,13.69,21.78,0.42,20.81,1.99,30.56,6.59,12.33,19.6,242.3,45.617,1.033,0.843,0.49,0.76,1.456,33.9,-30.9,0.0,0.0,2.8,5.8,11.1,17.0,-3.8,-0.4,0.7,0.71,General Watchlist,Low Priority / Avoid,Avoid for Now,Cash Flow Risk,ROIC proxy is strong (12.33%),Cash-flow profile looks weak (14.7/100) | Relative strength is weak (35.3/100),60+ minutes,Strong ROIC proxy.,100,Yahoo Finance,2026-10-07,2026-10-07 19:19:45,246.06,19.8,0/3,Low,3.64,61.0,0.0
AMCR,Amcor plc,Consumer Cyclical,Packaging & Containers,41.39,75.0,44.74,550.95,P/E (sector median 19x): $44.74 | EV/FCF (sector median 29x): $53.51 | DCF (FCFF/WACC): $96.49 | Dividend (DDM): $550.95,81.2,44.8,52.98,Research only,44.4,F,Tier 4 — Low Priority / Avoid,49.8,44.6,37.7,41.4,45.4,33.2,15.0,33.8,42.6,56.1,81.6,67.3,21.1,32.0,15.3,70.5,41.4,50.0,17.391174,9.566479,0.9797,0.81342614,9.426,22.16,7.87,5.75,4.71,19.95,9.69,15.04,6.4,9.15,69.92,9.4,3.57,6.97,25.9,,128.294,1.254,0.639,0.07,3.97,0.576,28.7,-29.9,6.22,108.72,-4.0,-2.8,2.2,10.3,-12.7,-7.1,0.47,0.45,Recovery Candidate,Low Priority / Avoid,High Risk — Needs Confirmation,Debt / Balance Sheet Risk,FCF yield looks attractive (7.87%) | Fair value upside is positive (81.2%),Financial strength looks weak (21.1/100) | Momentum is weak (32.0/100) | Relative strength is weak (15.3/100),60+ minutes,Strong free cash flow yield. | Financial risk: balance sheet metrics look weak.,94,Yahoo Finance,2026-10-07,2026-10-07 19:19:52,47.11,19.8,4/4,Low,121.71,48.4,98.1
AEE,Ameren Corporation,Utilities,Utilities - Regulated Electric,101.69,75.86,40.0,111.73,P/E (sector median 20x): $111.73 | Dividend (DDM): $40.00,-25.4,-34.0,107.79,Research only,32.9,F,Tier 4 — Low Priority / Avoid,35.2,26.8,33.5,36.5,34.4,12.4,0.0,17.0,59.1,25.0,50.8,19.5,7.8,24.2,2.3,81.6,39.7,50.0,17.90317,17.528921,2.5039,3.3470685,12.807,,-6.34,5.59,18.58,52.41,25.24,46.49,-21.24,38.65,-54.94,11.94,3.06,4.73,-6.2,11.9,157.846,0.531,0.259,0.0,5.57,0.451,17.7,-15.6,2.95,51.41,-4.3,-9.3,-9.8,-0.0,-24.7,-17.4,1.18,0.29,General Watchlist,Low Priority / Avoid,High Risk — Needs Confirmation,Debt / Balance Sheet Risk,No single dominant strength; needs manual research.,Cash-flow profile looks weak (25.0/100) | Growth profile looks weak (19.5/100) | Financial strength looks weak (7.8/100) | Momentum is weak (24.2/100),60+ minutes,Financial risk: balance sheet metrics look weak.,100,Yahoo Finance,2026-10-07,2026-10-07 19:19:58,112.37,19.8,1/2,Low,56.39,26.9,96.6
AEP,American Electric Power Company,Utilities,Utilities - Regulated Electric,122.56,466.79,115.27,818.31,P/E (sector median 20x): $115.27 | Dividend (DDM): $818.31,280.9,73.7,156.88,Research only,27.1,F,Tier 4 — Low Priority / Avoid,26.9,24.6,32.9,22.8,29.4,8.2,0.0,13.7,28.5,25.0,52.8,24.1,7.4,24.1,8.6,81.1,25.5,50.0,20.914675,17.874123,2.004,2.9275303,13.331,,-8.99,4.78,13.78,46.35,23.25,39.62,-26.31,33.76,-77.93,10.13,2.98,4.92,7.0,-43.2,160.789,0.504,0.277,0.01,5.86,0.469,19.1,-14.6,3.12,65.51,-1.7,-8.8,-9.3,6.9,-24.2,-10.5,0.42,0.43,General Watchlist,Low Priority / Avoid,High Risk — Needs Confirmation,Debt / Balance Sheet Risk,Fair value upside is positive (280.9%),Cash-flow profile looks weak (25.0/100) | Growth profile looks weak (24.1/100) | Financial strength looks weak (7.4/100) | Momentum is weak (24.1/100),60+ minutes,Financial risk: balance sheet metrics look weak.,100,Yahoo Finance,2026-10-07,2026-10-07 19:20:05,115.93,19.8,1/2,Low,65.26,29.0,90.1
AXP,American Express Company,Financial Services,Credit Services,303.38,244.63,235.33,253.92,P/E (sector median 14x): $235.33 | P/B (justified): $253.92,-19.4,-24.0,321.59,Research only,44.7,F,Tier 4 — Low Priority / Avoid,53.2,41.9,29.0,53.2,44.6,44.3,0.0,33.8,55.0,57.4,64.3,50.0,46.5,17.0,0.0,57.6,51.7,50.0,18.409285,15.046308,1.2238,2.8891582,,,,5.43,16.14,62.34,20.32,0.0,,26.05,,34.38,3.79,23.9,12.8,11.0,172.38,1.553,1.542,0.77,,1.085,29.2,-28.8,1.25,21.48,-5.7,-13.5,-4.3,-6.5,-19.1,-23.9,0.56,0.14,General Watchlist,Low Priority / Avoid,Avoid for Now,Momentum Risk,ROIC proxy is strong (23.9%),Momentum is weak (17.0/100) | Relative strength is weak (0.0/100),60+ minutes,Strong ROIC proxy.,88,Yahoo Finance,2026-10-07,2026-10-07 19:20:12,229.37,13.9,0/2,High,71.53,62.5,66.7
AIG,"American International Group, I",Financial Services,Insurance - Diversified,76.0,74.5,29.02,77.97,P/E (sector median 14x): $77.97 | P/B (justified): $74.50 | Dividend (DDM): $29.02,-2.0,-2.0,80.55,Research only,51.6,F,Tier 4 — Low Priority / Avoid,58.9,47.4,36.9,62.9,52.7,56.1,37.5,49.9,54.2,89.6,95.6,26.0,64.7,30.8,0.0,91.2,43.2,50.0,13.918499,8.646329,0.6373,1.4861165,4.656,5.15,18.53,7.18,11.09,35.09,19.41,30.46,27.54,14.4,191.3,7.22,1.76,10.49,0.5,-10.1,22.466,0.612,0.218,1.15,-0.17,0.528,23.4,-17.0,2.66,33.88,2.0,-3.4,-0.9,-7.4,-15.8,-24.8,0.65,0.38,Recovery Candidate,Low Priority / Avoid,Avoid for Now,Growth Risk,Strong cash-flow profile (89.6/100) | FCF yield looks attractive (18.53%) | ROIC proxy is strong (10.49%),Growth profile looks weak (26.0/100) | Momentum is weak (30.8/100) | Relative strength is weak (0.0/100),60+ minutes,Strong free cash flow yield.,100,Yahoo Finance,2026-10-07,2026-10-07 19:20:19,76.0,13.9,1/3,Low,220.26,48.1,94.6
AMT,American Tower Corporation (REI,Real Estate,REIT - Specialty,167.49,171.32,113.12,207.43,P/E (sector median 29x): $207.43 | EV/FCF (sector median 29x): $113.12 | DCF (FCFF/WACC): $153.11 | Dividend (DDM): $189.52,2.3,2.2,177.54,Research only,49.5,F,Tier 4 — Low Priority / Avoid,56.6,46.5,36.0,58.1,49.3,35.2,2.5,33.0,77.8,63.4,45.0,59.8,0.0,27.6,0.0,59.6,75.1,50.0,23.038515,23.892876,1.6139,7.1328106,17.962,43.33,3.74,4.34,31.08,73.77,45.41,64.38,26.69,52.78,50.56,33.91,4.89,8.36,4.7,138.5,438.721,0.352,0.299,0.04,6.14,0.885,26.4,-27.5,4.35,96.01,-3.5,0.4,-4.1,-6.8,-18.9,-24.2,0.51,0.24,General Watchlist,Low Priority / Avoid,High Risk — Needs Confirmation,Debt / Balance Sheet Risk,Strong quality profile (77.8/100),Financial strength looks weak (0.0/100) | Momentum is weak (27.6/100) | Relative strength is weak (0.0/100) | Debt/equity is high,60+ minutes,Financial risk: balance sheet metrics look weak.,100,Yahoo Finance,2026-10-07,2026-10-07 19:20:26,,,2/4,Medium,148.16,58.0,88.2
AWK,"American Water Works Company, I",Utilities,Utilities - Regulated Water,126.85,201.83,113.5,290.15,P/E (sector median 20x): $113.50 | Dividend (DDM): $290.15,59.1,37.1,162.37,Research only,34.2,F,Tier 4 — Low Priority / Avoid,36.4,31.4,32.6,35.5,35.9,13.8,0.0,18.6,49.4,25.0,47.9,31.7,10.3,18.9,0.0,79.5,49.7,50.0,21.984402,19.319662,2.3575,4.770775,14.173,,-7.08,4.55,21.35,61.47,40.66,55.13,-33.79,44.17,-76.49,10.1,3.52,6.17,6.2,8.6,137.745,0.523,0.396,0.01,5.44,0.569,23.1,-17.7,2.8,58.54,-9.6,-2.3,-7.6,-8.6,-22.5,-26.0,0.63,0.31,General Watchlist,Low Priority / Avoid,High Risk — Needs Confirmation,Debt / Balance Sheet Risk,Fair value upside is positive (59.1%),Cash-flow profile looks weak (25.0/100) | Growth profile looks weak (31.7/100) | Financial strength looks weak (10.3/100) | Momentum is weak (18.9/100),60+ minutes,Financial risk: balance sheet metrics look weak.,100,Yahoo Finance,2026-10-07,2026-10-07 19:20:32,114.15,19.8,1/2,Medium,56.47,38.2,97.1
AMP,"Ameriprise Financial, Inc.",Financial Services,Asset Management,490.0,476.67,359.87,593.48,P/E (sector median 14x): $593.48 | P/B (justified): $359.87,-2.7,-2.8,519.39,Research only,57.6,F,Tier 4 — Low Priority / Avoid,67.7,54.4,37.9,68.9,57.3,60.6,50.0,57.2,76.3,69.3,78.4,52.4,72.7,27.6,16.3,68.4,51.5,50.0,11.790062,9.48048,1.4133,2.1817043,,13.04,6.71,8.48,19.9,54.93,30.72,0.0,14.63,41.42,35.33,63.43,2.28,100.0,11.6,11.7,67.578,2.182,1.314,2.39,,1.156,27.9,-26.4,1.37,15.69,-11.2,-3.0,8.9,-0.3,-6.0,-17.7,0.44,0.44,Recovery Candidate,Low Priority / Avoid,Watchlist / Research Later,Momentum Risk,Strong quality profile (76.3/100) | FCF yield looks attractive (6.71%) | ROIC proxy is strong (100.0%),Momentum is weak (27.6/100) | Relative strength is weak (16.3/100),45 minutes,Strong free cash flow yield. | Strong ROIC proxy.,94,Yahoo Finance,2026-10-07,2026-10-07 19:20:39,578.46,13.9,1/2,Medium,92.46,66.4,94.0
AME,"AMETEK, Inc.",Industrials,Specialty Industrial Machinery,248.55,188.05,173.45,210.2,"P/E (sector median 27x): $188.05 | EV/FCF (sector median 34x): $210.20 | DCF (3-stage, CAPM): $173.45",-24.3,-32.2,263.46,Research only,57.2,F,Tier 4 — Low Priority / Avoid,62.7,48.6,57.7,60.1,57.3,47.9,12.5,42.0,64.6,55.3,22.5,66.7,52.2,53.8,47.2,82.0,66.2,50.0,36.33772,26.024544,2.7999,7.2461143,23.987,40.2,2.62,2.75,20.04,36.91,26.18,31.8,18.98,24.93,76.12,14.56,8.16,12.44,15.0,14.2,20.522,1.214,0.645,0.21,0.73,0.962,23.3,-23.0,0.54,19.01,5.4,6.4,6.8,37.8,-8.1,20.4,0.49,0.88,General Watchlist,Low Priority / Avoid,Watchlist / Research Later,Valuation Risk,ROIC proxy is strong (12.44%),Valuation may be stretched (22.5/100),60+ minutes,Strong ROIC proxy. | Valuation risk: stock may be expensive.,100,Yahoo Finance,2026-10-07,2026-10-07 19:20:46,197.62,28.9,0/3,High,36.84,59.8,91.7
AMGN,Amgen Inc.,Healthcare,Drug Manufacturers - General,411.88,429.35,396.32,2203.56,"P/E (sector median 27x): $437.07 | EV/FCF (sector median 29x): $396.32 | DCF (FCFF/WACC): $421.64 | Dividend (DDM): $2,203.56",4.2,4.1,436.59,Research only,60.3,D-,Tier 3 — Watchlist Only,62.9,50.8,66.3,63.4,59.6,48.1,52.5,52.8,71.6,68.7,48.5,72.8,23.9,64.6,68.8,66.7,81.6,50.0,25.58261,16.829832,2.4515,5.8452687,15.113,30.19,3.88,3.91,22.95,71.89,35.55,45.33,22.69,32.75,69.29,91.47,8.67,19.45,9.5,64.9,490.281,1.371,0.95,0.24,2.51,0.407,28.3,-20.6,2.5,60.87,5.3,14.0,17.4,43.2,2.5,25.8,0.44,0.8,General Watchlist,Watchlist Only,High Risk — Needs Confirmation,Debt / Balance Sheet Risk,ROIC proxy is strong (19.45%),Financial strength looks weak (23.9/100) | Debt/equity is high,30 minutes,Strong ROIC proxy. | Financial risk: balance sheet metrics look weak.,100,Yahoo Finance,2026-10-07,2026-10-07 19:20:53,513.67,31.9,3/4,Low,100.79,69.1,63.7
APH,Amphenol Corporation,Technology,Electronic Components,87.6,47.32,41.17,63.47,"P/E (sector median 32x): $63.47 | EV/FCF (sector median 33x): $47.32 | DCF (3-stage, CAPM): $41.17",-46.0,-85.1,92.86,Research only,67.2,D+,Tier 3 — Watchlist Only,73.2,57.3,68.6,70.9,65.4,61.2,50.0,59.6,100.0,40.8,32.1,91.7,51.3,68.6,83.4,53.3,77.4,50.0,43.8,26.406301,0.9304,7.4459424,24.521,60.77,1.77,2.28,17.73,38.95,29.78,32.62,13.16,20.24,65.03,38.12,14.47,23.63,55.0,59.3,120.415,1.888,1.294,0.29,1.42,1.235,40.5,-28.2,0.56,22.88,7.9,10.3,27.6,41.7,12.8,24.3,0.45,0.97,General Watchlist,Watchlist Only,Watchlist / Research Later,Valuation Risk,Strong quality profile (100.0/100) | Strong growth profile (91.7/100) | Strong relative strength vs SPY (83.4/100) | ROIC proxy is strong (23.63%),Valuation may be stretched (32.1/100),30 minutes,Strong ROIC proxy. | Outperforming SPY on relative strength. | Valuation risk: stock may be expensive.,100,Yahoo Finance,2026-10-07,2026-10-07 19:20:59,77.29,38.6,0/3,High,48.39,73.0,64.9
ADI,"Analog Devices, Inc.",Technology,Semiconductors,406.37,262.69,113.34,267.19,"P/E (sector median 32x): $267.19 | EV/FCF (sector median 33x): $262.69 | DCF (3-stage, CAPM): $113.34",-35.4,-54.7,430.75,Research only,67.1,D+,Tier 3 — Watchlist Only,73.8,57.5,67.6,69.7,65.7,63.2,50.0,60.5,72.2,62.5,32.4,100.0,53.2,64.8,70.8,62.2,91.0,50.0,48.261875,24.856987,0.5757,14.184849,30.425,50.79,2.11,2.07,29.79,65.8,39.5,49.87,29.88,39.95,74.79,12.23,6.41,10.73,39.6,163.5,27.314,1.25,0.834,0.25,0.99,1.231,37.6,-32.2,1.05,49.64,11.3,3.0,16.3,76.0,1.4,58.6,0.37,0.83,General Watchlist,Watchlist Only,Watchlist / Research Later,Valuation Risk,Strong growth profile (100.0/100) | ROIC proxy is strong (10.73%),Valuation may be stretched (32.4/100),30 minutes,Valuation risk: stock may be expensive.,100,Yahoo Finance,2026-10-07,2026-10-07 19:21:06,325.4,38.6,0/3,Medium,153.17,85.8,68.1
AON,Aon plc,Financial Services,Insurance Brokers,271.65,242.7,226.37,259.04,P/E (sector median 14x): $259.04 | P/B (justified): $226.37,-10.7,-11.9,287.95,Research only,47.6,F,Tier 4 — Low Priority / Avoid,55.8,44.8,26.6,63.7,47.8,39.8,27.5,40.3,88.1,70.6,65.2,24.5,21.6,2.8,0.0,67.0,54.7,50.0,14.975193,13.419983,2.2083,3.278368,12.374,22.88,5.54,6.68,22.27,48.15,23.46,33.57,18.15,20.09,90.37,44.7,5.83,13.36,2.2,-3.0,163.481,1.033,0.242,0.07,2.5,0.691,25.0,-33.6,1.2,16.84,-10.8,-23.7,-16.1,-25.6,-31.0,-43.0,0.44,0.02,General Watchlist,Low Priority / Avoid,High Risk — Needs Confirmation,Momentum Risk,Strong quality profile (88.1/100) | FCF yield looks attractive (5.54%) | ROIC proxy is strong (13.36%),Growth profile looks weak (24.5/100) | Financial strength looks weak (21.6/100) | Momentum is weak (2.8/100) | Relative strength is weak (0.0/100),60+ minutes,Strong ROIC proxy. | Financial risk: balance sheet metrics look weak.,100,Yahoo Finance,2026-10-07,2026-10-07 19:21:13,252.48,13.9,0/2,High,83.17,45.0,91.6
APA,APA Corporation,Energy,Oil & Gas E&P,43.89,136.77,80.34,213.21,"P/E (sector median 17x): $80.34 | EV/FCF (sector median 18x): $87.85 | DCF (3-stage, CAPM): $185.70 | Dividend (DDM): $213.21",211.6,67.9,56.18,Research only,69.3,D+,Tier 3 — Watchlist Only,74.7,64.7,63.2,75.2,68.1,69.5,75.0,70.5,86.5,88.4,92.3,72.0,46.0,66.8,67.4,57.3,68.0,50.0,9.27907,9.562509,1.1785,1.7938553,3.463,9.23,13.96,10.78,19.56,78.25,56.33,66.73,25.04,52.82,47.41,26.66,11.6,36.5,9.2,26.3,48.854,0.946,0.692,0.11,0.6,0.421,49.6,-47.1,2.27,21.14,-2.1,32.2,14.2,81.1,-0.7,63.7,0.45,0.87,General Watchlist,Watchlist Only,Watchlist / Research Later,Debt / Balance Sheet Risk,High business health (75.2/100) | Strong cash-flow profile (88.4/100) | Strong quality profile (86.5/100) | FCF yield looks attractive (13.96%) | ROIC proxy is strong (36.5%),No major quant red flag detected.,15 minutes,Strong free cash flow yield. | Strong ROIC proxy.,100,Yahoo Finance,2026-10-07,2026-10-07 19:21:20,,,4/4,Low,37.89,80.1,98.8
APO,"Apollo Global Management, Inc. ",Financial Services,Asset Management,115.18,39.84,29.06,57.46,P/E (sector median 14x): $39.84 | P/B (justified): $29.06 | Dividend (DDM): $57.46,-65.4,-189.1,122.09,Research only,50.2,F,Tier 4 — Low Priority / Avoid,61.2,48.6,33.6,53.8,49.1,43.4,15.0,39.7,39.1,57.7,61.9,83.4,67.3,25.3,13.6,39.7,60.9,50.0,41.283154,10.768582,0.4661,1.9107467,,,,2.42,5.27,36.14,21.95,0.0,,26.61,,11.41,0.94,42.96,63.8,63.7,100.969,1.948,1.897,1.14,,1.58,39.5,-42.8,1.94,75.0,-12.1,-3.9,8.6,-7.1,-6.3,-24.5,0.57,0.31,General Watchlist,Low Priority / Avoid,High Risk — Needs Confirmation,Momentum Risk,Strong growth profile (83.4/100) | ROIC proxy is strong (42.96%),Momentum is weak (25.3/100) | Relative strength is weak (13.6/100) | Risk profile is elevated (39.7/100),60+ minutes,Strong ROIC proxy. | Risk warning: volatility/drawdown risk is elevated.,88,Yahoo Finance,2026-10-07,2026-10-07 19:21:27,38.83,13.9,0/3,Medium,40.23,73.1,89.9
AAPL,Apple Inc.,Technology,Consumer Electronics,336.99,243.66,108.89,276.71,"P/E (sector median 32x): $276.71 | EV/FCF (sector median 33x): $243.66 | DCF (3-stage, CAPM): $108.89",-27.7,-38.3,357.2,Research only,62.6,D-,Tier 3 — Watchlist Only,66.2,50.6,68.7,67.8,61.4,55.1,50.0,55.2,70.0,60.6,12.1,81.7,55.6,64.3,77.7,65.0,84.9,50.0,38.645065,35.165424,2.706,10.535085,29.12,45.4,2.19,2.59,27.62,48.65,32.62,35.98,23.08,31.43,73.42,148.75,27.08,93.01,16.4,28.7,78.445,1.003,0.812,0.74,0.13,1.069,28.7,-33.4,0.32,12.04,6.9,7.0,29.6,31.9,14.7,14.5,0.53,0.96,General Watchlist,Watchlist Only,Watchlist / Research Later,Valuation Risk,Strong growth profile (81.7/100) | Strong relative strength vs SPY (77.7/100) | ROIC proxy is strong (93.01%),Valuation may be stretched (12.1/100),30 minutes,Strong ROIC proxy. | Outperforming SPY on relative strength. | Valuation risk: stock may be expensive.,100,Yahoo Finance,2026-10-07,2026-10-07 19:21:34,336.99,38.6,0/3,Medium,102.63,73.5,0.0
AMAT,"Applied Materials, Inc.",Technology,Semiconductor Equipment & Materials,519.12,125.11,72.16,367.78,"P/E (sector median 32x): $367.78 | EV/FCF (sector median 33x): $125.11 | DCF (3-stage, CAPM): $72.16",-75.9,-314.9,550.27,Research only,57.8,F,Tier 4 — Low Priority / Avoid,62.4,46.7,66.4,57.3,55.8,43.8,30.0,44.4,44.0,32.4,26.6,90.7,92.7,60.5,93.6,39.3,76.5,50.0,44.790768,28.112783,0.8297,13.359804,41.254,136.22,0.75,2.23,30.05,49.4,33.74,32.93,9.97,27.23,36.63,41.07,15.48,34.62,24.8,42.8,28.666,2.423,1.634,1.26,-0.19,1.591,53.2,-42.5,0.4,16.48,10.7,-13.7,30.8,146.7,15.9,129.3,0.39,0.6,General Watchlist,Low Priority / Avoid,High Risk — Needs Confirmation,Valuation Risk,Strong growth profile (90.7/100) | Strong relative strength vs SPY (93.6/100) | ROIC proxy is strong (34.62%),Valuation may be stretched (26.6/100) | Cash-flow profile looks weak (32.4/100) | Risk profile is elevated (39.3/100),60+ minutes,Strong ROIC proxy. | Outperforming SPY on relative strength. | Valuation risk: stock may be expensive. | Risk warning: volatility/drawdown risk is elevated.,100,Yahoo Finance,2026-10-07,2026-10-07 19:21:40,447.89,38.6,0/3,Low,74.41,74.4,31.8
APP,Applovin Corporation,Communication Services,Advertising Agencies,279.85,247.26,165.73,254.09,"P/E (sector median 20x): $254.09 | EV/FCF (sector median 26x): $247.26 | DCF (3-stage, CAPM): $165.73",-11.6,-13.2,296.64,Research only,65.7,D,Tier 3 — Watchlist Only,84.0,67.0,23.0,86.1,62.5,61.7,52.5,62.5,100.0,69.6,65.4,90.0,79.2,1.4,0.0,10.9,89.4,50.0,21.510376,13.338393,0.6831,13.766433,17.314,29.48,3.38,4.65,64.58,88.46,77.68,79.29,46.56,66.3,70.24,203.69,46.46,100.0,52.8,57.0,111.13,4.3,4.166,0.87,0.09,2.557,83.9,-63.4,0.0,0.0,-8.3,-44.8,-26.2,-55.7,-41.1,-73.1,0.5,0.02,"Long-Term Compounder, Healthy Business",Watchlist Only,High Risk — Needs Confirmation,Momentum Risk,Strong investment score (84.0/100) | High business health (86.1/100) | Strong quality profile (100.0/100) | Strong growth profile (90.0/100) | ROIC proxy is strong (100.0%),Momentum is weak (1.4/100) | Relative strength is weak (0.0/100) | Risk profile is elevated (10.9/100),60+ minutes,Stock health is strong. | Strong ROIC proxy. | Risk warning: volatility/drawdown risk is elevated.,100,Yahoo Finance,2026-10-07,2026-10-07 19:21:47,226.76,17.4,0/3,High,57.52,94.4,85.5
APTV,Aptiv PLC,Consumer Cyclical,Auto Parts,43.98,124.49,18.99,143.3,P/E (sector median 19x): $18.99 | EV/FCF (sector median 29x): $143.30 | DCF (FCFF/WACC): $124.49,183.1,64.7,56.29,Research only,36.5,F,Tier 4 — Low Priority / Avoid,41.9,37.6,20.8,44.6,36.6,42.8,25.0,36.6,29.0,67.0,78.7,15.0,56.4,7.0,0.0,42.4,32.0,50.0,43.544556,6.7436404,0.9507,0.44505864,4.395,8.79,17.7,2.3,1.07,19.25,12.68,15.76,7.88,6.58,119.61,5.16,6.72,15.06,2.3,-35.3,64.938,2.018,1.273,0.13,1.52,1.365,41.4,-51.5,0.0,0.0,-1.2,-27.4,-26.8,-48.4,-41.7,-65.8,0.25,0.02,Recovery Candidate,Low Priority / Avoid,Avoid for Now,Momentum Risk,FCF yield looks attractive (17.7%) | ROIC proxy is strong (15.06%) | Fair value upside is positive (183.1%),Growth profile looks weak (15.0/100) | Momentum is weak (7.0/100) | Relative strength is weak (0.0/100),60+ minutes,Strong free cash flow yield. | Strong ROIC proxy.,100,Yahoo Finance,2026-10-07,2026-10-07 19:21:54,19.99,19.8,2/3,Low,90.03,31.0,99.8
ACGL,Arch Capital Group Ltd.,Financial Services,Insurance - Diversified,94.59,262.04,182.5,341.59,P/E (sector median 14x): $182.50 | P/B (justified): $341.59,177.0,63.9,121.08,Research only,56.9,F,Tier 4 — Low Priority / Avoid,64.1,54.9,36.6,72.0,57.8,61.3,50.0,57.3,76.7,91.1,94.4,21.2,63.5,26.4,2.8,88.4,48.3,50.0,7.401408,9.685019,1.05,1.6782894,5.907,7.64,13.33,13.51,24.4,38.76,26.58,28.94,22.37,31.72,70.53,19.94,4.12,17.46,-10.5,-7.1,17.836,0.589,0.288,1.04,-0.03,0.256,23.7,-22.1,0.0,0.0,-1.6,-6.4,-4.3,0.5,-19.2,-16.9,0.22,0.45,Recovery Candidate,Low Priority / Avoid,Watchlist / Research Later,Growth Risk,Strong cash-flow profile (91.1/100) | Strong quality profile (76.7/100) | FCF yield looks attractive (13.33%) | ROIC proxy is strong (17.46%) | Fair value upside is positive (177.0%),Growth profile looks weak (21.2/100) | Momentum is weak (26.4/100) | Relative strength is weak (2.8/100),60+ minutes,Strong free cash flow yield. | Strong ROIC proxy.,100,Yahoo Finance,2026-10-07,2026-10-07 19:22:01,177.88,13.9,2/2,Medium,30.55,50.3,95.9
ADM,Archer-Daniels-Midland Company,Consumer Defensive,Farm Products,81.45,73.72,47.23,441.01,P/E (sector median 23x): $83.57 | EV/FCF (sector median 24x): $47.23 | DCF (FCFF/WACC): $63.88 | Dividend (DDM): $441.01,-9.5,-10.5,86.34,Research only,32.3,F,Tier 4 — Low Priority / Avoid,31.4,23.2,53.2,20.4,33.7,21.7,0.0,19.3,4.9,17.3,57.0,50.2,39.3,45.8,59.6,81.2,32.8,50.0,22.316439,14.274098,1.0151,0.47817898,16.083,41.36,2.97,4.48,2.16,6.87,4.01,3.65,1.42,3.4,41.67,7.64,2.26,8.17,7.2,315.6,39.134,1.389,0.301,0.12,2.75,0.629,27.8,-27.5,2.53,56.44,-5.9,1.9,17.3,33.3,2.4,15.9,0.33,0.8,General Watchlist,Low Priority / Avoid,High Risk — Needs Confirmation,Business Quality Risk,No single dominant strength; needs manual research.,Cash-flow profile looks weak (17.3/100) | Financial strength looks weak (39.3/100),60+ minutes,Financial risk: balance sheet metrics look weak.,100,Yahoo Finance,2026-10-07,2026-10-07 19:22:08,,,2/4,Low,96.4,38.0,94.7
ARES,Ares Management Corporation,Financial Services,Asset Management,115.86,30.99,13.63,141.12,P/E (sector median 14x): $30.99 | P/B (justified): $13.63 | Dividend (DDM): $141.12,-73.3,-273.9,122.81,Research only,43.1,F,Tier 4 — Low Priority / Avoid,49.1,41.5,31.5,49.9,42.0,26.5,0.0,26.7,54.8,78.5,48.9,45.5,6.3,24.5,20.4,27.7,49.0,50.0,53.391705,16.225414,0.9025,7.318247,32.105,21.26,5.62,1.87,12.11,100.0,9.47,23.89,41.12,17.37,236.78,14.92,4.58,2.36,9.6,6.5,172.378,0.62,0.534,0.12,9.1,1.554,42.3,-50.0,4.59,227.65,-12.9,-3.9,12.8,-18.8,-2.0,-36.2,0.41,0.29,General Watchlist,Low Priority / Avoid,High Risk — Needs Confirmation,Debt / Balance Sheet Risk,Strong cash-flow profile (78.5/100) | FCF yield looks attractive (5.62%),Financial strength looks weak (6.3/100) | Momentum is weak (24.5/100) | Relative strength is weak (20.4/100) | Risk profile is elevated (27.7/100),60+ minutes,Financial risk: balance sheet metrics look weak. | Risk warning: volatility/drawdown risk is elevated.,100,Yahoo Finance,2026-10-07,2026-10-07 19:22:14,30.2,13.9,1/3,Low,129.92,51.8,94.9
ANET,"Arista Networks, Inc.",Technology,Computer Hardware,215.6,100.59,64.75,106.65,"P/E (sector median 32x): $100.59 | EV/FCF (sector median 33x): $106.65 | DCF (3-stage, CAPM): $64.75",-53.3,-114.3,228.54,Research only,74.7,C,Tier 3 — Watchlist Only,81.7,64.2,73.8,81.6,71.1,59.5,52.5,62.4,94.6,59.7,13.6,99.8,77.5,80.1,100.0,24.5,90.5,50.0,68.01419,41.446636,1.5225,25.797506,55.667,66.37,1.43,1.47,38.37,63.0,45.39,44.02,36.92,50.34,73.33,31.48,14.12,100.0,37.7,35.7,,2.957,2.289,,-2.88,1.605,54.8,-50.4,0.0,0.0,11.8,15.3,47.6,48.4,32.7,31.0,0.73,1.0,"Long-Term Compounder, Healthy Business",Watchlist Only,High Risk — Needs Confirmation,Valuation Risk,Strong investment score (81.7/100) | High business health (81.6/100) | Strong quality profile (94.6/100) | Strong growth profile (99.8/100) | Strong relative strength vs SPY (100.0/100),Valuation may be stretched (13.6/100) | Risk profile is elevated (24.5/100),60+ minutes,Strong ROIC proxy. | Outperforming SPY on relative strength. | Valuation risk: stock may be expensive. | Risk warning: volatility/drawdown risk is elevated.,94,Yahoo Finance,2026-10-07,2026-10-07 19:22:21,122.5,38.6,0/3,Medium,28.66,84.6,55.4
AJG,Arthur J. Gallagher & Co.,Financial Services,Insurance Brokers,227.57,79.22,72.34,86.11,P/E (sector median 14x): $86.11 | P/B (justified): $72.34,-65.2,-187.3,241.22,Research only,33.6,F,Tier 4 — Low Priority / Avoid,38.8,30.2,32.2,30.2,34.7,24.9,0.0,22.3,4.9,51.5,54.2,56.3,32.5,18.0,7.8,69.9,45.8,50.0,37.739635,15.314452,0.7149,3.8609784,16.712,34.41,3.57,2.65,10.38,43.19,19.16,28.38,13.78,16.21,85.03,6.72,2.32,6.28,30.9,-10.7,59.401,1.053,0.173,0.1,2.97,0.547,27.7,-44.4,1.22,44.78,-6.8,-9.8,4.8,-25.7,-10.0,-43.1,0.42,0.32,General Watchlist,Low Priority / Avoid,High Risk — Needs Confirmation,Business Quality Risk,No single dominant strength; needs manual research.,Financial strength looks weak (32.5/100) | Momentum is weak (18.0/100) | Relative strength is weak (7.8/100),60+ minutes,Financial risk: balance sheet metrics look weak.,100,Yahoo Finance,2026-10-07,2026-10-07 19:22:28,83.93,13.9,0/2,High,41.45,59.8,91.5
AIZ,"Assurant, Inc.",Financial Services,Insurance - Property & Casualty,267.02,398.94,298.31,499.56,P/E (sector median 14x): $298.31 | P/B (justified): $499.56,49.4,33.1,341.79,Research only,54.3,F,Tier 4 — Low Priority / Avoid,57.6,48.9,57.1,52.7,55.2,56.1,37.5,50.4,23.2,80.2,80.9,62.8,59.2,42.4,57.2,86.9,63.4,50.0,12.782192,11.394817,2.16,0.9787631,7.794,6.3,16.32,7.82,7.9,13.27,11.73,12.91,15.97,13.9,114.91,18.34,2.56,19.91,9.4,30.5,36.211,0.382,0.147,0.92,0.1,0.525,24.9,-20.8,1.3,16.47,-4.8,-4.0,20.4,25.2,5.5,7.9,0.41,0.65,Recovery Candidate,Low Priority / Avoid,Avoid for Now,Business Quality Risk,Strong cash-flow profile (80.2/100) | FCF yield looks attractive (16.32%) | ROIC proxy is strong (19.91%) | Fair value upside is positive (49.4%),No major quant red flag detected.,60+ minutes,Strong free cash flow yield. | Strong ROIC proxy.,100,Yahoo Finance,2026-10-07,2026-10-07 19:22:35,290.76,13.9,2/2,Medium,78.52,59.9,99.1
T,AT&T Inc.,Communication Services,Telecom Services,24.58,35.34,19.47,59.18,P/E (sector median 20x): $59.18 | EV/FCF (sector median 26x): $19.47 | DCF (FCFF/WACC): $48.74 | Dividend (DDM): $21.95,43.8,30.5,31.46,Research only,41.2,F,Tier 4 — Low Priority / Avoid,43.9,39.0,35.7,45.6,42.3,29.5,2.5,27.5,60.0,52.8,75.6,28.4,21.5,38.7,0.9,73.6,35.8,50.0,8.112211,9.572732,1.5352,1.3237424,7.423,32.89,6.02,12.33,16.94,59.72,24.79,35.32,7.97,31.36,25.42,18.34,4.16,9.65,2.3,6.2,129.054,0.971,0.602,0.11,3.3,0.442,24.0,-28.9,4.54,36.63,-2.3,16.3,-6.2,-1.6,-21.1,-19.0,0.48,0.53,Recovery Candidate,Low Priority / Avoid,High Risk — Needs Confirmation,Debt / Balance Sheet Risk,FCF yield looks attractive (6.02%) | Fair value upside is positive (43.8%),Growth profile looks weak (28.4/100) | Financial strength looks weak (21.5/100) | Momentum is weak (38.7/100) | Relative strength is weak (0.9/100),60+ minutes,Strong free cash flow yield. | Financial risk: balance sheet metrics look weak.,100,Yahoo Finance,2026-10-07,2026-10-07 19:22:42,52.81,17.4,2/4,Low,95.05,43.1,72.9
ATO,Atmos Energy Corporation,Utilities,Utilities - Regulated Gas,159.89,160.09,155.15,165.03,P/E (sector median 20x): $165.03 | Dividend (DDM): $155.15,0.1,0.1,169.48,Research only,37.7,F,Tier 4 — Low Priority / Avoid,42.1,31.7,35.3,41.1,39.4,17.5,0.0,21.0,48.9,25.0,54.3,40.2,25.5,16.1,0.0,90.1,63.0,50.0,19.057066,17.705147,1.8975,5.490041,14.022,,-8.22,5.25,28.5,62.21,37.22,53.32,-45.13,41.04,-109.97,9.79,3.89,5.77,4.8,23.3,67.662,0.814,0.537,0.05,3.74,0.567,16.4,-17.8,2.5,46.13,-4.0,-8.7,-15.9,-6.5,-30.8,-23.9,0.46,0.11,General Watchlist,Low Priority / Avoid,High Risk — Needs Confirmation,Momentum Risk,No single dominant strength; needs manual research.,Cash-flow profile looks weak (25.0/100) | Financial strength looks weak (25.5/100) | Momentum is weak (16.1/100) | Relative strength is weak (0.0/100),60+ minutes,Financial risk: balance sheet metrics look weak.,100,Yahoo Finance,2026-10-07,2026-10-07 19:22:48,165.98,19.8,1/2,High,47.49,44.2,96.8
ADSK,"Autodesk, Inc.",Technology,Software - Application,235.73,244.66,239.56,510.28,"P/E (sector median 32x): $244.66 | EV/FCF (sector median 33x): $510.28 | DCF (3-stage, CAPM): $239.56",3.8,3.7,249.87,Research only,68.9,D+,Tier 3 — Watchlist Only,80.5,65.6,44.8,84.5,67.1,69.0,50.0,64.6,92.9,91.8,65.6,75.5,55.5,49.2,7.6,47.8,89.4,50.0,30.574577,16.601418,0.845,6.3244634,20.948,15.17,6.41,3.27,21.08,92.5,29.23,29.34,40.53,37.18,109.03,53.85,11.47,61.33,16.1,59.6,109.518,0.855,0.73,1.12,-0.2,1.327,34.3,-42.6,0.0,0.0,14.1,13.1,4.7,-25.0,-10.2,-42.4,0.54,0.38,"Long-Term Compounder, Healthy Business",Watchlist Only,Watchlist / Research Later,Volatility / Drawdown Risk,Strong investment score (80.5/100) | High business health (84.5/100) | Strong cash-flow profile (91.8/100) | Strong quality profile (92.9/100) | Strong growth profile (75.5/100),Relative strength is weak (7.6/100),45 minutes,Strong free cash flow yield. | Strong ROIC proxy.,100,Yahoo Finance,2026-10-07,2026-10-07 19:22:55,297.95,38.6,3/3,Medium,91.75,81.3,93.0
ADP,"Automatic Data Processing, Inc.",Technology,Software - Application,264.86,388.43,288.79,432.09,"P/E (sector median 32x): $347.16 | EV/FCF (sector median 33x): $432.09 | DCF (3-stage, CAPM): $288.79 | Dividend (DDM): $429.70",46.7,31.8,339.02,Research only,54.4,F,Tier 4 — Low Priority / Avoid,56.0,47.8,57.6,57.6,54.3,54.2,12.5,43.0,40.5,79.6,52.0,46.9,51.8,54.6,55.0,67.6,65.6,50.0,24.210238,19.76387,2.5013,4.7819414,16.457,20.12,5.0,4.13,20.11,48.65,23.46,29.21,23.89,24.79,96.36,72.24,6.25,55.78,6.8,9.8,91.436,1.051,0.155,0.77,0.2,0.841,23.8,-40.8,2.59,60.69,0.5,10.2,37.0,-7.0,22.1,-24.4,0.41,0.79,General Watchlist,Low Priority / Avoid,Avoid for Now,Business Quality Risk,Strong cash-flow profile (79.6/100) | FCF yield looks attractive (5.0%) | ROIC proxy is strong (55.78%) | Fair value upside is positive (46.7%),No major quant red flag detected.,60+ minutes,Strong ROIC proxy.,100,Yahoo Finance,2026-10-07,2026-10-07 19:23:02,422.78,38.6,4/4,High,94.71,63.2,83.6
AZO,"AutoZone, Inc.",Consumer Cyclical,Auto Parts,2854.04,2867.84,2867.84,2867.84,"P/E (sector median 19x): $2,867.84",0.5,0.5,3025.28,Research only,43.2,F,Tier 4 — Low Priority / Avoid,50.3,40.8,28.7,51.6,43.8,32.8,15.0,32.9,70.2,50.0,66.3,38.7,23.9,11.6,0.0,69.5,48.6,50.0,18.708881,14.83611,1.3095,2.269502,13.684,,,5.35,12.65,52.34,19.97,21.35,,,,,11.35,,5.6,15.0,,0.901,0.032,0.03,2.89,0.398,26.1,-35.9,0.0,0.0,-2.0,-7.1,-19.6,-30.1,-34.4,-47.5,0.19,0.05,General Watchlist,Low Priority / Avoid,High Risk — Needs Confirmation,Momentum Risk,No single dominant strength; needs manual research.,Growth profile looks weak (38.7/100) | Financial strength looks weak (23.9/100) | Momentum is weak (11.6/100) | Relative strength is weak (0.0/100),60+ minutes,Financial risk: balance sheet metrics look weak.,81,Yahoo Finance,2026-10-07,2026-10-07 19:23:09,3019.71,19.8,1/1,Low,119.91,50.7,93.6
AVY,Avery Dennison Corporation,Consumer Cyclical,Packaging & Containers,168.13,321.31,171.64,859.12,P/E (sector median 19x): $171.64 | EV/FCF (sector median 29x): $299.14 | DCF (FCFF/WACC): $343.49 | Dividend (DDM): $859.12,91.1,47.7,215.21,Research only,55.4,F,Tier 4 — Low Priority / Avoid,62.6,55.2,37.6,64.8,55.7,44.5,27.5,45.3,96.8,67.8,71.8,46.3,25.3,36.6,8.3,68.9,44.5,50.0,18.415663,15.031325,1.92,1.3778657,10.81,16.1,7.88,5.43,7.62,28.98,13.59,16.18,10.86,13.34,81.44,31.16,8.39,17.32,10.9,10.8,158.653,1.132,0.688,0.07,2.28,0.8,23.9,-28.0,2.37,41.84,-1.0,5.2,-2.1,6.6,-17.0,-10.8,0.26,0.38,Recovery Candidate,Low Priority / Avoid,High Risk — Needs Confirmation,Debt / Balance Sheet Risk,Strong quality profile (96.8/100) | FCF yield looks attractive (7.88%) | ROIC proxy is strong (17.32%) | Fair value upside is positive (91.1%),Financial strength looks weak (25.3/100) | Momentum is weak (36.6/100) | Relative strength is weak (8.3/100),60+ minutes,Strong free cash flow yield. | Strong ROIC proxy. | Financial risk: balance sheet metrics look weak.,100,Yahoo Finance,2026-10-07,2026-10-07 19:23:16,180.72,19.8,4/4,Low,90.4,47.6,99.2
AXON,"Axon Enterprise, Inc.",Industrials,Aerospace & Defense,407.63,66.26,59.98,87.54,P/E (sector median 27x): $66.26 | EV/FCF (sector median 34x): $87.54 | DCF (FCFF/WACC): $59.98,-83.7,-515.2,432.09,Research only,33.1,F,Tier 4 — Low Priority / Avoid,39.0,30.8,28.1,32.2,32.5,14.2,0.0,18.4,26.7,26.4,8.9,49.5,49.3,16.4,25.4,29.9,32.1,50.0,169.14107,38.660378,2.1074,10.286981,212.989,158.29,0.67,0.59,6.19,59.52,5.17,5.13,6.9,8.26,83.58,6.22,0.51,2.72,35.3,-18.2,50.363,2.149,1.582,0.37,7.01,1.439,60.5,-60.3,0.0,0.0,-16.8,-28.0,16.0,-43.0,1.1,-60.4,0.63,0.15,General Watchlist,Low Priority / Avoid,High Risk — Needs Confirmation,Valuation Risk,No single dominant strength; needs manual research.,Valuation may be stretched (8.9/100) | Cash-flow profile looks weak (26.4/100) | Momentum is weak (16.4/100) | Relative strength is weak (25.4/100),60+ minutes,Valuation risk: stock may be expensive. | Risk warning: volatility/drawdown risk is elevated.,100,Yahoo Finance,2026-10-07,2026-10-07 19:23:22,69.63,28.9,0/3,High,0.0,53.5,95.8
BKR,Baker Hughes Company,Energy,Oil & Gas Equipment & Services,56.37,54.8,9.88,81.91,"P/E (sector median 17x): $52.82 | EV/FCF (sector median 18x): $81.91 | DCF (3-stage, CAPM): $56.78 | Dividend (DDM): $9.88",-2.8,-2.9,59.75,Research only,50.8,F,Tier 4 — Low Priority / Avoid,57.5,46.2,36.9,63.4,50.7,57.2,37.5,49.7,56.7,79.6,72.7,18.8,80.1,28.5,21.2,65.2,38.2,50.0,18.12537,19.075333,1.6186,2.0182843,11.597,12.71,7.89,5.52,11.17,23.66,12.83,17.45,15.92,16.0,99.53,16.46,4.85,14.68,-2.4,-4.2,80.925,2.095,1.622,1.05,-0.16,1.035,34.7,-28.0,1.66,29.58,-5.1,-1.9,-9.7,19.6,-24.0,3.6,0.45,0.5,Recovery Candidate,Low Priority / Avoid,Avoid for Now,Growth Risk,Strong cash-flow profile (79.6/100) | FCF yield looks attractive (7.89%) | ROIC proxy is strong (14.68%),Growth profile looks weak (18.8/100) | Momentum is weak (28.5/100) | Relative strength is weak (21.2/100),45 minutes,Strong free cash flow yield. | Strong ROIC proxy.,100,Yahoo Finance,2026-10-08,2026-10-08 19:13:11,,,2/4,Low,78.19,36.3,91.9
BALL,Ball Corporation,Consumer Cyclical,Packaging & Containers,58.4,51.16,28.15,64.64,P/E (sector median 18x): $64.64 | EV/FCF (sector median 28x): $28.15 | DCF (FCFF/WACC): $51.16,-12.4,-14.1,61.9,Research only,30.9,F,Tier 4 — Low Priority / Avoid,34.1,27.1,36.2,22.8,31.9,11.8,0.0,16.4,25.9,18.4,63.4,55.6,21.5,32.4,23.0,64.0,24.4,50.0,16.638178,12.913069,1.0106,1.0853552,10.744,58.71,2.44,6.01,6.61,18.63,9.23,14.49,2.65,9.95,26.64,17.15,4.63,8.12,19.7,9.2,131.495,1.069,0.605,0.07,3.41,0.961,26.3,-32.7,1.39,22.79,-2.2,-4.4,-5.6,21.6,-19.9,5.5,0.8,0.59,General Watchlist,Low Priority / Avoid,High Risk — Needs Confirmation,Cash Flow Risk,No single dominant strength; needs manual research.,Cash-flow profile looks weak (18.4/100) | Financial strength looks weak (21.5/100) | Momentum is weak (32.4/100) | Relative strength is weak (23.0/100),60+ minutes,Financial risk: balance sheet metrics look weak.,100,Yahoo Finance,2026-10-08,2026-10-08 19:13:18,62.33,17.8,1/3,Medium,71.83,40.9,98.7
BAC,Bank of America Corporation,Financial Services,Banks - Diversified,53.49,58.25,43.89,61.83,P/E (sector median 14x): $61.83 | P/B (justified): $43.89 | Dividend (DDM): $58.25,8.9,8.2,57.06,Research only,51.4,F,Tier 4 — Low Priority / Avoid,58.7,46.2,42.3,58.0,51.1,50.7,25.0,44.5,43.5,60.0,73.6,73.9,54.3,27.7,17.8,62.8,84.6,50.0,12.352333,10.198223,0.8463,3.2827883,,,,8.1,29.52,0.0,38.3,0.0,,83.16,,11.2,0.97,17.59,16.8,34.1,,,,1.1,,1.214,25.1,-27.5,2.39,25.87,-14.5,-9.6,2.9,9.6,-11.5,-6.5,1.21,0.4,Recovery Candidate,Low Priority / Avoid,Avoid for Now,Momentum Risk,ROIC proxy is strong (17.59%),Momentum is weak (27.7/100) | Relative strength is weak (17.8/100),60+ minutes,Strong ROIC proxy.,75,Yahoo Finance,2026-10-08,2026-10-08 19:13:25,60.14,13.9,2/3,High,71.48,57.9,38.2
BAX,Baxter International Inc.,Healthcare,Medical Instruments & Supplies,23.91,69.9,35.49,189.85,EV/FCF (sector median 30x): $35.49 | DCF (FCFF/WACC): $69.90 | Dividend (DDM): $189.85,192.3,65.8,30.61,Research only,40.7,F,Tier 4 — Low Priority / Avoid,39.6,35.5,54.0,34.1,40.6,31.7,2.5,27.1,6.0,62.4,59.9,49.7,31.5,53.6,63.3,46.6,50.6,50.0,,11.743764,36.68,1.077939,10.66,20.08,8.09,,-9.27,34.1,14.43,16.42,8.72,11.5,75.84,-14.37,2.85,9.53,5.3,36.8,156.449,1.946,1.133,0.22,3.99,0.651,41.5,-57.3,17.0,154.67,-1.1,6.0,39.6,5.3,25.2,-10.7,0.33,0.65,General Watchlist,Low Priority / Avoid,High Risk — Needs Confirmation,Business Quality Risk,FCF yield looks attractive (8.09%) | Fair value upside is positive (192.3%),Financial strength looks weak (31.5/100),60+ minutes,Strong free cash flow yield. | Financial risk: balance sheet metrics look weak.,94,Yahoo Finance,2026-10-08,2026-10-08 19:13:32,,28.6,3/3,Low,,37.3,99.3
BDX,"Becton, Dickinson and Company",Healthcare,Medical Instruments & Supplies,182.45,293.35,115.88,453.62,P/E (sector median 27x): $115.88 | EV/FCF (sector median 30x): $373.33 | DCF (FCFF/WACC): $453.62 | Dividend (DDM): $213.36,60.8,37.8,233.54,Research only,48.1,F,Tier 4 — Low Priority / Avoid,47.3,42.6,57.0,46.4,48.8,40.3,27.5,39.4,34.8,82.8,68.5,34.2,31.3,62.7,56.2,74.8,36.2,50.0,42.43023,13.71558,1.1074,2.210326,10.654,14.56,9.01,2.36,4.19,46.94,15.73,27.22,19.92,14.86,134.0,6.61,4.34,6.9,5.4,-31.4,68.84,0.865,0.327,0.04,2.63,0.279,28.1,-33.4,2.33,72.49,3.4,19.3,19.8,22.7,5.5,6.6,0.5,0.85,General Watchlist,Low Priority / Avoid,High Risk — Needs Confirmation,Debt / Balance Sheet Risk,Strong cash-flow profile (82.8/100) | FCF yield looks attractive (9.01%) | Fair value upside is positive (60.8%),Growth profile looks weak (34.2/100) | Financial strength looks weak (31.3/100),60+ minutes,Strong free cash flow yield. | Financial risk: balance sheet metrics look weak.,100,Yahoo Finance,2026-10-08,2026-10-08 19:13:39,123.16,28.6,3/4,Low,76.24,43.4,93.0
BRK-B,Berkshire Hathaway Inc. New,Financial Services,Insurance - Diversified,512.75,1305848.65,567.77,2611129.53,"P/E (sector median 14x): $567.77 | P/B (justified): $2,611,129.53",254578.0,100.0,656.31,Research only,61.8,D-,Tier 3 — Watchlist Only,68.8,54.2,52.0,73.3,62.3,63.3,37.5,55.9,53.1,66.4,50.0,65.8,100.0,40.1,17.7,96.1,90.6,50.0,12.896002,23.689499,10.06,2.853328,-1.79,999.0,6.56,7.75,22.3,30.33,32.56,33.97,18.71,12.12,154.34,12.12,6.01,0.01,10.0,107.8,17.142,2.891,2.693,2.84,-1.81,0.595,17.0,-14.9,0.0,0.0,1.1,3.2,6.8,2.6,-7.5,-13.5,0.58,0.74,General Watchlist,Watchlist Only,Watchlist / Research Later,Momentum Risk,FCF yield looks attractive (6.56%) | Fair value upside is positive (254578.0%),Relative strength is weak (17.7/100),60+ minutes,Strong free cash flow yield.,100,Yahoo Finance,2026-10-08,2026-10-08 19:13:46,552.18,13.9,2/2,Low,8.6,54.3,0.0
BBY,"Best Buy Co., Inc.",Consumer Cyclical,Specialty Retail,88.71,98.26,58.68,180.46,"P/E (sector median 18x): $110.68 | EV/FCF (sector median 28x): $180.46 | DCF (3-stage, CAPM): $85.84 | Dividend (DDM): $58.68",10.8,9.7,95.87,Research only,44.1,F,Tier 4 — Low Priority / Avoid,43.5,36.8,57.7,39.6,43.4,43.9,37.5,41.1,32.5,49.4,79.9,44.0,42.6,62.0,77.8,43.8,36.9,50.0,14.760399,12.298269,1.6991,0.44086498,7.459,13.91,7.54,6.77,3.01,22.6,3.9,6.2,3.33,5.86,56.7,43.13,7.25,26.49,3.6,70.1,130.097,1.117,0.373,0.58,0.66,1.282,40.4,-41.7,4.54,63.56,1.8,9.8,45.6,21.4,31.3,5.4,0.61,0.85,General Watchlist,Low Priority / Avoid,Avoid for Now,Business Quality Risk,Strong relative strength vs SPY (77.8/100) | FCF yield looks attractive (7.54%) | ROIC proxy is strong (26.49%) | Fair value upside is positive (10.8%),No major quant red flag detected.,45 minutes,Strong free cash flow yield. | Strong ROIC proxy. | Outperforming SPY on relative strength.,100,Yahoo Finance,2026-10-08,2026-10-08 19:13:54,106.72,17.8,2/4,Low,113.14,43.1,98.2
TECH,Bio-Techne Corp,Healthcare,Biotechnology,72.48,31.26,16.99,43.57,"P/E (sector median 27x): $31.26 | EV/FCF (sector median 30x): $43.57 | DCF (3-stage, CAPM): $16.99",-56.9,-131.9,76.83,Research only,57.8,F,Tier 4 — Low Priority / Avoid,61.9,47.5,60.1,64.8,56.4,54.6,37.5,50.3,62.3,52.9,15.6,41.4,91.3,61.5,71.5,51.0,57.5,50.0,62.482765,31.341618,2.1116,9.354587,34.067,49.56,2.02,1.6,14.97,66.24,27.87,27.5,18.9,24.04,78.63,9.03,6.67,12.49,1.3,,13.712,4.547,2.945,0.92,0.07,1.295,43.9,-44.6,0.44,27.59,0.6,1.7,30.9,20.4,16.6,4.3,1.54,1.0,General Watchlist,Low Priority / Avoid,Watchlist / Research Later,Valuation Risk,ROIC proxy is strong (12.49%),Valuation may be stretched (15.6/100),30 minutes,Strong ROIC proxy. | Valuation risk: stock may be expensive.,94,Yahoo Finance,2026-10-08,2026-10-08 19:14:01,33.23,28.6,0/3,Medium,87.19,53.2,99.4
BIIB,Biogen Inc.,Healthcare,Drug Manufacturers - General,217.13,204.9,151.73,227.42,P/E (sector median 27x): $151.73 | EV/FCF (sector median 30x): $204.90 | DCF (FCFF/WACC): $227.42,-5.6,-6.0,230.16,Research only,42.4,F,Tier 4 — Low Priority / Avoid,40.8,32.7,60.5,37.3,42.9,42.3,12.5,33.4,25.6,52.2,47.0,31.1,50.8,58.5,84.2,70.6,25.5,50.0,38.56661,13.130864,2.3453,3.1992567,11.908,31.57,3.95,2.59,8.32,78.32,25.06,33.5,12.63,28.71,44.01,4.58,5.21,7.66,3.4,-84.8,44.329,1.865,0.94,0.15,2.1,0.092,32.8,-40.8,0.0,0.0,0.8,3.9,25.5,43.8,11.2,27.8,0.65,0.87,General Watchlist,Low Priority / Avoid,Avoid for Now,Business Quality Risk,Strong relative strength vs SPY (84.2/100),Growth profile looks weak (31.1/100),60+ minutes,Outperforming SPY on relative strength.,100,Yahoo Finance,2026-10-08,2026-10-08 19:14:08,161.26,28.6,1/3,High,36.18,46.8,95.9
BLK,"BlackRock, Inc.",Financial Services,Asset Management,1065.03,596.62,404.0,722.91,P/E (sector median 14x): $596.62 | P/B (justified): $404.00 | Dividend (DDM): $722.91,-44.0,-78.5,1128.93,Research only,66.1,D,Tier 3 — Watchlist Only,78.5,60.2,46.3,78.4,65.2,67.0,37.5,59.5,68.9,71.3,64.7,85.0,90.4,38.0,13.2,68.7,91.8,50.0,25.491385,16.610254,0.8893,6.338768,15.763,23.12,4.38,3.92,24.09,47.15,35.08,40.72,27.76,14.43,192.44,12.28,3.74,12.3,30.6,19.6,23.192,2.447,1.846,0.92,0.1,1.421,27.0,-23.7,2.14,52.37,0.2,3.8,7.7,-6.6,-6.6,-22.7,0.49,0.57,General Watchlist,Watchlist Only,Watchlist / Research Later,Momentum Risk,High business health (78.4/100) | Strong growth profile (85.0/100) | ROIC proxy is strong (12.3%),Momentum is weak (38.0/100) | Relative strength is weak (13.2/100),45 minutes,Strong ROIC proxy.,100,Yahoo Finance,2026-10-08,2026-10-08 19:14:15,580.23,13.9,0/3,Medium,88.96,82.4,72.1
BX,Blackstone Inc.,Financial Services,Asset Management,112.5,63.83,28.9,134.27,P/E (sector median 14x): $63.83 | P/B (justified): $28.90 | Dividend (DDM): $134.27,-43.3,-76.2,119.25,Research only,56.8,F,Tier 4 — Low Priority / Avoid,69.4,55.0,31.2,69.4,55.4,53.7,15.0,46.0,86.1,60.0,62.0,82.5,36.0,14.6,0.9,41.9,85.4,50.0,25.167786,15.170843,1.0877,8.684902,,,,3.97,22.73,100.0,54.36,0.0,,36.15,,31.37,14.33,25.46,28.6,57.3,68.185,0.872,0.828,0.17,,1.587,37.6,-46.5,4.68,111.19,-10.3,-6.9,-0.1,-27.9,-14.4,-44.0,0.66,0.21,General Watchlist,Low Priority / Avoid,High Risk — Needs Confirmation,Momentum Risk,Strong quality profile (86.1/100) | Strong growth profile (82.5/100) | ROIC proxy is strong (25.46%),Financial strength looks weak (36.0/100) | Momentum is weak (14.6/100) | Relative strength is weak (0.9/100),60+ minutes,Strong ROIC proxy. | Financial risk: balance sheet metrics look weak.,88,Yahoo Finance,2026-10-08,2026-10-08 19:14:22,62.08,13.9,1/3,Low,136.44,86.9,78.6
XYZ,"Block, Inc.",Technology,Software - Infrastructure,74.95,17.77,17.77,17.77,P/E (sector median 32x): $17.77,-76.3,-321.8,79.45,Research only,25.4,F,Tier 4 — Low Priority / Avoid,27.4,21.1,31.4,21.1,24.9,14.5,0.0,14.7,1.4,15.8,44.5,22.8,77.4,36.7,33.3,24.9,5.7,50.0,133.83928,14.4219475,0.5721,1.7981651,29.964,,-0.06,0.75,1.43,46.57,7.0,6.18,-0.11,16.2,-0.67,1.61,2.01,6.16,9.3,-83.3,32.58,2.209,1.077,0.94,0.28,2.553,50.9,-53.0,0.0,0.0,-5.2,-4.8,20.5,-7.6,6.2,-23.7,1.01,0.72,General Watchlist,Low Priority / Avoid,High Risk — Needs Confirmation,Business Quality Risk,No single dominant strength; needs manual research.,Cash-flow profile looks weak (15.8/100) | Growth profile looks weak (22.8/100) | Momentum is weak (36.7/100) | Relative strength is weak (33.3/100),60+ minutes,Risk warning: volatility/drawdown risk is elevated.,100,Yahoo Finance,2026-10-08,2026-10-08 19:14:30,25.6,45.7,0/1,Low,101.7,29.2,93.7
BE,Bloom Energy Corporation,Industrials,Electrical Equipment & Parts,268.2,31.6,20.89,55.56,"P/E (sector median 27x): $20.89 | EV/FCF (sector median 34x): $55.56 | DCF (3-stage, CAPM): $31.60",-88.2,-748.7,284.3,Research only,60.6,D-,Tier 3 — Watchlist Only,65.6,53.1,63.6,61.0,57.2,47.6,52.5,52.9,72.6,44.4,19.9,80.4,72.2,75.6,100.0,6.1,50.0,50.0,352.90002,54.269238,0.6219,25.374113,208.474,164.1,0.67,0.28,7.87,31.65,17.11,13.44,17.08,23.7,72.06,22.21,5.6,24.51,165.5,,171.578,4.087,3.213,0.97,0.23,3.776,108.5,-52.7,0.0,0.0,3.8,14.9,60.9,206.2,46.6,190.2,0.81,0.71,General Watchlist,Watchlist Only,High Risk — Needs Confirmation,Volatility / Drawdown Risk,Strong growth profile (80.4/100) | Strong relative strength vs SPY (100.0/100) | ROIC proxy is strong (24.51%),Valuation may be stretched (19.9/100) | Risk profile is elevated (6.1/100),60+ minutes,Strong ROIC proxy. | Outperforming SPY on relative strength. | Valuation risk: stock may be expensive. | Risk warning: volatility/drawdown risk is elevated.,94,Yahoo Finance,2026-10-08,2026-10-08 19:14:37,30.43,40.0,0/3,Low,,61.1,88.0
BNY,The Bank of New York Mellon Cor,Financial Services,Banks - Diversified,143.75,122.38,88.52,155.75,P/E (sector median 14x): $122.38 | P/B (justified): $88.52 | Dividend (DDM): $155.75,-14.9,-17.5,152.38,Research only,53.6,F,Tier 4 — Low Priority / Avoid,58.4,44.0,57.1,55.6,53.4,53.0,50.0,51.5,41.7,51.1,66.5,69.6,60.0,37.8,60.2,73.4,81.0,50.0,16.774214,13.997157,1.1354,4.554675,,,,5.96,29.41,0.0,40.05,0.0,,16.67,,14.12,1.26,,13.1,26.9,,,,2.46,,1.051,22.7,-17.6,1.56,24.74,-11.6,-4.6,13.6,38.1,-0.7,22.0,0.58,0.66,General Watchlist,Low Priority / Avoid,Avoid for Now,Momentum Risk,No single dominant strength; needs manual research.,Momentum is weak (37.8/100),30 minutes,No major signal,75,Yahoo Finance,2026-10-08,2026-10-08 19:14:44,119.01,13.9,1/3,Medium,96.43,49.7,84.9
BA,Boeing Company (The),Industrials,Aerospace & Defense,187.07,121.71,76.98,199.73,"P/E (sector median 27x): $76.98 | EV/FCF (sector median 34x): $199.73 | DCF (3-stage, CAPM): $121.71",-34.9,-53.7,198.29,Research only,25.7,F,Tier 4 — Low Priority / Avoid,29.4,22.8,23.1,26.1,26.2,17.4,0.0,16.4,10.7,40.4,35.7,34.8,19.8,8.1,0.0,46.3,41.4,50.0,66.810715,45.483284,1.4887,1.5718547,-61.764,31.84,3.81,1.5,2.59,4.71,0.0,-3.08,5.98,3.87,154.59,173.54,-1.98,0.01,8.0,,790.875,1.138,0.296,0.4,,1.257,35.7,-26.9,0.0,0.0,-8.7,-13.2,-14.0,-17.0,-28.4,-33.0,0.71,0.11,General Watchlist,Low Priority / Avoid,High Risk — Needs Confirmation,Momentum Risk,No single dominant strength; needs manual research.,Valuation may be stretched (35.7/100) | Growth profile looks weak (34.8/100) | Financial strength looks weak (19.8/100) | Momentum is weak (8.1/100),60+ minutes,Financial risk: balance sheet metrics look weak.,94,Yahoo Finance,2026-10-08,2026-10-08 19:14:51,112.11,40.0,1/3,Medium,,19.2,76.4
BKNG,Booking Holdings Inc. Common St,Consumer Cyclical,Travel Services,160.17,187.01,166.11,286.75,"P/E (sector median 18x): $166.11 | EV/FCF (sector median 28x): $286.75 | DCF (3-stage, CAPM): $187.01",16.8,14.4,180.3,Research only,62.2,D-,Tier 3 — Watchlist Only,74.2,61.0,33.0,79.6,61.3,64.5,50.0,60.8,86.0,86.3,81.5,63.3,53.9,13.5,0.0,57.2,85.8,50.0,17.757206,12.9396105,0.6067,4.3947554,11.731,15.81,6.22,5.63,25.53,87.23,34.41,36.87,27.36,34.91,78.36,,20.38,,8.1,130.0,,1.094,1.023,0.82,0.36,1.128,32.9,-33.4,1.08,17.82,-7.9,-8.7,-7.2,-21.2,-21.5,-37.3,0.62,0.1,Recovery Candidate,Watchlist Only,Watchlist / Research Later,Momentum Risk,High business health (79.6/100) | Strong cash-flow profile (86.3/100) | Strong quality profile (86.0/100) | FCF yield looks attractive (6.22%) | Fair value upside is positive (16.8%),Momentum is weak (13.5/100) | Relative strength is weak (0.0/100),60+ minutes,Strong free cash flow yield.,88,Yahoo Finance,2026-10-08,2026-10-08 19:14:58,160.17,17.8,3/3,Medium,173.72,70.0,80.4
BSX,Boston Scientific Corporation,Healthcare,Medical Devices,41.93,55.82,41.68,66.57,P/E (sector median 27x): $66.57 | EV/FCF (sector median 30x): $41.68 | DCF (FCFF/WACC): $55.82,33.1,24.9,52.35,Research only,43.4,F,Tier 4 — Low Priority / Avoid,50.2,43.1,28.1,50.6,44.0,42.0,2.5,33.4,56.9,49.5,72.1,41.9,39.5,11.4,0.0,62.7,51.8,50.0,16.975708,12.397329,0.6251,2.8941796,12.865,29.97,4.03,5.89,17.5,69.19,22.9,27.2,11.68,21.57,54.13,15.34,6.19,10.25,7.5,15.1,50.151,1.24,0.558,0.04,2.12,0.575,31.7,-61.5,0.0,0.0,-2.7,-6.1,-32.1,-56.7,-46.5,-72.7,0.57,0.01,Recovery Candidate,Low Priority / Avoid,High Risk — Needs Confirmation,Momentum Risk,ROIC proxy is strong (10.25%) | Fair value upside is positive (33.1%),Financial strength looks weak (39.5/100) | Momentum is weak (11.4/100) | Relative strength is weak (0.0/100),60+ minutes,Financial risk: balance sheet metrics look weak.,100,Yahoo Finance,2026-10-08,2026-10-08 19:15:05,70.75,28.6,2/3,High,1.96,59.1,91.1
BMY,Bristol-Myers Squibb Company,Healthcare,Drug Manufacturers - General,59.88,114.76,92.97,148.37,P/E (sector median 27x): $122.35 | EV/FCF (sector median 30x): $92.97 | DCF (FCFF/WACC): $107.17 | Dividend (DDM): $148.37,91.7,47.8,76.64,Research only,54.3,F,Tier 4 — Low Priority / Avoid,57.8,49.5,52.7,57.3,54.1,52.7,27.5,46.6,49.5,72.4,68.4,62.6,35.5,42.2,47.8,63.3,74.1,50.0,13.188326,9.055532,17.0263,2.486633,8.226,19.19,6.63,7.58,18.87,71.66,34.42,38.49,16.5,25.99,63.48,46.6,10.72,23.75,5.7,153.1,201.859,1.532,1.29,0.25,1.8,0.184,28.5,-29.9,4.22,55.29,-5.1,1.9,4.4,40.4,-10.0,24.4,0.49,0.72,General Watchlist,Low Priority / Avoid,High Risk — Needs Confirmation,Debt / Balance Sheet Risk,FCF yield looks attractive (6.63%) | ROIC proxy is strong (23.75%) | Fair value upside is positive (91.7%),Financial strength looks weak (35.5/100) | Debt/equity is high,60+ minutes,Strong free cash flow yield. | Strong ROIC proxy. | Financial risk: balance sheet metrics look weak.,100,Yahoo Finance,2026-10-08,2026-10-08 19:15:12,130.05,28.6,4/4,High,259.39,64.9,80.7
AVGO,Broadcom Inc.,Technology,Semiconductors,358.01,196.58,73.5,248.51,"P/E (sector median 32x): $248.51 | EV/FCF (sector median 33x): $196.58 | DCF (3-stage, CAPM): $73.50",-45.1,-82.1,379.5,Research only,66.1,D,Tier 3 — Watchlist Only,80.2,62.3,37.6,83.8,63.9,65.8,37.5,59.4,100.0,61.4,37.0,93.9,76.0,28.4,7.5,40.2,91.2,50.0,45.716793,18.457556,0.361,19.180185,35.006,59.79,1.79,2.19,42.94,75.52,54.31,58.65,34.34,45.62,75.26,44.25,15.37,28.29,85.5,215.3,59.604,2.504,2.153,0.4,0.68,1.476,52.2,-41.1,0.69,32.44,-0.6,-6.6,-3.3,4.4,-17.6,-11.7,0.67,0.35,"Long-Term Compounder, Healthy Business",Watchlist Only,Watchlist / Research Later,Momentum Risk,Strong investment score (80.2/100) | High business health (83.8/100) | Strong quality profile (100.0/100) | Strong growth profile (93.9/100) | ROIC proxy is strong (28.29%),Valuation may be stretched (37.0/100) | Momentum is weak (28.4/100) | Relative strength is weak (7.5/100),60+ minutes,Strong ROIC proxy.,100,Yahoo Finance,2026-10-08,2026-10-08 19:15:19,358.01,45.7,0/3,Low,127.89,93.3,0.0
BR,"Broadridge Financial Solutions,",Technology,Information Technology Services,164.4,304.32,256.76,329.25,P/E (sector median 32x): $304.64 | EV/FCF (sector median 33x): $304.00 | DCF (FCFF/WACC): $256.76 | Dividend (DDM): $329.25,85.1,46.0,210.43,Research only,53.6,F,Tier 4 — Low Priority / Avoid,59.5,51.7,39.7,63.8,53.3,53.1,27.5,47.2,75.9,71.6,71.0,40.0,38.5,35.5,17.1,57.0,58.3,50.0,17.124998,14.20338,1.7766,2.4824476,11.723,17.75,6.44,5.84,15.04,31.78,24.61,24.19,15.98,18.0,88.77,40.92,9.29,24.51,7.5,8.4,123.939,1.236,1.084,0.11,1.72,0.932,25.8,-48.2,2.72,40.63,-2.3,9.5,10.2,-28.9,-4.1,-45.0,0.47,0.31,Recovery Candidate,Low Priority / Avoid,High Risk — Needs Confirmation,Momentum Risk,Strong quality profile (75.9/100) | FCF yield looks attractive (6.44%) | ROIC proxy is strong (24.51%) | Fair value upside is positive (85.1%),Financial strength looks weak (38.5/100) | Momentum is weak (35.5/100) | Relative strength is weak (17.1/100),60+ minutes,Strong free cash flow yield. | Strong ROIC proxy. | Financial risk: balance sheet metrics look weak.,100,Yahoo Finance,2026-10-08,2026-10-08 19:15:26,438.88,45.7,4/4,High,84.84,52.4,98.2
BRO,"Brown & Brown, Inc.",Financial Services,Insurance Brokers,63.51,117.96,45.27,190.65,P/E (sector median 14x): $45.27 | P/B (justified): $190.65,85.7,46.2,81.29,Research only,61.7,D-,Tier 3 — Watchlist Only,73.1,63.0,34.0,73.7,61.4,62.0,40.0,57.7,81.3,91.1,75.9,73.4,35.2,17.9,0.0,63.6,77.4,50.0,20.033123,13.157568,1.51,3.1891687,9.535,16.79,7.73,4.99,18.08,56.28,41.84,43.4,24.65,22.81,108.08,10.02,5.38,11.06,32.4,7.1,63.975,1.127,0.396,0.11,2.47,0.593,27.7,-55.8,1.07,20.35,-4.3,-8.0,-1.9,-33.2,-16.2,-49.2,0.78,0.23,Recovery Candidate,Watchlist Only,High Risk — Needs Confirmation,Momentum Risk,Strong cash-flow profile (91.1/100) | Strong quality profile (81.3/100) | FCF yield looks attractive (7.73%) | ROIC proxy is strong (11.06%) | Fair value upside is positive (85.7%),Financial strength looks weak (35.2/100) | Momentum is weak (17.9/100) | Relative strength is weak (0.0/100),60+ minutes,Strong free cash flow yield. | Financial risk: balance sheet metrics look weak.,100,Yahoo Finance,2026-10-08,2026-10-08 19:15:34,44.03,13.9,1/2,Low,16.67,80.0,97.8
BF-B,Brown Forman Inc,Consumer Defensive,Beverages - Wineries & Distilleries,26.68,30.01,12.66,34.57,P/E (sector median 22x): $34.57 | EV/FCF (sector median 24x): $30.82 | DCF (FCFF/WACC): $29.19 | Dividend (DDM): $12.66,12.5,11.1,29.18,Research only,54.3,F,Tier 4 — Low Priority / Avoid,62.4,51.7,34.2,69.4,53.9,55.8,37.5,51.0,88.0,69.8,65.6,28.5,55.2,31.6,2.9,59.4,50.7,50.0,17.212904,15.56729,2.0047,3.127075,11.999,20.76,5.6,5.81,18.42,60.66,27.55,30.29,17.51,25.87,67.68,18.12,8.63,13.95,-1.4,5.7,61.502,3.263,0.926,0.12,1.8,0.324,38.7,-51.9,3.56,59.32,0.3,2.5,-8.0,-0.7,-22.3,-16.8,0.47,0.56,General Watchlist,Low Priority / Avoid,Avoid for Now,Growth Risk,Strong quality profile (88.0/100) | FCF yield looks attractive (5.6%) | ROIC proxy is strong (13.95%) | Fair value upside is positive (12.5%),Growth profile looks weak (28.5/100) | Momentum is weak (31.6/100) | Relative strength is weak (2.9/100),45 minutes,Strong ROIC proxy.,100,Yahoo Finance,2026-10-08,2026-10-08 19:15:41,33.4,21.5,3/4,Low,71.63,52.7,99.3
BG,Bunge Limited,Consumer Defensive,Farm Products,108.16,373.1,111.97,634.23,P/E (sector median 22x): $111.97 | Dividend (DDM): $634.23,244.9,71.0,138.44,Research only,30.5,F,Tier 4 — Low Priority / Avoid,32.8,29.0,39.4,15.4,32.1,9.9,0.0,15.9,7.3,5.8,63.9,78.2,22.0,23.8,34.6,72.2,35.0,50.0,21.545818,9.62353,1.37,0.2263105,12.268,,-31.16,4.64,1.1,4.92,4.62,3.4,-7.05,1.17,-602.36,7.18,3.47,10.39,88.3,33.0,97.995,1.567,0.331,0.05,5.21,0.719,31.0,-29.2,2.73,56.18,-13.2,-7.3,-11.6,34.6,-26.0,18.5,0.48,0.57,General Watchlist,Low Priority / Avoid,High Risk — Needs Confirmation,Cash Flow Risk,Strong growth profile (78.2/100) | ROIC proxy is strong (10.39%) | Fair value upside is positive (244.9%),Cash-flow profile looks weak (5.8/100) | Financial strength looks weak (22.0/100) | Momentum is weak (23.8/100) | Relative strength is weak (34.6/100),60+ minutes,Financial risk: balance sheet metrics look weak.,100,Yahoo Finance,2026-10-08,2026-10-08 19:15:48,108.16,21.5,2/2,Low,66.49,55.4,97.8
BXP,"BXP, Inc.",Real Estate,REIT - Office,59.38,53.88,49.09,120.15,P/E (sector median 29x): $53.07 | EV/FCF (sector median 29x): $54.68 | DCF (FCFF/WACC): $120.15 | Dividend (DDM): $49.09,-9.3,-10.2,62.94,Research only,43.0,F,Tier 4 — Low Priority / Avoid,47.6,40.6,34.0,49.6,42.8,34.6,2.5,30.0,58.3,85.8,42.4,31.9,1.1,25.5,23.9,48.4,37.7,50.0,31.922043,27.226873,2.3159,3.3664126,17.304,31.78,8.2,3.13,9.3,56.45,28.75,50.69,27.6,40.26,68.56,5.31,1.68,3.34,3.7,-23.2,211.631,0.506,0.448,0.03,9.81,1.054,29.7,-39.0,4.68,150.54,-5.7,-10.4,14.5,-14.9,0.2,-31.0,0.42,0.43,General Watchlist,Low Priority / Avoid,High Risk — Needs Confirmation,Debt / Balance Sheet Risk,Strong cash-flow profile (85.8/100) | FCF yield looks attractive (8.2%),Growth profile looks weak (31.9/100) | Financial strength looks weak (1.1/100) | Momentum is weak (25.5/100) | Relative strength is weak (23.9/100),60+ minutes,Strong free cash flow yield. | Financial risk: balance sheet metrics look weak.,100,Yahoo Finance,2026-10-08,2026-10-08 19:15:55,59.38,31.9,1/4,Medium,161.87,41.2,99.5
CHRW,"C.H. Robinson Worldwide, Inc.",Industrials,Integrated Freight & Logistics,142.7,138.27,70.21,274.31,P/E (sector median 27x): $144.06 | EV/FCF (sector median 34x): $132.48 | DCF (FCFF/WACC): $70.21 | Dividend (DDM): $274.31,-3.1,-3.2,151.26,Research only,36.4,F,Tier 4 — Low Priority / Avoid,43.3,34.1,30.2,34.3,36.8,28.1,2.5,25.4,28.0,26.0,44.6,62.9,46.1,16.8,10.8,56.3,43.7,50.0,27.232824,19.070427,1.8224,0.9793618,18.87,36.62,2.89,3.67,3.73,8.45,5.34,5.49,2.83,4.03,70.13,37.12,9.96,20.84,19.3,23.8,121.188,1.582,1.528,0.08,1.95,0.949,39.8,-35.2,1.86,47.9,-6.4,-27.1,-12.0,8.1,-26.4,-8.0,0.84,0.23,General Watchlist,Low Priority / Avoid,Avoid for Now,Momentum Risk,ROIC proxy is strong (20.84%),Cash-flow profile looks weak (26.0/100) | Momentum is weak (16.8/100) | Relative strength is weak (10.8/100),60+ minutes,Strong ROIC proxy.,100,Yahoo Finance,2026-10-08,2026-10-08 19:16:03,209.81,40.0,2/4,Low,131.62,52.4,98.5
CDNS,"Cadence Design Systems, Inc.",Technology,Software - Application,349.45,159.62,105.14,184.42,"P/E (sector median 32x): $159.62 | EV/FCF (sector median 33x): $184.42 | DCF (3-stage, CAPM): $105.14",-54.3,-118.9,370.42,Research only,66.1,D,Tier 3 — Watchlist Only,74.8,57.9,60.0,71.7,64.7,58.4,25.0,52.6,68.1,63.4,10.0,91.7,70.5,55.1,54.0,60.4,89.4,50.0,69.47415,36.52445,2.3143,16.51105,46.448,62.21,1.67,1.44,23.61,85.87,28.57,36.93,27.57,31.77,86.78,23.23,10.61,16.5,24.2,125.4,38.661,1.743,1.426,0.58,0.52,1.128,41.0,-34.2,0.0,0.0,22.6,-7.5,31.5,-0.2,17.2,-16.2,0.3,0.56,General Watchlist,Watchlist Only,Watchlist / Research Later,Valuation Risk,Strong growth profile (91.7/100) | ROIC proxy is strong (16.5%),Valuation may be stretched (10.0/100),60+ minutes,Strong ROIC proxy. | Valuation risk: stock may be expensive.,100,Yahoo Finance,2026-10-08,2026-10-08 19:16:10,229.95,45.7,0/3,Medium,81.21,83.0,85.1
CPT,Camden Property Trust,Real Estate,REIT - Residential,97.18,40.17,26.63,86.45,P/E (sector median 29x): $86.45 | EV/FCF (sector median 29x): $26.63 | DCF (FCFF/WACC): $29.70 | Dividend (DDM): $50.63,-58.7,-141.9,103.01,Research only,22.2,F,Tier 4 — Low Priority / Avoid,22.5,17.1,29.2,19.0,24.2,7.0,0.0,10.9,9.2,34.2,16.4,14.4,11.8,19.8,1.9,78.0,24.2,50.0,32.07261,89.15596,9.17,6.176504,16.687,106.8,1.43,3.12,20.62,61.62,16.1,56.51,8.83,51.04,17.3,7.89,1.87,2.35,-0.8,-75.7,125.648,0.352,0.027,0.01,5.4,0.806,20.9,-20.3,4.34,139.27,-4.2,-14.0,-2.8,-1.8,-17.1,-17.8,0.34,0.15,General Watchlist,Low Priority / Avoid,High Risk — Needs Confirmation,Business Quality Risk,No single dominant strength; needs manual research.,Valuation may be stretched (16.4/100) | Cash-flow profile looks weak (34.2/100) | Growth profile looks weak (14.4/100) | Financial strength looks weak (11.8/100),60+ minutes,Valuation risk: stock may be expensive. | Financial risk: balance sheet metrics look weak.,100,Yahoo Finance,2026-10-08,2026-10-08 19:16:17,96.72,31.9,0/4,Low,106.46,32.9,99.7
COF,Capital One Financial Corporati,Financial Services,Credit Services,198.31,222.28,157.21,232.74,P/E (sector median 14x): $222.28 | P/B (justified): $157.21 | Dividend (DDM): $232.74,12.1,10.8,216.29,Research only,48.2,F,Tier 4 — Low Priority / Avoid,55.8,45.2,38.3,51.0,48.0,48.1,25.0,42.6,30.6,60.0,77.5,72.7,55.1,32.3,6.7,58.7,71.2,50.0,12.739884,8.325963,0.1803,2.5288546,,,,7.85,21.87,0.0,33.63,0.0,,65.38,,9.03,1.52,13.41,1111.0,,,,,1.16,,1.04,35.7,-31.5,1.63,19.27,-4.2,-2.0,3.6,-4.9,-10.7,-21.0,1.02,0.29,Recovery Candidate,Low Priority / Avoid,Avoid for Now,Business Quality Risk,ROIC proxy is strong (13.41%) | Fair value upside is positive (12.1%),Momentum is weak (32.3/100) | Relative strength is weak (6.7/100),60+ minutes,Strong ROIC proxy.,69,Yahoo Finance,2026-10-08,2026-10-08 19:16:24,216.18,13.9,2/3,High,76.95,61.7,80.8
CAH,"Cardinal Health, Inc.",Healthcare,Medical Distribution,241.27,510.76,194.85,573.28,"P/E (sector median 27x): $194.85 | EV/FCF (sector median 30x): $573.28 | DCF (3-stage, CAPM): $510.76",111.7,52.8,308.83,Research only,43.6,F,Tier 4 — Low Priority / Avoid,42.0,36.4,59.9,36.3,44.5,41.3,15.0,34.5,14.0,55.1,69.3,50.3,37.7,56.1,65.6,77.5,50.2,50.0,33.370678,17.163849,1.1136,0.2197395,14.042,12.54,8.51,3.0,0.67,3.84,1.33,1.67,1.87,2.04,91.85,,3.72,,5.8,68.8,,0.883,0.425,0.49,1.21,0.501,27.0,-20.4,0.89,28.33,2.5,3.5,12.5,54.4,-1.9,38.3,0.43,0.93,General Watchlist,Low Priority / Avoid,High Risk — Needs Confirmation,Business Quality Risk,FCF yield looks attractive (8.51%) | Fair value upside is positive (111.7%),Financial strength looks weak (37.7/100),60+ minutes,Strong free cash flow yield. | Financial risk: balance sheet metrics look weak.,88,Yahoo Finance,2026-10-08,2026-10-08 19:16:31,207.09,28.6,2/3,Low,154.37,34.8,91.9
CCL,Carnival Corporation Ltd.,Consumer Cyclical,Travel Services,26.07,18.53,4.42,41.8,P/E (sector median 18x): $41.80 | EV/FCF (sector median 28x): $22.34 | DCF (FCFF/WACC): $14.73 | Dividend (DDM): $4.42,-28.9,-40.7,27.63,Research only,32.0,F,Tier 4 — Low Priority / Avoid,35.6,29.8,26.9,35.7,31.0,13.9,0.0,17.5,44.2,44.6,78.1,28.1,13.9,40.0,0.0,17.9,31.4,50.0,11.482731,10.178057,0.757,1.2701895,8.187,33.03,5.16,8.71,11.37,55.38,26.43,26.43,6.55,24.72,26.5,24.0,5.39,15.14,3.5,5.0,177.11,0.274,0.152,0.05,3.28,2.381,48.1,-42.3,1.72,19.82,16.0,-1.5,-5.8,-8.4,-20.1,-24.5,0.47,0.37,Recovery Candidate,Low Priority / Avoid,High Risk — Needs Confirmation,Debt / Balance Sheet Risk,FCF yield looks attractive (5.16%) | ROIC proxy is strong (15.14%),Growth profile looks weak (28.1/100) | Financial strength looks weak (13.9/100) | Relative strength is weak (0.0/100) | Risk profile is elevated (17.9/100),60+ minutes,Strong ROIC proxy. | Financial risk: balance sheet metrics look weak. | Risk warning: volatility/drawdown risk is elevated.,100,Yahoo Finance,2026-10-08,2026-10-08 19:16:38,40.32,17.8,1/4,Low,,43.6,95.4
CARR,Carrier Global Corporation,Industrials,Building Products & Equipment,55.81,21.52,14.5,37.94,P/E (sector median 27x): $37.94 | EV/FCF (sector median 34x): $28.38 | DCF (FCFF/WACC): $14.67 | Dividend (DDM): $14.50,-61.4,-159.3,59.16,Research only,18.7,F,Tier 4 — Low Priority / Avoid,20.3,15.8,22.2,14.7,19.9,3.9,0.0,8.8,6.9,19.4,42.9,17.9,25.2,16.6,0.0,52.6,12.3,50.0,40.445652,16.926409,1.0741,2.0969262,18.629,66.86,1.86,2.47,5.52,24.69,13.07,13.99,3.9,10.8,36.1,8.97,2.98,9.4,3.9,-11.8,91.998,1.02,0.547,0.11,3.57,1.288,34.8,-38.1,1.71,67.39,-1.5,-18.4,-11.2,-5.2,-25.6,-21.3,0.45,0.23,General Watchlist,Low Priority / Avoid,High Risk — Needs Confirmation,Business Quality Risk,No single dominant strength; needs manual research.,Cash-flow profile looks weak (19.4/100) | Growth profile looks weak (17.9/100) | Financial strength looks weak (25.2/100) | Momentum is weak (16.6/100),60+ minutes,Financial risk: balance sheet metrics look weak.,100,Yahoo Finance,2026-10-08,2026-10-08 19:16:45,55.25,40.0,0/4,Low,118.7,25.9,93.5
CVNA,Carvana Co.,Consumer Cyclical,Auto & Truck Dealerships,63.2,15.29,6.7,34.81,"P/E (sector median 18x): $34.81 | EV/FCF (sector median 28x): $15.29 | DCF (3-stage, CAPM): $6.70",-75.8,-313.4,67.0,Research only,36.4,F,Tier 4 — Low Priority / Avoid,46.6,36.0,22.1,36.8,35.1,21.4,5.0,24.1,34.6,8.7,31.1,73.9,69.0,18.1,0.0,17.6,43.6,50.0,33.4418,27.845453,,2.7959313,19.786,117.03,0.61,2.99,6.26,19.37,9.22,10.02,1.69,4.47,37.89,58.77,11.7,20.8,52.4,61.5,110.88,3.926,1.724,0.55,1.02,3.548,66.5,-43.0,0.0,0.0,-10.1,-2.7,-6.0,-12.4,-20.4,-28.5,0.55,0.18,General Watchlist,Low Priority / Avoid,High Risk — Needs Confirmation,Cash Flow Risk,ROIC proxy is strong (20.8%),Valuation may be stretched (31.1/100) | Cash-flow profile looks weak (8.7/100) | Momentum is weak (18.1/100) | Relative strength is weak (0.0/100),60+ minutes,Strong ROIC proxy. | Valuation risk: stock may be expensive. | Risk warning: volatility/drawdown risk is elevated.,100,Yahoo Finance,2026-10-08,2026-10-08 19:16:52,33.56,17.8,0/3,Low,,61.7,89.5
CASY,"Caseys General Stores, Inc.",Consumer Cyclical,Specialty Retail,641.86,382.31,361.29,763.76,P/E (sector median 18x): $382.31 | EV/FCF (sector median 28x): $361.29 | DCF (FCFF/WACC): $763.76,-40.4,-67.9,680.37,Research only,34.9,F,Tier 4 — Low Priority / Avoid,41.0,31.6,35.4,26.9,36.0,19.3,0.0,21.0,21.0,16.9,29.2,75.0,39.2,23.9,18.2,70.4,37.4,50.0,30.91787,27.367762,2.7014,1.2704931,16.18,50.29,2.12,3.23,4.14,23.82,6.5,8.38,2.7,7.44,36.23,19.98,7.91,14.85,24.3,27.7,70.547,1.019,0.565,0.18,1.51,0.585,33.0,-36.1,0.41,11.37,2.3,-25.2,-12.9,16.3,-27.2,0.3,0.47,0.32,General Watchlist,Low Priority / Avoid,High Risk — Needs Confirmation,Cash Flow Risk,Strong growth profile (75.0/100) | ROIC proxy is strong (14.85%),Valuation may be stretched (29.2/100) | Cash-flow profile looks weak (16.9/100) | Financial strength looks weak (39.2/100) | Momentum is weak (23.9/100),60+ minutes,Strong ROIC proxy. | Valuation risk: stock may be expensive. | Financial risk: balance sheet metrics look weak.,100,Yahoo Finance,2026-10-08,2026-10-08 19:17:00,368.64,17.8,1/3,Medium,26.25,56.5,97.3
CAT,"Caterpillar, Inc.",Industrials,Farm & Heavy Construction Machinery,793.36,312.25,189.46,638.67,P/E (sector median 27x): $638.67 | EV/FCF (sector median 34x): $312.25 | DCF (FCFF/WACC): $189.46,-60.6,-154.1,840.96,Research only,46.0,F,Tier 4 — Low Priority / Avoid,51.8,41.0,44.6,45.6,44.8,16.9,0.0,24.0,66.3,25.6,32.3,86.0,20.7,37.2,47.2,35.0,59.1,50.0,34.15239,24.473253,1.421,4.880136,26.835,86.37,1.38,2.93,14.51,29.71,22.18,21.75,6.76,18.16,37.21,56.97,9.03,22.35,24.0,68.2,232.783,1.368,0.78,0.13,2.41,1.58,35.4,-34.0,0.8,26.0,-1.4,-14.7,0.7,59.4,-13.6,43.4,0.78,0.53,General Watchlist,Low Priority / Avoid,High Risk — Needs Confirmation,Debt / Balance Sheet Risk,Strong growth profile (86.0/100) | ROIC proxy is strong (22.35%),Valuation may be stretched (32.3/100) | Cash-flow profile looks weak (25.6/100) | Financial strength looks weak (20.7/100) | Momentum is weak (37.2/100),60+ minutes,Strong ROIC proxy. | Valuation risk: stock may be expensive. | Financial risk: balance sheet metrics look weak. | Risk warning: volatility/drawdown risk is elevated.,100,Yahoo Finance,2026-10-08,2026-10-08 19:17:07,930.12,40.0,0/3,Low,87.96,57.4,39.7
CBOE,"Cboe Global Markets, Inc.",Financial Services,Financial Data & Stock Exchanges,296.88,226.12,183.21,269.03,P/E (sector median 14x): $183.21 | P/B (justified): $269.03,-23.8,-31.3,314.7,Research only,52.9,F,Tier 4 — Low Priority / Avoid,60.4,45.3,52.1,51.4,52.9,50.6,25.0,44.7,28.7,42.6,42.0,86.2,78.0,50.0,27.4,76.4,75.6,50.0,23.139908,19.539595,2.3792,6.125699,14.647,41.69,2.19,4.32,26.73,54.08,34.63,38.15,13.4,38.78,34.56,26.3,11.58,28.58,22.9,50.2,28.09,1.565,0.793,1.49,-0.4,0.414,29.3,-36.7,1.22,22.45,3.3,7.4,0.8,24.0,-13.5,7.9,1.05,0.49,General Watchlist,Low Priority / Avoid,Avoid for Now,Business Quality Risk,Strong growth profile (86.2/100) | ROIC proxy is strong (28.58%),Relative strength is weak (27.4/100),60+ minutes,Strong ROIC proxy.,100,Yahoo Finance,2026-10-08,2026-10-08 19:17:14,178.18,13.9,0/2,High,49.73,79.8,96.1
CBRE,CBRE Group Inc,Real Estate,Real Estate Services,130.68,124.69,102.83,130.67,P/E (sector median 29x): $124.69 | EV/FCF (sector median 29x): $130.67 | DCF (FCFF/WACC): $102.83,-4.6,-4.8,138.52,Research only,27.8,F,Tier 4 — Low Priority / Avoid,31.3,25.1,27.0,26.0,28.8,18.9,0.0,17.8,12.9,40.4,58.7,34.2,24.9,19.3,0.0,58.9,32.2,50.0,29.903889,14.375668,0.7429,0.86572486,21.648,29.27,4.33,3.34,2.98,18.57,3.61,5.07,3.75,3.11,120.33,15.8,2.58,7.04,15.5,-4.2,117.789,1.141,0.971,0.14,4.21,1.234,31.9,-27.4,0.0,0.0,-5.3,-5.3,-7.5,-13.9,-21.8,-29.9,0.56,0.13,General Watchlist,Low Priority / Avoid,High Risk — Needs Confirmation,Business Quality Risk,No single dominant strength; needs manual research.,Growth profile looks weak (34.2/100) | Financial strength looks weak (24.9/100) | Momentum is weak (19.3/100) | Relative strength is weak (0.0/100),60+ minutes,Financial risk: balance sheet metrics look weak.,100,Yahoo Finance,2026-10-08,2026-10-08 19:17:21,139.5,31.9,0/3,High,86.27,32.7,95.0
CDW,CDW Corporation,Technology,Information Technology Services,140.49,224.67,135.54,277.78,P/E (sector median 32x): $264.02 | EV/FCF (sector median 33x): $135.54 | DCF (FCFF/WACC): $185.33 | Dividend (DDM): $277.78,59.9,37.5,179.82,Research only,29.2,F,Tier 4 — Low Priority / Avoid,29.6,27.9,33.4,25.1,29.4,10.4,0.0,15.2,23.2,30.3,65.7,32.7,18.3,36.2,21.7,35.5,28.6,50.0,16.885218,11.692244,1.33,0.74735206,11.452,34.03,3.85,5.92,4.6,21.36,7.34,8.56,2.88,4.18,68.93,44.01,6.59,16.03,10.0,4.9,263.278,1.167,1.011,0.06,3.02,0.941,40.2,-55.0,1.84,30.23,-1.5,-2.2,13.1,-8.7,-1.2,-24.7,0.85,0.73,General Watchlist,Low Priority / Avoid,High Risk — Needs Confirmation,Debt / Balance Sheet Risk,ROIC proxy is strong (16.03%) | Fair value upside is positive (59.9%),Cash-flow profile looks weak (30.3/100) | Growth profile looks weak (32.7/100) | Financial strength looks weak (18.3/100) | Momentum is weak (36.2/100),60+ minutes,Strong ROIC proxy. | Financial risk: balance sheet metrics look weak. | Risk warning: volatility/drawdown risk is elevated.,100,Yahoo Finance,2026-10-08,2026-10-08 19:17:28,380.38,45.7,3/4,Medium,66.87,34.1,98.4
COR,"Cencora, Inc.",Healthcare,Medical Distribution,322.13,323.12,271.6,363.01,P/E (sector median 27x): $363.01 | EV/FCF (sector median 30x): $271.60 | DCF (FCFF/WACC): $323.12,0.3,0.3,341.46,Research only,26.5,F,Tier 4 — Low Priority / Avoid,27.3,22.3,33.6,21.6,27.6,7.7,0.0,12.9,28.0,18.2,62.3,29.4,17.0,38.7,10.0,60.9,19.4,50.0,23.914625,16.267828,0.6539,0.18472493,13.019,35.34,3.32,4.18,0.79,3.96,1.41,1.67,0.61,1.45,42.38,96.87,3.56,25.31,5.1,11.9,446.516,0.935,0.477,0.19,2.1,0.581,27.0,-32.4,0.76,17.45,0.4,5.4,0.8,4.5,-13.5,-11.6,0.37,0.58,General Watchlist,Low Priority / Avoid,High Risk — Needs Confirmation,Debt / Balance Sheet Risk,ROIC proxy is strong (25.31%),Cash-flow profile looks weak (18.2/100) | Growth profile looks weak (29.4/100) | Financial strength looks weak (17.0/100) | Momentum is weak (38.7/100),60+ minutes,Strong ROIC proxy. | Financial risk: balance sheet metrics look weak.,100,Yahoo Finance,2026-10-08,2026-10-08 19:17:35,385.82,28.6,2/3,High,80.71,31.8,91.0
CNC,Centene Corporation,Healthcare,Healthcare Plans,64.68,591.82,301.55,882.09,"EV/FCF (sector median 30x): $882.09 | DCF (3-stage, CAPM): $301.55",815.0,89.1,82.79,Research only,53.4,F,Tier 4 — Low Priority / Avoid,53.5,46.7,61.8,53.9,52.1,48.4,27.5,44.0,44.0,63.7,86.2,38.0,73.0,58.2,100.0,39.3,39.8,50.0,,12.094783,0.7484,0.17720959,4.572,2.18,30.17,,-2.83,11.42,3.76,2.56,5.35,5.41,98.88,-20.36,2.48,46.13,4.6,,71.082,1.145,1.106,1.68,-2.38,1.13,52.3,-65.4,0.0,0.0,-1.1,-5.3,73.4,68.2,59.1,52.2,0.32,0.87,General Watchlist,Low Priority / Avoid,High Risk — Needs Confirmation,Growth Risk,Strong relative strength vs SPY (100.0/100) | FCF yield looks attractive (30.17%) | ROIC proxy is strong (46.13%) | Fair value upside is positive (815.0%),Growth profile looks weak (38.0/100) | Risk profile is elevated (39.3/100),60+ minutes,Strong free cash flow yield. | Strong ROIC proxy. | Outperforming SPY on relative strength. | Risk warning: volatility/drawdown risk is elevated.,88,Yahoo Finance,2026-10-08,2026-10-08 19:17:42,,28.6,2/2,Low,1569.69,38.7,96.0
CNP,"CenterPoint Energy, Inc (Holdin",Utilities,Utilities - Regulated Electric,38.52,119.26,33.24,205.28,P/E (sector median 20x): $33.24 | Dividend (DDM): $205.28,209.6,67.7,49.31,Research only,29.0,F,Tier 4 — Low Priority / Avoid,30.8,27.3,32.4,22.7,30.9,8.7,0.0,14.9,20.1,22.9,54.8,49.5,4.1,20.0,3.2,75.0,45.9,50.0,22.795858,18.455355,1.6234,2.6379623,12.867,,-20.46,4.39,11.61,47.03,24.49,40.06,-53.97,26.78,-201.55,9.83,3.0,5.18,10.7,23.3,210.256,1.123,0.353,0.02,6.28,0.459,17.5,-18.2,2.49,53.25,-1.5,-12.2,-10.2,-0.4,-24.5,-16.5,0.44,0.23,General Watchlist,Low Priority / Avoid,High Risk — Needs Confirmation,Debt / Balance Sheet Risk,Fair value upside is positive (209.6%),Cash-flow profile looks weak (22.9/100) | Financial strength looks weak (4.1/100) | Momentum is weak (20.0/100) | Relative strength is weak (3.2/100),60+ minutes,Financial risk: balance sheet metrics look weak.,100,Yahoo Finance,2026-10-08,2026-10-08 19:17:49,,,1/2,Low,59.98,36.2,97.1
CF,"CF Industries Holdings, Inc.",Basic Materials,Agricultural Inputs,115.19,349.98,251.05,517.69,"P/E (sector median 29x): $392.53 | EV/FCF (sector median 37x): $251.05 | DCF (3-stage, CAPM): $307.44 | Dividend (DDM): $517.69",203.8,67.1,147.45,1-5 years / long-term watch,72.6,C-,Tier 3 — Watchlist Only,85.2,71.0,46.1,85.7,72.0,74.2,62.5,71.6,100.0,73.9,92.1,80.3,84.3,28.0,30.2,74.4,77.0,50.0,8.545624,10.399251,0.603,2.2526677,5.645,17.12,7.32,11.7,27.12,42.49,49.33,50.04,16.5,38.47,42.89,29.87,12.93,43.89,17.6,99.6,40.504,4.86,4.142,0.69,0.29,0.527,38.3,-29.2,2.1,14.84,-14.7,-4.2,-4.2,29.6,-18.5,13.6,0.69,0.63,"Long-Term Compounder, Recovery Candidate, Healthy Business",Watchlist Only,Watchlist / Research Later,Momentum Risk,Strong investment score (85.2/100) | High business health (85.7/100) | Strong quality profile (100.0/100) | Strong growth profile (80.3/100) | FCF yield looks attractive (7.32%),Momentum is weak (28.0/100) | Relative strength is weak (30.2/100),45 minutes,Long-term investment quality is strong. | Stock health is strong. | Strong free cash flow yield. | Strong ROIC proxy.,100,Yahoo Finance,2026-10-08,2026-10-08 19:17:57,,,4/4,Medium,68.43,74.2,98.4
CRL,Charles River Laboratories Inte,Healthcare,Diagnostics & Research,293.19,164.53,94.34,234.72,EV/FCF (sector median 30x): $234.72 | DCF (FCFF/WACC): $94.34,-43.9,-78.2,310.79,Research only,38.4,F,Tier 4 — Low Priority / Avoid,33.1,26.6,67.9,30.3,37.2,19.7,5.0,21.0,15.4,45.7,52.1,32.3,29.9,84.1,100.0,30.6,37.4,50.0,,22.94932,0.1222,3.500086,20.55,37.22,3.35,,-5.96,34.59,15.11,21.23,11.72,14.56,80.54,-7.52,4.11,8.4,-2.7,,105.047,1.348,0.796,0.06,3.35,1.404,50.6,-54.8,0.0,0.0,7.4,27.6,66.9,69.0,52.6,53.0,0.72,0.89,General Watchlist,Low Priority / Avoid,High Risk — Needs Confirmation,Business Quality Risk,Strong relative strength vs SPY (100.0/100),Growth profile looks weak (32.3/100) | Financial strength looks weak (29.9/100) | Risk profile is elevated (30.6/100),60+ minutes,Outperforming SPY on relative strength. | Financial risk: balance sheet metrics look weak. | Risk warning: volatility/drawdown risk is elevated.,88,Yahoo Finance,2026-10-08,2026-10-08 19:18:04,,28.6,0/2,Medium,63.39,30.3,99.0
SCHW,Charles Schwab Corporation (The,Financial Services,Capital Markets,97.03,81.73,78.4,85.06,P/E (sector median 14x): $78.40 | P/B (justified): $85.06,-15.8,-18.7,102.85,Research only,58.2,F,Tier 4 — Low Priority / Avoid,68.3,53.1,42.4,67.7,57.9,54.3,27.5,49.4,79.3,60.0,69.6,79.9,38.5,25.2,13.6,73.3,86.0,50.0,17.673042,12.288132,0.8418,6.4472156,,,,5.66,38.79,97.5,52.28,0.0,,43.87,,20.27,2.07,45.96,20.9,42.6,151.106,0.655,0.655,1.27,,0.782,26.2,-19.8,1.32,21.49,-9.6,-5.0,3.0,4.8,-11.3,-11.3,0.52,0.42,General Watchlist,Low Priority / Avoid,High Risk — Needs Confirmation,Momentum Risk,Strong quality profile (79.3/100) | Strong growth profile (79.9/100) | ROIC proxy is strong (45.96%),Financial strength looks weak (38.5/100) | Momentum is weak (25.2/100) | Relative strength is weak (13.6/100),60+ minutes,Strong ROIC proxy. | Financial risk: balance sheet metrics look weak.,88,Yahoo Finance,2026-10-08,2026-10-08 19:18:11,76.25,13.9,0/2,High,84.87,77.3,73.0
CHTR,"Charter Communications, Inc.",Communication Services,Telecom Services,109.81,670.13,55.11,750.15,P/E (sector median 20x): $750.15 | EV/FCF (sector median 26x): $55.11 | DCF (FCFF/WACC): $670.13,510.2,83.6,140.56,Research only,26.7,F,Tier 4 — Low Priority / Avoid,29.7,28.7,18.1,28.5,27.2,11.3,0.0,15.3,22.2,54.0,83.7,23.4,3.0,0.0,0.0,37.1,33.4,50.0,2.8590212,2.3345025,0.6601,0.26235926,5.231,51.91,15.4,34.98,9.05,55.19,23.5,40.1,4.04,30.28,13.35,27.2,5.31,8.81,-1.7,16.1,441.578,0.361,0.302,0.01,4.41,0.693,47.1,-75.0,0.0,0.0,-21.9,-16.4,-49.8,-60.0,-64.1,-76.0,0.56,0.02,Recovery Candidate,Low Priority / Avoid,High Risk — Needs Confirmation,Momentum Risk,FCF yield looks attractive (15.4%) | Fair value upside is positive (510.2%),Growth profile looks weak (23.4/100) | Financial strength looks weak (3.0/100) | Momentum is weak (0.0/100) | Relative strength is weak (0.0/100),60+ minutes,Strong free cash flow yield. | Financial risk: balance sheet metrics look weak. | Risk warning: volatility/drawdown risk is elevated.,100,Yahoo Finance,2026-10-08,2026-10-08 19:18:18,,,2/3,Low,87.28,32.8,98.9
CVX,Chevron Corporation,Energy,Oil & Gas Integrated,212.25,215.45,176.48,1576.13,"P/E (sector median 17x): $176.48 | EV/FCF (sector median 18x): $194.80 | DCF (3-stage, CAPM): $236.10 | Dividend (DDM): $1,576.13",1.5,1.5,224.99,Research only,61.0,D-,Tier 3 — Watchlist Only,66.0,52.5,64.7,60.1,61.3,57.9,50.0,56.4,66.8,54.8,75.4,88.9,56.1,61.2,66.7,88.8,59.0,50.0,20.428295,14.600995,0.8994,1.9884533,8.713,20.12,5.27,4.9,9.83,44.27,21.87,24.2,10.48,21.64,48.4,12.23,5.86,16.56,53.5,321.9,18.959,1.252,0.843,0.23,0.56,0.523,24.3,-20.8,3.47,67.18,-0.2,17.5,14.6,43.5,0.3,27.4,0.57,0.93,General Watchlist,Watchlist Only,Watchlist / Research Later,News / Sentiment Risk,Strong growth profile (88.9/100) | FCF yield looks attractive (5.27%) | ROIC proxy is strong (16.56%),No major quant red flag detected.,30 minutes,Strong ROIC proxy.,100,Yahoo Finance,2026-10-08,2026-10-08 19:18:25,,,2/4,Low,115.02,78.9,31.0
CMG,"Chipotle Mexican Grill, Inc.",Consumer Cyclical,Restaurants,32.88,20.07,19.17,23.7,P/E (sector median 18x): $20.07 | EV/FCF (sector median 28x): $23.70 | DCF (FCFF/WACC): $19.17,-39.0,-63.8,34.85,Research only,33.3,F,Tier 4 — Low Priority / Avoid,38.6,31.7,24.3,37.9,33.1,14.4,0.0,18.6,58.1,35.6,38.7,30.9,14.9,23.6,0.0,35.9,28.5,50.0,30.165138,24.022972,1.7429,3.3489819,19.271,39.27,2.68,3.32,11.43,39.36,16.11,18.31,8.99,18.73,47.97,49.56,13.08,22.79,9.3,-1.3,246.35,0.715,0.592,0.13,2.08,0.958,38.7,-57.4,0.0,0.0,-9.0,-10.2,-3.5,-19.8,-17.9,-35.8,3.36,0.33,General Watchlist,Low Priority / Avoid,High Risk — Needs Confirmation,Debt / Balance Sheet Risk,ROIC proxy is strong (22.79%),Valuation may be stretched (38.7/100) | Cash-flow profile looks weak (35.6/100) | Growth profile looks weak (30.9/100) | Financial strength looks weak (14.9/100),60+ minutes,Strong ROIC proxy. | Financial risk: balance sheet metrics look weak. | Risk warning: volatility/drawdown risk is elevated.,100,Yahoo Finance,2026-10-08,2026-10-08 19:18:32,19.36,17.8,0/3,High,93.3,42.9,94.3
CB,Chubb Limited,Financial Services,Insurance - Property & Casualty,344.79,690.19,403.12,977.25,P/E (sector median 14x): $403.12 | P/B (justified): $977.25,100.2,50.0,441.33,Research only,52.1,F,Tier 4 — Low Priority / Avoid,55.2,47.6,49.1,56.5,53.4,52.5,25.0,45.3,52.1,79.3,73.4,37.8,46.0,41.3,32.8,93.8,46.0,50.0,12.213603,11.796516,2.5224,2.149088,10.177,14.44,7.88,8.19,18.07,31.13,23.53,24.04,16.94,24.84,68.21,14.82,3.36,12.44,6.1,-0.7,30.941,0.41,0.203,0.32,1.15,0.365,19.8,-14.4,1.22,13.92,2.1,-2.5,5.8,21.2,-8.5,5.1,0.43,0.82,Recovery Candidate,Low Priority / Avoid,Avoid for Now,Growth Risk,Strong cash-flow profile (79.3/100) | FCF yield looks attractive (7.88%) | ROIC proxy is strong (12.44%) | Fair value upside is positive (100.2%),Growth profile looks weak (37.8/100) | Relative strength is weak (32.8/100),60+ minutes,Strong free cash flow yield. | Strong ROIC proxy.,100,Yahoo Finance,2026-10-08,2026-10-08 19:18:39,392.05,13.9,2/2,Medium,47.82,48.5,78.9
CHD,"Church & Dwight Company, Inc.",Consumer Defensive,Household & Personal Products,98.05,82.01,69.59,88.08,P/E (sector median 22x): $69.59 | EV/FCF (sector median 24x): $88.08 | DCF (FCFF/WACC): $82.01,-16.4,-19.6,103.93,Research only,47.9,F,Tier 4 — Low Priority / Avoid,52.6,41.3,44.4,53.9,48.7,44.9,0.0,34.5,64.2,57.4,38.5,34.1,41.2,42.1,20.5,83.0,44.4,50.0,31.426285,24.295,2.6723,3.7337406,18.507,26.69,4.04,3.18,11.96,45.56,18.07,21.75,15.08,20.24,74.52,17.04,7.87,13.63,1.6,9.0,55.851,1.147,0.642,0.1,1.6,0.482,21.9,-27.3,1.27,38.62,4.4,1.2,3.4,11.7,-10.9,-4.4,0.4,0.73,General Watchlist,Low Priority / Avoid,Avoid for Now,Growth Risk,ROIC proxy is strong (13.63%),Valuation may be stretched (38.5/100) | Growth profile looks weak (34.1/100) | Relative strength is weak (20.5/100),60+ minutes,Strong ROIC proxy.,100,Yahoo Finance,2026-10-08,2026-10-08 19:18:46,67.22,21.5,0/3,High,91.74,47.5,97.4
CIEN,Ciena Corporation,Technology,Communication Equipment,424.53,138.86,57.05,141.85,"P/E (sector median 32x): $141.85 | EV/FCF (sector median 33x): $138.86 | DCF (3-stage, CAPM): $57.05",-67.3,-205.7,450.0,Research only,49.8,F,Tier 4 — Low Priority / Avoid,57.3,44.4,47.9,47.2,48.1,34.7,5.0,33.0,33.1,32.6,23.6,89.1,75.9,51.1,45.0,30.8,61.6,50.0,94.97316,35.89095,0.5679,9.998843,61.986,100.37,1.05,1.05,10.87,44.07,18.08,17.03,10.52,17.52,60.05,22.4,7.73,23.17,37.0,422.9,107.496,3.797,2.904,0.8,0.64,1.289,66.7,-49.4,0.0,0.0,26.9,-4.7,-14.4,165.9,-28.7,149.8,0.93,0.57,General Watchlist,Low Priority / Avoid,High Risk — Needs Confirmation,Valuation Risk,Strong growth profile (89.1/100) | ROIC proxy is strong (23.17%),Valuation may be stretched (23.6/100) | Cash-flow profile looks weak (32.6/100) | Risk profile is elevated (30.8/100),60+ minutes,Strong ROIC proxy. | Valuation risk: stock may be expensive. | Risk warning: volatility/drawdown risk is elevated.,100,Yahoo Finance,2026-10-08,2026-10-08 19:18:53,204.35,45.7,0/3,Medium,231.7,68.1,91.2
CI,The Cigna Group,Healthcare,Healthcare Plans,281.13,745.17,651.91,839.92,P/E (sector median 27x): $651.91 | EV/FCF (sector median 30x): $686.22 | DCF (FCFF/WACC): $804.12 | Dividend (DDM): $839.92,165.1,62.3,359.85,Research only,36.4,F,Tier 4 — Low Priority / Avoid,38.8,34.7,34.4,36.1,37.9,35.9,2.5,28.0,25.5,54.2,93.0,30.8,36.9,29.8,8.6,74.1,31.3,50.0,11.621951,8.395945,0.7509,0.2630736,7.635,12.21,10.74,8.6,2.27,9.14,3.98,4.52,2.83,3.64,77.65,16.76,4.46,13.2,6.7,10.2,74.29,0.846,0.687,0.23,1.93,0.298,31.3,-30.5,2.24,25.38,0.1,-7.2,4.8,-6.3,-9.5,-22.3,0.43,0.66,Recovery Candidate,Low Priority / Avoid,High Risk — Needs Confirmation,Business Quality Risk,FCF yield looks attractive (10.74%) | ROIC proxy is strong (13.2%) | Fair value upside is positive (165.1%),Growth profile looks weak (30.8/100) | Financial strength looks weak (36.9/100) | Momentum is weak (29.8/100) | Relative strength is weak (8.6/100),60+ minutes,Strong free cash flow yield. | Strong ROIC proxy. | Financial risk: balance sheet metrics look weak.,100,Yahoo Finance,2026-10-08,2026-10-08 19:19:00,692.85,28.6,4/4,High,114.64,37.4,88.8
CINF,Cincinnati Financial Corporatio,Financial Services,Insurance - Property & Casualty,165.41,543.39,302.45,824.74,P/E (sector median 14x): $302.45 | P/B (justified): $543.39 | Dividend (DDM): $824.74,228.5,69.6,211.72,1-5 years / long-term watch,74.4,C,Tier 3 — Watchlist Only,87.8,72.7,46.9,87.3,74.4,75.7,62.5,73.0,86.6,90.0,79.4,91.5,77.7,28.7,12.5,89.9,94.4,50.0,7.8094897,18.257368,2.19,1.819266,5.501,8.04,11.76,12.8,23.84,31.07,37.2,31.28,21.39,24.49,87.35,21.48,6.41,26.18,31.6,85.5,5.255,1.151,0.972,2.16,-0.23,0.528,23.2,-20.0,2.33,17.09,-1.9,-8.9,3.8,2.2,-10.5,-13.9,0.48,0.4,"Long-Term Compounder, Recovery Candidate, Healthy Business",Watchlist Only,Watchlist / Research Later,Momentum Risk,Strong investment score (87.8/100) | High business health (87.3/100) | Strong cash-flow profile (90.0/100) | Strong quality profile (86.6/100) | Strong growth profile (91.5/100),Momentum is weak (28.7/100) | Relative strength is weak (12.5/100),45 minutes,Long-term investment quality is strong. | Stock health is strong. | Strong free cash flow yield. | Strong ROIC proxy.,100,Yahoo Finance,2026-10-08,2026-10-08 19:19:07,294.15,13.9,3/3,Low,44.69,85.2,97.1
CTAS,Cintas Corporation,Industrials,Specialty Business Services,200.94,137.28,104.61,139.39,"P/E (sector median 27x): $139.39 | EV/FCF (sector median 34x): $137.28 | DCF (3-stage, CAPM): $104.61",-31.7,-46.4,213.0,Research only,57.0,F,Tier 4 — Low Priority / Avoid,63.6,49.5,49.8,65.7,56.9,46.5,12.5,41.7,96.1,43.5,12.7,51.3,48.8,48.1,30.9,76.8,57.4,50.0,39.633137,32.615047,3.1404,6.944173,26.01,49.76,2.02,2.52,17.82,50.99,24.1,26.86,14.04,21.06,66.68,41.38,16.66,28.96,10.9,13.3,52.096,1.454,0.677,0.09,0.79,0.917,24.3,-27.7,1.05,36.66,1.3,9.6,15.5,2.1,1.2,-14.0,0.33,0.72,General Watchlist,Low Priority / Avoid,Watchlist / Research Later,Valuation Risk,Strong quality profile (96.1/100) | ROIC proxy is strong (28.96%),Valuation may be stretched (12.7/100) | Relative strength is weak (30.9/100),60+ minutes,Strong ROIC proxy. | Valuation risk: stock may be expensive.,100,Yahoo Finance,2026-10-08,2026-10-08 19:19:14,203.0,40.0,0/3,High,78.43,61.5,87.8
CSCO,"Cisco Systems, Inc.",Technology,Communication Equipment,115.14,88.02,44.67,105.67,"P/E (sector median 32x): $105.67 | EV/FCF (sector median 33x): $88.02 | DCF (3-stage, CAPM): $44.67",-23.6,-30.8,122.05,Research only,68.7,D+,Tier 3 — Watchlist Only,72.3,55.8,76.2,73.7,67.7,63.3,50.0,60.4,98.9,52.3,40.4,83.3,48.8,66.5,100.0,77.0,81.3,50.0,34.57808,20.485079,0.9812,7.168877,25.762,42.95,2.46,2.89,20.95,64.52,27.72,29.44,17.66,22.39,78.88,27.32,7.98,21.17,17.6,52.1,62.017,0.931,0.691,0.51,0.82,0.979,29.4,-17.8,1.43,49.85,7.6,-3.1,41.1,66.8,26.8,50.7,0.41,0.78,Position Trade Candidate,Watchlist Only,Watchlist / Research Later,Valuation Risk,Strong quality profile (98.9/100) | Strong growth profile (83.3/100) | Strong relative strength vs SPY (100.0/100) | Strong 3-6 month position-trade setup (76.2/100) | ROIC proxy is strong (21.17%),No major quant red flag detected.,30 minutes,Strong ROIC proxy. | Outperforming SPY on relative strength.,100,Yahoo Finance,2026-10-08,2026-10-08 19:19:21,152.23,45.7,0/3,Medium,106.92,77.9,24.7
C,"Citigroup, Inc.",Financial Services,Banks - Diversified,127.76,132.23,95.95,156.2,P/E (sector median 14x): $132.23 | P/B (justified): $95.95 | Dividend (DDM): $156.20,3.5,3.4,135.43,Research only,46.1,F,Tier 4 — Low Priority / Avoid,50.9,38.8,48.7,45.7,45.9,44.5,25.0,39.6,23.4,40.0,75.1,75.2,56.3,31.8,41.9,59.8,81.2,50.0,13.796976,9.873208,0.6001,2.62274,,,,7.25,21.83,0.0,36.23,0.0,,-22.39,,8.53,0.66,,15.5,61.0,,,,1.24,,1.111,31.0,-31.3,2.1,25.92,-7.8,-8.7,3.7,34.9,-10.6,18.9,0.57,0.68,Recovery Candidate,Low Priority / Avoid,Avoid for Now,Business Quality Risk,Strong growth profile (75.2/100),Momentum is weak (31.8/100),60+ minutes,No major signal,75,Yahoo Finance,2026-10-08,2026-10-08 19:19:28,128.6,13.9,2/3,Medium,79.39,52.7,65.2
CFG,"Citizens Financial Group, Inc.",Financial Services,Banks - Regional,63.74,65.55,48.16,124.86,P/E (sector median 14x): $65.55 | P/B (justified): $48.16 | Dividend (DDM): $124.86,2.8,2.7,67.57,Research only,47.7,F,Tier 4 — Low Priority / Avoid,53.6,41.8,45.9,48.4,47.6,47.3,25.0,41.6,18.6,60.0,66.7,72.8,50.7,30.6,29.3,62.3,83.8,50.0,13.887799,9.755324,1.65,3.2897823,,,,7.2,26.05,0.0,35.13,0.0,,30.65,,8.27,0.94,8.56,14.7,41.3,,,,0.85,,1.062,30.8,-29.1,2.92,39.22,-8.5,-8.8,0.7,26.3,-13.6,10.2,1.02,0.6,General Watchlist,Low Priority / Avoid,Avoid for Now,Business Quality Risk,No single dominant strength; needs manual research.,Momentum is weak (30.6/100) | Relative strength is weak (29.3/100),45 minutes,No major signal,75,Yahoo Finance,2026-10-08,2026-10-08 19:19:35,63.74,13.9,2/3,Medium,88.81,48.9,96.8
