Scan Date,Ticker,Company,Sector,Overall Quant Score,Investment Score,Opportunity Score,Position Trade Score,Health Score,Expected Return Score,Price,Fair Value,Upside %,Tier,Labels,Conviction Score,Evidence Score,Research Priority
2026-06-05,MSFT,Microsoft Corporation,Technology,53.7,63.7,51.4,35.0,62.5,53.8,416.67,406.74,-2.4,Tier 4 — Low Priority / Avoid,General Watchlist,,,
2026-06-05,AAPL,Apple Inc.,Technology,61.7,67.1,44.3,73.3,65.5,60.0,307.34,212.65,-30.8,Tier 3 — Watchlist Only,General Watchlist,,,
2026-06-05,NVDA,NVIDIA Corporation,Technology,67.2,74.4,64.8,56.5,72.3,65.3,205.1,261.1,27.3,Tier 3 — Watchlist Only,General Watchlist,,,
2026-06-05,META,"Meta Platforms, Inc.",Communication Services,61.2,71.5,65.2,34.0,69.8,61.0,593.0,728.11,22.8,Tier 3 — Watchlist Only,General Watchlist,,,
2026-06-05,GOOGL,Alphabet Inc.,Communication Services,62.7,68.7,48.3,70.3,65.3,61.3,368.53,304.45,-17.4,Tier 3 — Watchlist Only,General Watchlist,,,
2026-06-05,AMZN,"Amazon.com, Inc.",Consumer Cyclical,42.2,44.9,35.1,49.2,39.1,42.1,246.03,156.82,-36.3,Tier 4 — Low Priority / Avoid,General Watchlist,,,
2026-06-05,COST,Costco Wholesale Corporation,Consumer Defensive,35.4,40.8,22.2,46.0,31.9,36.1,971.87,480.38,-50.6,Tier 4 — Low Priority / Avoid,General Watchlist,,,
2026-06-05,AVGO,Broadcom Inc.,Technology,65.0,74.2,56.5,57.7,72.4,62.6,385.73,403.78,4.7,Tier 3 — Watchlist Only,General Watchlist,,,
2026-06-05,V,Visa Inc.,Financial Services,65.3,75.1,61.8,47.8,74.7,65.4,323.57,342.96,6.0,Tier 3 — Watchlist Only,General Watchlist,,,
2026-06-05,MA,Mastercard Incorporated,Financial Services,58.7,67.8,58.9,37.4,68.7,58.8,491.08,525.31,7.0,Tier 4 — Low Priority / Avoid,General Watchlist,,,
2026-06-05,LLY,Eli Lilly and Company,Healthcare,59.3,63.9,44.2,72.2,59.2,57.8,1131.42,949.41,-16.1,Tier 4 — Low Priority / Avoid,General Watchlist,,,
2026-06-05,UNH,UnitedHealth Group Incorporated,Healthcare,39.6,30.6,35.2,65.5,29.8,40.2,399.47,298.16,-25.4,Tier 4 — Low Priority / Avoid,General Watchlist,,,
2026-06-05,HD,"Home Depot, Inc. (The)",Consumer Cyclical,29.3,29.2,32.4,24.5,29.5,30.9,310.78,229.39,-26.2,Tier 4 — Low Priority / Avoid,General Watchlist,,,
2026-06-05,PG,Procter & Gamble Company (The),Consumer Defensive,48.8,52.8,44.4,44.1,53.7,50.0,146.54,115.56,-21.1,Tier 4 — Low Priority / Avoid,General Watchlist,,,
2026-06-05,ADBE,Adobe Inc.,Technology,70.0,75.4,84.1,35.6,81.8,69.9,251.44,497.59,97.9,Tier 3 — Watchlist Only,"Undervalued Opportunity, Recovery Candidate, Healthy Business",,,
2026-06-05,CRM,"Salesforce, Inc.",Technology,59.4,64.7,74.9,27.5,65.2,59.8,185.66,267.17,43.9,Tier 4 — Low Priority / Avoid,Recovery Candidate,,,
2026-06-05,NFLX,"Netflix, Inc.",Communication Services,65.9,77.3,70.4,33.0,79.7,65.0,82.18,95.42,16.1,Tier 3 — Watchlist Only,General Watchlist,,,
2026-06-05,NOW,"ServiceNow, Inc.",Technology,49.4,57.4,48.5,32.6,57.7,49.1,112.45,103.33,-8.1,Tier 4 — Low Priority / Avoid,General Watchlist,,,
2026-06-05,AMD,"Advanced Micro Devices, Inc.",Technology,55.9,59.3,40.8,72.1,54.7,52.7,466.38,292.97,-37.2,Tier 4 — Low Priority / Avoid,General Watchlist,,,
2026-06-05,QCOM,QUALCOMM Incorporated,Technology,64.6,64.9,59.1,69.7,67.4,62.9,215.94,215.36,-0.3,Tier 3 — Watchlist Only,General Watchlist,,,
2026-06-05,PYPL,"PayPal Holdings, Inc.",Financial Services,54.3,53.5,73.5,27.2,59.1,55.6,41.29,71.06,72.1,Tier 4 — Low Priority / Avoid,Recovery Candidate,,,
2026-06-05,DIS,Walt Disney Company (The),Communication Services,29.8,28.9,32.0,29.0,28.0,31.6,99.71,71.49,-28.3,Tier 4 — Low Priority / Avoid,General Watchlist,,,
2026-06-05,NKE,"Nike, Inc.",Consumer Cyclical,27.8,28.7,28.9,22.0,31.7,28.7,42.98,30.73,-28.5,Tier 4 — Low Priority / Avoid,General Watchlist,,,
2026-06-05,SBUX,Starbucks Corporation,Consumer Cyclical,28.4,26.4,23.0,45.3,18.4,29.5,95.29,74.7,-21.6,Tier 4 — Low Priority / Avoid,General Watchlist,,,
2026-06-05,INTC,Intel Corporation,Technology,34.9,29.4,26.4,61.0,25.9,33.8,99.17,58.72,-40.8,Tier 4 — Low Priority / Avoid,General Watchlist,,,
2026-06-05,TGT,Target Corporation,Consumer Defensive,37.4,28.1,37.6,58.8,26.3,38.5,122.57,92.95,-24.2,Tier 4 — Low Priority / Avoid,General Watchlist,,,
2026-06-05,CVS,CVS Health Corporation,Healthcare,42.4,29.3,43.7,75.2,21.4,44.2,95.93,168.55,75.7,Tier 4 — Low Priority / Avoid,Position Trade Candidate,,,
2026-06-05,WBD,"Warner Bros. Discovery, Inc. - ",Communication Services,43.5,39.5,46.7,49.5,38.3,43.6,26.24,22.64,-13.7,Tier 4 — Low Priority / Avoid,General Watchlist,,,
2026-06-05,BA,Boeing Company (The),Industrials,28.8,29.7,21.3,38.5,26.8,28.9,215.45,91.72,-57.4,Tier 4 — Low Priority / Avoid,General Watchlist,,,
2026-06-05,PFE,"Pfizer, Inc.",Healthcare,56.1,56.6,59.6,47.8,59.4,57.5,26.04,28.05,7.7,Tier 4 — Low Priority / Avoid,General Watchlist,,,
2026-06-05,F,Ford Motor Company,Consumer Cyclical,28.8,20.2,23.3,60.9,12.3,28.6,14.9,12.75,-14.4,Tier 4 — Low Priority / Avoid,General Watchlist,,,
2026-06-05,GM,General Motors Company,Consumer Cyclical,43.9,31.3,57.3,54.4,31.7,45.8,82.11,146.5,78.4,Tier 4 — Low Priority / Avoid,General Watchlist,,,
2026-06-05,SHOP,Shopify Inc.,Technology,38.0,48.9,31.3,24.7,46.4,36.3,109.54,65.92,-39.8,Tier 4 — Low Priority / Avoid,General Watchlist,,,
2026-06-05,SQ,SQ,Unknown,48.9,50.1,49.8,45.0,50.0,49.4,,,,Tier 4 — Low Priority / Avoid,General Watchlist,,,
2026-06-05,ROKU,"Roku, Inc.",Communication Services,50.0,49.9,40.3,65.6,46.9,48.2,122.26,100.09,-18.1,Tier 4 — Low Priority / Avoid,General Watchlist,,,
2026-06-05,ZM,"Zoom Communications, Inc.",Technology,74.2,80.7,70.7,62.4,83.3,73.5,101.62,108.37,6.6,Tier 3 — Watchlist Only,"Long-Term Compounder, Healthy Business",,,
2026-06-05,PARA,PARA,Unknown,48.9,50.1,49.8,45.0,50.0,49.4,,,,Tier 4 — Low Priority / Avoid,General Watchlist,,,
2026-06-05,BABA,Alibaba Group Holding Limited,Consumer Cyclical,37.0,34.7,47.3,31.7,30.1,39.5,121.06,182.46,50.7,Tier 4 — Low Priority / Avoid,General Watchlist,,,
2026-07-02,MSFT,Microsoft Corporation,Technology,54.6,63.7,54.1,35.6,62.7,54.9,390.49,407.66,4.4,Tier 4 — Low Priority / Avoid,General Watchlist,53.7,50.0,54.0
2026-07-02,AAPL,Apple Inc.,Technology,61.0,67.0,44.8,69.5,65.5,59.4,308.63,217.95,-29.4,Tier 3 — Watchlist Only,General Watchlist,54.1,50.0,53.8
2026-07-02,NVDA,NVIDIA Corporation,Technology,66.3,74.0,67.1,50.1,72.5,64.7,194.83,264.91,36.0,Tier 3 — Watchlist Only,General Watchlist,59.2,40.0,57.9
2026-07-02,META,"Meta Platforms, Inc.",Communication Services,61.3,71.5,65.4,34.4,69.8,61.1,582.9,717.3,23.1,Tier 3 — Watchlist Only,General Watchlist,60.3,37.5,56.6
2026-07-02,GOOGL,Alphabet Inc.,Communication Services,61.3,68.7,48.8,63.5,65.4,60.1,359.91,302.34,-16.0,Tier 3 — Watchlist Only,General Watchlist,52.0,52.5,54.5
2026-07-02,AMZN,"Amazon.com, Inc.",Consumer Cyclical,40.3,44.7,35.1,40.9,39.1,40.4,242.67,155.77,-35.8,Tier 4 — Low Priority / Avoid,General Watchlist,29.5,2.5,26.7
2026-07-02,COST,Costco Wholesale Corporation,Consumer Defensive,35.0,40.7,22.3,44.2,31.9,35.8,951.67,479.24,-49.6,Tier 4 — Low Priority / Avoid,General Watchlist,22.2,27.5,27.4
2026-07-02,AVGO,Broadcom Inc.,Technology,67.2,74.3,65.0,55.6,73.1,65.3,360.45,574.25,59.3,Tier 3 — Watchlist Only,General Watchlist,58.2,40.0,57.3
2026-07-02,V,Visa Inc.,Financial Services,66.7,74.7,57.4,61.2,73.9,66.3,362.13,353.05,-2.5,Tier 3 — Watchlist Only,General Watchlist,64.0,62.5,64.0
2026-07-02,MA,Mastercard Incorporated,Financial Services,60.2,67.5,55.2,49.7,68.0,59.8,539.39,539.3,-0.0,Tier 3 — Watchlist Only,General Watchlist,48.7,40.0,51.0
2026-07-02,LLY,Eli Lilly and Company,Healthcare,59.3,63.7,42.8,74.2,59.0,57.7,1213.91,976.55,-19.6,Tier 4 — Low Priority / Avoid,General Watchlist,47.7,52.5,51.3
2026-07-02,UNH,UnitedHealth Group Incorporated,Healthcare,39.2,30.1,33.2,67.8,29.1,39.8,425.36,299.05,-29.7,Tier 4 — Low Priority / Avoid,General Watchlist,36.6,15.0,30.5
2026-07-02,HD,"Home Depot, Inc. (The)",Consumer Cyclical,31.4,28.6,29.3,39.9,28.4,32.6,357.9,236.57,-33.9,Tier 4 — Low Priority / Avoid,General Watchlist,12.2,0.0,16.4
2026-07-02,PG,Procter & Gamble Company (The),Consumer Defensive,49.4,52.7,43.7,48.0,53.4,50.4,151.41,115.88,-23.5,Tier 4 — Low Priority / Avoid,General Watchlist,46.0,12.5,38.6
2026-07-02,ADBE,Adobe Inc.,Technology,69.3,73.9,85.1,34.2,80.4,69.3,219.72,510.18,132.2,Tier 3 — Watchlist Only,"Undervalued Opportunity, Recovery Candidate, Healthy Business",74.0,50.0,69.0
2026-07-02,CRM,"Salesforce, Inc.",Technology,61.6,65.0,76.7,34.4,65.6,61.9,166.11,268.51,61.6,Tier 3 — Watchlist Only,"Undervalued Opportunity, Recovery Candidate",56.9,40.0,57.2
2026-07-02,NFLX,"Netflix, Inc.",Communication Services,67.0,77.7,74.1,32.4,80.3,66.3,77.65,95.53,23.0,Tier 3 — Watchlist Only,Healthy Business,70.4,37.5,62.8
2026-07-02,NOW,"ServiceNow, Inc.",Technology,50.9,57.8,52.0,33.7,58.1,50.7,106.32,107.02,0.7,Tier 4 — Low Priority / Avoid,General Watchlist,58.2,37.5,50.9
2026-07-02,AMD,"Advanced Micro Devices, Inc.",Technology,54.9,59.2,40.1,68.7,54.6,51.7,517.82,320.28,-38.1,Tier 4 — Low Priority / Avoid,General Watchlist,44.8,40.0,45.4
2026-07-02,QCOM,QUALCOMM Incorporated,Technology,63.6,65.8,72.6,45.1,69.4,63.3,176.25,240.58,36.5,Tier 3 — Watchlist Only,Recovery Candidate,66.5,50.0,62.7
2026-07-02,PYPL,"PayPal Holdings, Inc.",Financial Services,53.2,52.8,72.9,24.6,58.3,54.6,45.47,74.27,63.3,Tier 4 — Low Priority / Avoid,Recovery Candidate,55.9,25.0,50.2
2026-07-02,DIS,Walt Disney Company (The),Communication Services,30.3,28.7,32.4,30.8,28.0,32.0,99.5,72.07,-27.6,Tier 4 — Low Priority / Avoid,General Watchlist,22.1,0.0,20.3
2026-07-02,NKE,"Nike, Inc.",Consumer Cyclical,44.3,49.2,49.8,25.8,49.5,44.8,44.09,43.81,-0.6,Tier 4 — Low Priority / Avoid,General Watchlist,46.0,12.5,38.3
2026-07-02,SBUX,Starbucks Corporation,Consumer Cyclical,30.2,26.4,21.8,55.2,18.3,31.0,104.27,76.51,-26.6,Tier 4 — Low Priority / Avoid,General Watchlist,3.8,0.0,11.9
2026-07-02,INTC,Intel Corporation,Technology,35.5,29.4,26.4,63.6,25.9,34.3,120.35,68.08,-43.4,Tier 4 — Low Priority / Avoid,General Watchlist,17.1,17.5,22.4
2026-07-02,TGT,Target Corporation,Consumer Defensive,36.0,27.4,36.1,56.0,25.7,37.2,130.21,95.18,-26.9,Tier 4 — Low Priority / Avoid,General Watchlist,26.1,15.0,26.6
2026-07-02,CVS,CVS Health Corporation,Healthcare,41.6,28.6,41.9,75.8,20.5,43.4,104.72,162.33,55.0,Tier 4 — Low Priority / Avoid,Position Trade Candidate,19.9,17.5,27.0
2026-07-02,WBD,"Warner Bros. Discovery, Inc. - ",Communication Services,40.0,39.5,40.1,42.0,38.2,39.9,26.48,22.73,-14.2,Tier 4 — Low Priority / Avoid,General Watchlist,26.1,0.0,25.1
2026-07-02,BA,Boeing Company (The),Industrials,28.8,29.7,21.3,38.3,26.7,28.9,226.49,93.82,-58.6,Tier 4 — Low Priority / Avoid,General Watchlist,4.7,0.0,12.1
2026-07-02,PFE,"Pfizer, Inc.",Healthcare,55.5,56.5,63.2,40.2,59.8,57.2,24.32,29.16,19.9,Tier 4 — Low Priority / Avoid,Recovery Candidate,57.2,37.5,53.1
2026-07-02,F,Ford Motor Company,Consumer Cyclical,23.9,19.5,23.8,38.8,12.4,24.2,13.36,12.42,-7.0,Tier 4 — Low Priority / Avoid,General Watchlist,0.0,0.0,9.1
2026-07-02,GM,General Motors Company,Consumer Cyclical,42.1,31.3,57.7,45.2,31.9,44.2,76.0,144.45,90.1,Tier 4 — Low Priority / Avoid,Recovery Candidate,35.8,27.5,37.8
2026-07-02,SHOP,Shopify Inc.,Technology,39.2,48.8,31.2,30.2,46.3,37.4,119.46,68.86,-42.4,Tier 4 — Low Priority / Avoid,General Watchlist,30.5,17.5,30.2
2026-07-02,ROKU,"Roku, Inc.",Communication Services,51.1,49.3,38.1,75.0,46.2,49.0,142.43,107.94,-24.2,Tier 4 — Low Priority / Avoid,General Watchlist,43.1,52.5,46.2
2026-07-02,ZM,"Zoom Communications, Inc.",Technology,73.3,82.0,77.6,46.0,85.3,73.2,87.14,106.75,22.5,Tier 3 — Watchlist Only,"Long-Term Compounder, Undervalued Opportunity, Healthy Business",78.3,50.0,70.7
2026-07-02,BABA,Alibaba Group Holding Limited,Consumer Cyclical,35.8,34.6,51.4,20.4,30.9,38.4,96.14,150.24,56.3,Tier 4 — Low Priority / Avoid,Recovery Candidate,29.4,15.0,31.0
2026-07-06,MSFT,Microsoft Corporation,Technology,53.3,63.6,54.2,29.5,62.8,53.6,384.13,402.11,4.7,Tier 4 — Low Priority / Avoid,General Watchlist,51.5,37.5,49.9
2026-07-06,AAPL,Apple Inc.,Technology,60.2,67.0,44.1,66.8,65.5,58.6,312.67,216.08,-30.9,Tier 3 — Watchlist Only,General Watchlist,52.5,37.5,49.9
2026-07-06,NVDA,NVIDIA Corporation,Technology,66.0,73.9,67.0,48.9,72.5,64.4,197.22,268.63,36.2,Tier 3 — Watchlist Only,General Watchlist,58.9,40.0,57.7
2026-07-06,META,"Meta Platforms, Inc.",Communication Services,61.2,71.4,65.8,33.8,69.7,61.1,595.06,740.67,24.5,Tier 3 — Watchlist Only,General Watchlist,60.1,37.5,56.6
2026-07-06,GOOGL,Alphabet Inc.,Communication Services,62.7,68.7,48.7,69.9,65.3,61.4,364.36,304.69,-16.4,Tier 3 — Watchlist Only,General Watchlist,55.0,65.0,58.9
2026-07-06,AMZN,"Amazon.com, Inc.",Consumer Cyclical,41.5,44.6,34.9,46.9,39.1,41.5,245.57,156.65,-36.2,Tier 4 — Low Priority / Avoid,General Watchlist,32.0,15.0,30.9
2026-07-06,COST,Costco Wholesale Corporation,Consumer Defensive,34.2,40.7,22.2,40.8,31.9,35.0,942.72,473.85,-49.7,Tier 4 — Low Priority / Avoid,General Watchlist,21.0,15.0,23.8
2026-07-06,AVGO,Broadcom Inc.,Technology,67.4,74.3,64.8,57.2,73.0,65.5,374.63,598.1,59.7,Tier 3 — Watchlist Only,General Watchlist,58.1,40.0,57.3
2026-07-06,V,Visa Inc.,Financial Services,66.0,74.7,57.1,58.3,73.9,65.6,355.6,345.38,-2.9,Tier 3 — Watchlist Only,General Watchlist,63.1,50.0,60.5
2026-07-06,MA,Mastercard Incorporated,Financial Services,58.4,67.5,54.8,42.1,68.0,58.1,531.19,528.48,-0.5,Tier 4 — Low Priority / Avoid,General Watchlist,46.0,27.5,46.7
2026-07-06,LLY,Eli Lilly and Company,Healthcare,58.6,63.7,42.9,71.1,59.1,57.1,1202.75,966.14,-19.7,Tier 4 — Low Priority / Avoid,General Watchlist,47.4,52.5,51.1
2026-07-06,UNH,UnitedHealth Group Incorporated,Healthcare,38.9,30.1,33.6,65.7,29.3,39.5,415.95,295.68,-28.9,Tier 4 — Low Priority / Avoid,General Watchlist,38.0,27.5,34.2
2026-07-06,HD,"Home Depot, Inc. (The)",Consumer Cyclical,31.7,28.6,29.4,40.8,28.6,32.8,350.47,232.93,-33.5,Tier 4 — Low Priority / Avoid,General Watchlist,13.3,0.0,16.8
2026-07-06,PG,Procter & Gamble Company (The),Consumer Defensive,48.7,52.7,43.8,44.5,53.5,49.8,147.42,113.66,-22.9,Tier 4 — Low Priority / Avoid,General Watchlist,44.9,0.0,35.0
2026-07-06,ADBE,Adobe Inc.,Technology,67.4,73.8,84.9,25.9,80.4,67.6,218.53,497.04,127.5,Tier 3 — Watchlist Only,"Undervalued Opportunity, Recovery Candidate, Healthy Business",70.9,37.5,64.4
2026-07-06,CRM,"Salesforce, Inc.",Technology,59.5,64.9,76.5,25.5,65.6,60.0,166.76,267.15,60.2,Tier 4 — Low Priority / Avoid,"Undervalued Opportunity, Recovery Candidate",53.2,27.5,52.5
2026-07-06,NFLX,"Netflix, Inc.",Communication Services,67.5,77.7,73.5,35.4,80.4,66.6,76.38,92.76,21.5,Tier 3 — Watchlist Only,Healthy Business,72.5,50.0,66.7
2026-07-06,NOW,"ServiceNow, Inc.",Technology,48.9,57.7,51.5,25.7,58.0,48.8,108.75,108.23,-0.5,Tier 4 — Low Priority / Avoid,General Watchlist,54.6,25.0,46.2
2026-07-06,AMD,"Advanced Micro Devices, Inc.",Technology,56.6,59.2,40.0,76.6,54.5,53.3,562.39,344.97,-38.7,Tier 4 — Low Priority / Avoid,Position Trade Candidate,47.2,52.5,49.6
2026-07-06,QCOM,QUALCOMM Incorporated,Technology,65.0,65.5,72.1,52.8,68.9,64.5,188.03,255.36,35.8,Tier 3 — Watchlist Only,Recovery Candidate,68.1,50.0,63.4
2026-07-06,PYPL,"PayPal Holdings, Inc.",Financial Services,53.5,52.9,72.8,26.0,58.3,54.8,45.0,72.94,62.1,Tier 4 — Low Priority / Avoid,Recovery Candidate,56.6,25.0,50.5
2026-07-06,DIS,Walt Disney Company (The),Communication Services,30.2,28.7,32.2,30.6,28.1,32.0,97.71,70.98,-27.4,Tier 4 — Low Priority / Avoid,General Watchlist,22.7,0.0,20.4
2026-07-06,NKE,"Nike, Inc.",Consumer Cyclical,45.2,49.3,50.1,29.7,49.6,45.6,42.96,43.09,0.3,Tier 4 — Low Priority / Avoid,General Watchlist,48.6,25.0,42.5
2026-07-06,SBUX,Starbucks Corporation,Consumer Cyclical,29.2,26.3,21.9,50.6,18.3,30.1,100.86,74.8,-25.8,Tier 4 — Low Priority / Avoid,General Watchlist,3.7,0.0,11.7
2026-07-06,INTC,Intel Corporation,Technology,36.8,29.4,26.4,69.6,25.9,35.5,124.31,69.59,-44.0,Tier 4 — Low Priority / Avoid,General Watchlist,19.6,30.0,26.6
2026-07-06,TGT,Target Corporation,Consumer Defensive,35.4,27.6,36.6,52.0,26.0,36.6,125.2,93.43,-25.4,Tier 4 — Low Priority / Avoid,General Watchlist,26.3,15.0,26.7
2026-07-06,CVS,CVS Health Corporation,Healthcare,41.7,28.8,42.1,75.3,20.7,43.5,102.21,159.47,56.0,Tier 4 — Low Priority / Avoid,Position Trade Candidate,20.7,17.5,27.3
2026-07-06,WBD,"Warner Bros. Discovery, Inc. - ",Communication Services,39.9,39.5,40.1,41.4,38.3,39.8,26.35,22.75,-13.7,Tier 4 — Low Priority / Avoid,General Watchlist,26.0,0.0,25.0
2026-07-06,BA,Boeing Company (The),Industrials,29.0,29.7,21.3,39.5,26.7,29.1,232.63,94.68,-59.3,Tier 4 — Low Priority / Avoid,General Watchlist,5.4,0.0,12.4
2026-07-06,PFE,"Pfizer, Inc.",Healthcare,54.4,56.5,63.4,34.8,59.9,56.2,23.77,28.73,20.9,Tier 4 — Low Priority / Avoid,Recovery Candidate,56.6,37.5,52.8
2026-07-06,F,Ford Motor Company,Consumer Cyclical,23.9,19.6,23.3,39.4,12.4,24.1,13.79,12.53,-9.2,Tier 4 — Low Priority / Avoid,General Watchlist,0.0,0.0,9.1
2026-07-06,GM,General Motors Company,Consumer Cyclical,41.7,31.3,57.7,43.6,31.9,43.8,77.59,146.01,88.2,Tier 4 — Low Priority / Avoid,Recovery Candidate,35.0,27.5,37.5
2026-07-06,SHOP,Shopify Inc.,Technology,37.8,48.8,30.1,25.6,46.3,36.0,120.41,65.99,-45.2,Tier 4 — Low Priority / Avoid,General Watchlist,28.3,5.0,26.0
2026-07-06,ROKU,"Roku, Inc.",Communication Services,50.0,49.2,38.0,70.0,46.1,48.0,141.72,106.79,-24.7,Tier 4 — Low Priority / Avoid,General Watchlist,41.1,40.0,42.2
2026-07-06,ZM,"Zoom Communications, Inc.",Technology,73.5,82.2,78.7,44.8,85.6,73.4,85.69,107.55,25.5,Tier 3 — Watchlist Only,"Long-Term Compounder, Undervalued Opportunity, Healthy Business",78.6,50.0,71.0
2026-07-06,BABA,Alibaba Group Holding Limited,Consumer Cyclical,36.7,34.6,51.4,24.5,30.8,39.2,97.52,152.75,56.6,Tier 4 — Low Priority / Avoid,Recovery Candidate,31.5,27.5,34.9
2026-07-13,MSFT,Microsoft Corporation,Technology,54.5,63.6,53.8,35.5,62.7,54.7,390.96,402.96,3.1,Tier 4 — Low Priority / Avoid,General Watchlist,53.2,50.0,53.8
2026-07-13,AAPL,Apple Inc.,Technology,60.7,67.0,43.7,69.6,65.4,59.0,316.36,168.36,-46.8,Tier 3 — Watchlist Only,General Watchlist,52.0,37.5,49.7
2026-07-13,NVDA,NVIDIA Corporation,Technology,64.4,73.8,56.2,55.9,72.3,62.0,207.15,156.96,-24.2,Tier 3 — Watchlist Only,General Watchlist,57.0,40.0,55.1
2026-07-13,META,"Meta Platforms, Inc.",Communication Services,61.4,71.2,58.6,44.9,69.2,60.7,661.86,659.91,-0.3,Tier 3 — Watchlist Only,General Watchlist,59.2,37.5,55.1
2026-07-13,GOOGL,Alphabet Inc.,Communication Services,60.8,68.7,49.0,60.7,65.4,59.7,355.27,314.64,-11.4,Tier 3 — Watchlist Only,General Watchlist,51.9,40.0,51.3
2026-07-13,AMZN,"Amazon.com, Inc.",Consumer Cyclical,40.1,44.6,36.2,38.8,39.1,40.3,248.32,117.18,-52.8,Tier 4 — Low Priority / Avoid,General Watchlist,29.9,2.5,27.0
2026-07-13,COST,Costco Wholesale Corporation,Consumer Defensive,34.1,40.8,22.4,40.1,32.0,35.0,921.84,368.73,-60.0,Tier 4 — Low Priority / Avoid,General Watchlist,22.4,27.5,27.4
2026-07-13,AVGO,Broadcom Inc.,Technology,65.6,74.4,54.6,62.2,72.9,63.0,390.59,156.24,-60.0,Tier 3 — Watchlist Only,General Watchlist,57.2,52.5,58.2
2026-07-13,V,Visa Inc.,Financial Services,64.8,74.8,56.1,53.7,74.0,64.4,354.41,275.52,-22.3,Tier 3 — Watchlist Only,General Watchlist,61.0,37.5,56.3
2026-07-13,MA,Mastercard Incorporated,Financial Services,57.3,67.6,53.0,39.5,68.0,57.0,535.22,447.04,-16.5,Tier 4 — Low Priority / Avoid,General Watchlist,44.8,27.5,45.8
2026-07-13,LLY,Eli Lilly and Company,Healthcare,57.4,63.8,43.2,65.1,59.1,56.0,1190.0,676.08,-43.2,Tier 4 — Low Priority / Avoid,General Watchlist,45.2,40.0,47.1
2026-07-13,UNH,UnitedHealth Group Incorporated,Healthcare,38.6,30.1,33.2,64.9,29.0,39.2,428.65,290.74,-32.2,Tier 4 — Low Priority / Avoid,General Watchlist,36.4,15.0,30.4
2026-07-13,HD,"Home Depot, Inc. (The)",Consumer Cyclical,29.2,28.7,30.1,28.2,28.7,30.6,338.67,192.48,-43.2,Tier 4 — Low Priority / Avoid,General Watchlist,17.4,0.0,18.1
2026-07-13,PG,Procter & Gamble Company (The),Consumer Defensive,48.9,52.8,44.1,45.1,53.6,50.0,147.26,106.25,-27.8,Tier 4 — Low Priority / Avoid,General Watchlist,46.3,12.5,38.7
2026-07-13,ADBE,Adobe Inc.,Technology,68.4,73.6,84.5,31.8,80.0,68.5,231.64,423.13,82.7,Tier 3 — Watchlist Only,"Undervalued Opportunity, Recovery Candidate, Healthy Business",71.0,37.5,64.5
2026-07-13,CRM,"Salesforce, Inc.",Technology,61.3,64.9,76.4,33.6,65.5,61.6,172.5,309.93,79.7,Tier 3 — Watchlist Only,"Undervalued Opportunity, Recovery Candidate",54.8,40.0,56.4
2026-07-13,NFLX,"Netflix, Inc.",Communication Services,68.1,77.8,77.3,33.1,80.5,67.5,74.78,106.65,42.6,Tier 3 — Watchlist Only,"Undervalued Opportunity, Healthy Business",72.9,50.0,67.5
2026-07-13,NOW,"ServiceNow, Inc.",Technology,51.1,57.5,52.9,34.1,57.8,50.9,112.56,121.19,7.7,Tier 4 — Low Priority / Avoid,General Watchlist,54.9,25.0,46.8
2026-07-13,AMD,"Advanced Micro Devices, Inc.",Technology,55.5,59.2,39.8,72.2,54.6,52.3,544.7,217.88,-60.0,Tier 4 — Low Priority / Avoid,General Watchlist,44.7,40.0,45.4
2026-07-13,QCOM,QUALCOMM Incorporated,Technology,61.9,65.5,62.5,51.0,68.9,60.8,186.39,174.51,-6.4,Tier 3 — Watchlist Only,Recovery Candidate,65.1,50.0,60.3
2026-07-13,PYPL,"PayPal Holdings, Inc.",Financial Services,53.9,52.6,72.4,29.3,58.0,55.2,47.08,67.78,44.0,Tier 4 — Low Priority / Avoid,Recovery Candidate,57.3,37.5,53.8
2026-07-13,DIS,Walt Disney Company (The),Communication Services,30.1,28.8,32.6,29.6,28.1,31.9,97.14,48.07,-50.5,Tier 4 — Low Priority / Avoid,General Watchlist,23.1,0.0,20.6
2026-07-13,NKE,"Nike, Inc.",Consumer Cyclical,44.0,49.1,47.2,28.1,49.5,44.3,44.21,36.62,-17.2,Tier 4 — Low Priority / Avoid,General Watchlist,47.1,25.0,41.4
2026-07-13,SBUX,Starbucks Corporation,Consumer Cyclical,29.5,26.4,21.3,52.6,18.2,30.3,107.89,79.37,-26.4,Tier 4 — Low Priority / Avoid,General Watchlist,3.6,0.0,11.6
2026-07-13,INTC,Intel Corporation,Technology,35.4,29.4,26.4,63.4,25.9,34.3,104.5,75.32,-27.9,Tier 4 — Low Priority / Avoid,General Watchlist,19.2,30.0,26.3
2026-07-13,TGT,Target Corporation,Consumer Defensive,36.3,27.3,35.3,58.9,25.3,37.4,135.25,100.47,-25.7,Tier 4 — Low Priority / Avoid,General Watchlist,26.5,17.5,27.3
2026-07-13,CVS,CVS Health Corporation,Healthcare,37.8,28.6,31.8,71.6,20.5,39.0,105.87,68.87,-35.0,Tier 4 — Low Priority / Avoid,General Watchlist,16.2,5.0,20.4
2026-07-13,WBD,"Warner Bros. Discovery, Inc. - ",Communication Services,43.0,39.5,50.1,42.6,38.2,43.5,26.69,42.01,57.4,Tier 4 — Low Priority / Avoid,General Watchlist,28.5,0.0,28.0
2026-07-13,BA,Boeing Company (The),Industrials,26.5,29.5,21.2,28.4,26.7,26.8,218.06,87.22,-60.0,Tier 4 — Low Priority / Avoid,General Watchlist,4.1,0.0,11.6
2026-07-13,PFE,"Pfizer, Inc.",Healthcare,53.4,56.4,59.7,35.1,59.8,55.0,24.46,25.67,5.0,Tier 4 — Low Priority / Avoid,Recovery Candidate,54.6,25.0,48.2
2026-07-13,F,Ford Motor Company,Consumer Cyclical,23.9,19.6,23.1,39.9,12.4,24.2,13.97,8.53,-38.9,Tier 4 — Low Priority / Avoid,General Watchlist,0.0,0.0,9.1
2026-07-13,GM,General Motors Company,Consumer Cyclical,40.7,31.3,57.7,39.3,31.9,42.9,76.98,137.12,78.1,Tier 4 — Low Priority / Avoid,Recovery Candidate,33.4,15.0,33.7
2026-07-13,SHOP,Shopify Inc.,Technology,41.4,49.0,30.2,41.3,46.3,39.2,125.64,50.26,-60.0,Tier 4 — Low Priority / Avoid,General Watchlist,32.5,17.5,31.1
2026-07-13,ROKU,"Roku, Inc.",Communication Services,49.6,49.3,38.1,68.3,46.1,47.6,142.38,84.63,-40.6,Tier 4 — Low Priority / Avoid,General Watchlist,40.5,40.0,42.0
2026-07-13,ZM,"Zoom Communications, Inc.",Technology,76.0,81.7,78.7,57.7,84.6,75.7,92.65,121.17,30.8,Tier 2 — Worth Researching,"Long-Term Compounder, Undervalued Opportunity, Healthy Business",79.7,50.0,71.7
2026-07-13,BABA,Alibaba Group Holding Limited,Consumer Cyclical,35.9,34.6,45.0,29.7,30.3,37.9,113.19,123.91,9.5,Tier 4 — Low Priority / Avoid,Recovery Candidate,30.1,27.5,33.3
2026-07-14,KIM,Kimco Realty Corporation (HC),Real Estate,55.5,58.7,44.5,63.4,57.1,55.3,25.12,16.7,-33.5,Tier 4 — Low Priority / Avoid,General Watchlist,43.5,27.5,42.9
2026-07-14,KMI,"Kinder Morgan, Inc.",Energy,47.4,48.4,37.9,61.5,41.8,48.1,32.34,18.11,-44.0,Tier 4 — Low Priority / Avoid,General Watchlist,32.9,27.5,36.1
2026-07-14,KKR,KKR & Co. Inc.,Financial Services,33.9,33.2,43.2,22.1,35.0,34.8,97.47,105.53,8.3,Tier 4 — Low Priority / Avoid,General Watchlist,26.8,0.0,24.4
2026-07-14,KLAC,KLA Corporation,Technology,60.3,65.0,40.7,74.0,67.3,57.4,230.22,92.09,-60.0,Tier 3 — Watchlist Only,General Watchlist,57.0,62.5,56.8
2026-07-14,KHC,The Kraft Heinz Company,Consumer Defensive,47.8,44.9,54.8,45.4,43.5,49.9,24.97,25.75,3.1,Tier 4 — Low Priority / Avoid,Recovery Candidate,47.0,15.0,40.4
2026-07-14,KR,Kroger Company (The),Consumer Defensive,30.5,27.2,41.2,25.4,24.2,33.1,58.82,57.53,-2.2,Tier 4 — Low Priority / Avoid,Recovery Candidate,21.0,2.5,21.8
2026-07-14,LHX,"L3Harris Technologies, Inc.",Industrials,38.1,41.1,37.0,35.4,36.1,39.9,292.2,247.46,-15.3,Tier 4 — Low Priority / Avoid,General Watchlist,38.9,12.5,32.4
2026-07-14,LH,Labcorp Holdings Inc.,Healthcare,43.9,42.8,44.3,49.1,37.4,45.7,276.36,233.05,-15.7,Tier 4 — Low Priority / Avoid,General Watchlist,41.3,12.5,35.4
2026-07-14,LRCX,Lam Research Corporation,Technology,64.6,73.1,46.0,71.5,71.8,61.0,343.99,137.6,-60.0,Tier 3 — Watchlist Only,General Watchlist,51.4,40.0,51.4
2026-07-14,LVS,Las Vegas Sands Corp.,Consumer Cyclical,53.2,58.8,67.7,25.2,54.6,53.9,45.16,59.9,32.7,Tier 4 — Low Priority / Avoid,Recovery Candidate,41.5,15.0,42.4
2026-07-14,LDOS,"Leidos Holdings, Inc.",Technology,40.9,39.0,58.3,20.3,41.7,43.3,106.39,146.27,37.5,Tier 4 — Low Priority / Avoid,Recovery Candidate,35.1,15.0,35.2
2026-07-14,LEN,Lennar Corporation,Consumer Cyclical,30.3,30.1,36.6,19.2,34.2,31.7,82.49,63.27,-23.3,Tier 4 — Low Priority / Avoid,General Watchlist,35.4,12.5,28.8
2026-07-14,LII,"Lennox International, Inc.",Industrials,30.6,29.2,29.6,34.0,29.9,31.5,554.46,314.86,-43.2,Tier 4 — Low Priority / Avoid,General Watchlist,12.4,0.0,16.4
2026-07-14,LLY,Eli Lilly and Company,Healthcare,56.4,63.7,43.6,59.9,59.2,55.1,1147.7,672.24,-41.4,Tier 4 — Low Priority / Avoid,General Watchlist,43.8,27.5,43.4
2026-07-14,LIN,Linde plc,Basic Materials,46.9,49.5,36.7,55.3,47.1,47.7,526.79,268.92,-49.0,Tier 4 — Low Priority / Avoid,General Watchlist,36.4,0.0,30.4
2026-07-14,LYV,"Live Nation Entertainment, Inc.",Communication Services,36.5,34.7,28.2,53.9,30.9,36.6,181.35,124.59,-31.3,Tier 4 — Low Priority / Avoid,General Watchlist,22.0,2.5,21.5
2026-07-14,LMT,Lockheed Martin Corporation,Industrials,29.9,27.4,33.0,30.7,27.5,31.7,520.27,289.38,-44.4,Tier 4 — Low Priority / Avoid,General Watchlist,19.8,0.0,19.4
2026-07-14,L,Loews Corporation,Financial Services,47.2,43.3,46.9,55.1,43.5,49.5,116.34,110.04,-5.4,Tier 4 — Low Priority / Avoid,General Watchlist,47.5,12.5,38.5
2026-07-14,LOW,"Lowe's Companies, Inc.",Consumer Cyclical,31.1,30.8,36.8,25.5,28.2,33.5,208.88,169.37,-18.9,Tier 4 — Low Priority / Avoid,General Watchlist,21.5,0.0,21.2
2026-07-14,LULU,lululemon athletica inc.,Consumer Cyclical,50.1,50.6,70.2,19.2,55.8,52.0,116.93,173.76,48.6,Tier 4 — Low Priority / Avoid,Recovery Candidate,55.8,37.5,52.3
2026-07-14,LITE,Lumentum Holdings Inc.,Technology,43.5,44.1,31.0,62.0,40.0,41.5,809.09,323.64,-60.0,Tier 4 — Low Priority / Avoid,General Watchlist,22.6,17.5,27.6
2026-07-14,LYB,LyondellBasell Industries NV,Basic Materials,23.3,15.2,28.7,34.8,13.9,25.4,57.95,42.51,-26.6,Tier 4 — Low Priority / Avoid,General Watchlist,15.8,0.0,15.2
2026-07-14,MTB,M&T Bank Corporation,Financial Services,59.3,59.0,53.8,66.9,58.9,59.5,244.36,219.03,-10.4,Tier 4 — Low Priority / Avoid,General Watchlist,57.1,37.5,52.3
2026-07-14,MPC,Marathon Petroleum Corporation,Energy,39.8,29.1,35.5,73.2,23.1,41.0,297.81,212.8,-28.5,Tier 4 — Low Priority / Avoid,General Watchlist,19.8,17.5,25.7
2026-07-14,MAR,Marriott International,Consumer Cyclical,47.6,52.3,38.8,48.2,52.3,47.3,360.5,171.84,-52.3,Tier 4 — Low Priority / Avoid,General Watchlist,30.1,0.0,28.7
2026-07-14,MRSH,Marsh,Financial Services,47.1,48.8,49.3,37.6,51.7,48.2,179.56,164.29,-8.5,Tier 4 — Low Priority / Avoid,General Watchlist,36.6,2.5,32.9
2026-07-14,MLM,"Martin Marietta Materials, Inc.",Basic Materials,41.6,49.7,35.9,34.5,44.2,42.1,573.76,289.63,-49.5,Tier 4 — Low Priority / Avoid,General Watchlist,35.3,12.5,32.2
2026-07-14,MRVL,"Marvell Technology, Inc.",Technology,55.0,57.1,40.6,68.3,58.9,52.0,222.98,89.19,-60.0,Tier 4 — Low Priority / Avoid,General Watchlist,45.9,40.0,45.7
2026-07-14,MAS,Masco Corporation,Industrials,46.8,45.8,46.0,50.6,44.9,46.7,77.16,68.49,-11.2,Tier 4 — Low Priority / Avoid,General Watchlist,34.3,0.0,30.5
2026-07-14,MA,Mastercard Incorporated,Financial Services,58.9,67.5,52.6,47.3,67.9,58.4,540.3,447.04,-17.3,Tier 4 — Low Priority / Avoid,General Watchlist,47.6,40.0,50.1
2026-07-14,MKC,"McCormick & Company, Incorporat",Consumer Defensive,43.5,44.6,49.5,32.1,45.3,45.2,53.19,58.67,10.3,Tier 4 — Low Priority / Avoid,General Watchlist,32.0,0.0,29.9
2026-07-14,MCD,McDonald's Corporation,Consumer Cyclical,47.6,53.8,43.6,37.9,54.2,48.5,270.47,176.9,-34.6,Tier 4 — Low Priority / Avoid,General Watchlist,36.6,2.5,32.6
2026-07-14,MCK,McKesson Corporation,Healthcare,41.0,41.1,43.3,40.1,37.3,42.7,807.35,712.62,-11.7,Tier 4 — Low Priority / Avoid,General Watchlist,38.2,2.5,31.0
2026-07-14,MDT,Medtronic plc.,Healthcare,48.4,53.5,50.3,35.1,51.6,49.8,79.55,67.51,-15.1,Tier 4 — Low Priority / Avoid,General Watchlist,48.2,12.5,40.4
2026-07-14,MRK,"Merck & Company, Inc.",Healthcare,57.9,59.5,50.8,63.0,60.1,57.6,120.69,96.95,-19.7,Tier 4 — Low Priority / Avoid,General Watchlist,56.3,27.5,48.8
2026-07-14,META,"Meta Platforms, Inc.",Communication Services,61.4,71.2,58.7,44.5,69.2,60.6,661.21,660.48,-0.1,Tier 3 — Watchlist Only,General Watchlist,59.3,37.5,55.1
2026-07-14,MET,"MetLife, Inc.",Financial Services,40.7,34.5,40.5,58.7,28.7,42.3,93.52,72.42,-22.6,Tier 4 — Low Priority / Avoid,General Watchlist,30.1,27.5,33.3
2026-07-14,MTD,"Mettler-Toledo International, I",Healthcare,41.0,45.8,34.7,37.3,46.9,40.7,1303.72,586.42,-55.0,Tier 4 — Low Priority / Avoid,General Watchlist,24.7,0.0,24.5
2026-07-14,MGM,MGM Resorts International,Consumer Cyclical,27.6,18.4,24.1,54.0,16.3,27.9,47.05,26.73,-43.2,Tier 4 — Low Priority / Avoid,General Watchlist,3.1,7.5,12.6
2026-07-14,MCHP,Microchip Technology Incorporat,Technology,43.8,45.4,39.1,50.2,41.0,42.4,87.46,38.75,-55.7,Tier 4 — Low Priority / Avoid,General Watchlist,35.0,0.0,29.0
2026-07-14,MU,"Micron Technology, Inc.",Technology,68.9,71.8,60.9,74.4,70.9,65.9,964.44,739.11,-23.4,Tier 3 — Watchlist Only,General Watchlist,60.1,55.0,61.0
2026-07-14,MSFT,Microsoft Corporation,Technology,53.5,63.6,54.0,30.6,62.8,53.8,387.05,402.4,4.0,Tier 4 — Low Priority / Avoid,General Watchlist,51.3,37.5,49.9
2026-07-14,MAA,Mid-America Apartment Communiti,Real Estate,42.8,45.8,37.0,41.1,47.9,43.8,134.71,79.47,-41.0,Tier 4 — Low Priority / Avoid,General Watchlist,28.9,2.5,27.4
2026-07-14,MRNA,"Moderna, Inc.",Healthcare,42.0,34.5,37.7,69.3,27.5,42.0,66.47,41.66,-37.3,Tier 4 — Low Priority / Avoid,General Watchlist,34.9,40.0,37.6
2026-07-14,TAP,Molson Coors Beverage Company,Consumer Defensive,38.3,41.1,45.3,25.6,36.6,40.5,39.24,35.99,-8.3,Tier 4 — Low Priority / Avoid,General Watchlist,29.9,2.5,28.1
2026-07-14,MDLZ,"Mondelez International, Inc.",Consumer Defensive,35.8,36.0,35.9,38.8,29.9,37.8,58.95,44.57,-24.4,Tier 4 — Low Priority / Avoid,General Watchlist,22.8,0.0,22.6
2026-07-14,MPWR,"Monolithic Power Systems, Inc.",Technology,60.0,68.7,43.6,64.5,66.0,56.6,1382.31,552.92,-60.0,Tier 3 — Watchlist Only,General Watchlist,48.0,27.5,45.6
2026-07-14,MNST,Monster Beverage Corporation,Consumer Defensive,68.2,76.5,44.9,82.8,72.3,66.7,97.8,42.13,-56.9,Tier 3 — Watchlist Only,Position Trade Candidate,62.3,62.5,61.8
2026-07-14,MCO,Moody's Corporation,Financial Services,50.1,58.1,43.0,38.6,61.5,49.1,493.06,259.55,-47.4,Tier 4 — Low Priority / Avoid,General Watchlist,32.8,2.5,31.7
2026-07-14,MS,Morgan Stanley,Financial Services,64.2,64.2,51.6,82.1,62.9,62.4,230.02,201.58,-12.4,Tier 3 — Watchlist Only,Position Trade Candidate,60.0,62.5,60.1
2026-07-14,MOS,Mosaic Company (The),Basic Materials,21.7,20.3,25.2,24.5,13.5,23.8,22.48,12.24,-45.5,Tier 4 — Low Priority / Avoid,General Watchlist,13.9,0.0,14.2
2026-07-14,MSI,"Motorola Solutions, Inc.",Technology,38.4,40.8,34.0,37.3,42.1,39.0,414.14,212.46,-48.7,Tier 4 — Low Priority / Avoid,General Watchlist,26.8,0.0,24.4
2026-07-14,MSCI,MSCI Inc.,Financial Services,54.4,62.7,44.7,49.8,60.8,53.6,610.77,405.66,-33.6,Tier 4 — Low Priority / Avoid,General Watchlist,35.3,2.5,34.0
2026-07-14,NDAQ,"Nasdaq, Inc.",Financial Services,54.0,63.9,49.1,39.4,61.8,54.0,88.56,59.76,-32.5,Tier 4 — Low Priority / Avoid,General Watchlist,41.6,15.0,40.2
2026-07-14,NTAP,"NetApp, Inc.",Technology,63.7,64.9,56.0,71.5,65.0,61.5,174.87,135.6,-22.5,Tier 3 — Watchlist Only,General Watchlist,53.1,27.5,49.6
2026-07-15,NFLX,"Netflix, Inc.",Communication Services,68.5,77.8,77.3,34.7,80.5,67.9,74.47,106.67,43.2,Tier 3 — Watchlist Only,"Undervalued Opportunity, Healthy Business",73.4,50.0,67.8
2026-07-15,NEM,Newmont Corporation,Basic Materials,83.9,94.3,90.9,51.7,94.4,83.4,94.84,224.66,136.9,Tier 2 — Worth Researching,"Long-Term Compounder, Undervalued Opportunity, Recovery Candidate, Healthy Business, High Expected Return Candidate",88.3,75.0,85.2
2026-07-15,NWSA,News Corporation,Communication Services,50.0,52.0,48.0,46.1,53.9,51.1,28.04,24.42,-12.9,Tier 4 — Low Priority / Avoid,General Watchlist,54.7,37.5,48.6
2026-07-15,NWS,News Corporation,Communication Services,48.9,51.5,46.0,44.7,53.4,49.9,31.75,27.63,-13.0,Tier 4 — Low Priority / Avoid,General Watchlist,53.8,37.5,47.7
2026-07-15,NEE,"NextEra Energy, Inc.",Utilities,42.8,42.8,36.3,53.5,38.7,43.6,89.7,70.92,-20.9,Tier 4 — Low Priority / Avoid,General Watchlist,19.2,0.0,23.0
2026-07-15,NKE,"Nike, Inc.",Consumer Cyclical,43.9,49.2,47.5,27.1,49.6,44.2,43.47,37.27,-14.3,Tier 4 — Low Priority / Avoid,General Watchlist,47.2,25.0,41.4
2026-07-15,NI,NiSource Inc,Utilities,37.8,36.0,32.5,49.9,32.8,39.6,46.55,36.18,-22.3,Tier 4 — Low Priority / Avoid,General Watchlist,16.0,0.0,20.0
2026-07-15,NDSN,Nordson Corporation,Industrials,52.3,55.1,46.1,53.8,55.3,52.4,287.23,209.78,-27.0,Tier 4 — Low Priority / Avoid,General Watchlist,52.0,12.5,41.6
2026-07-15,NSC,Norfolk Southern Corporation,Industrials,41.1,39.6,32.2,54.0,41.4,41.4,327.11,130.84,-60.0,Tier 4 — Low Priority / Avoid,General Watchlist,28.5,2.5,25.6
2026-07-15,NTRS,Northern Trust Corporation,Financial Services,61.6,60.1,53.5,78.0,56.9,61.0,190.28,172.08,-9.6,Tier 3 — Watchlist Only,Position Trade Candidate,57.4,37.5,52.6
2026-07-15,NOC,Northrop Grumman Corporation,Industrials,36.5,39.9,34.9,33.5,35.6,37.8,534.98,249.59,-53.3,Tier 4 — Low Priority / Avoid,General Watchlist,27.3,0.0,24.4
2026-07-15,NCLH,Norwegian Cruise Line Holdings ,Consumer Cyclical,26.6,24.5,38.7,17.2,22.8,27.0,20.08,19.84,-1.2,Tier 4 — Low Priority / Avoid,Recovery Candidate,0.7,0.0,12.6
2026-07-15,NRG,"NRG Energy, Inc.",Utilities,16.2,12.2,19.8,24.2,6.7,17.6,141.56,56.62,-60.0,Tier 4 — Low Priority / Avoid,General Watchlist,0.0,0.0,6.8
2026-07-15,NUE,Nucor Corporation,Basic Materials,44.3,41.8,37.4,64.7,33.8,43.7,235.11,140.98,-40.0,Tier 4 — Low Priority / Avoid,General Watchlist,36.3,40.0,39.0
2026-07-15,NVDA,NVIDIA Corporation,Technology,65.0,73.9,56.0,58.6,72.3,62.5,210.08,156.52,-25.5,Tier 3 — Watchlist Only,General Watchlist,57.7,40.0,55.4
2026-07-15,NVR,"NVR, Inc.",Consumer Cyclical,50.8,54.4,56.5,29.7,61.4,52.0,6439.82,6766.92,5.1,Tier 4 — Low Priority / Avoid,General Watchlist,58.2,37.5,51.5
2026-07-15,NXPI,NXP Semiconductors N.V.,Technology,61.7,65.3,57.6,59.0,66.0,59.6,280.43,193.24,-31.1,Tier 3 — Watchlist Only,General Watchlist,53.4,40.0,52.8
2026-07-15,ORLY,"O'Reilly Automotive, Inc.",Consumer Cyclical,35.4,39.5,32.9,31.3,35.7,37.0,85.96,42.98,-50.0,Tier 4 — Low Priority / Avoid,General Watchlist,16.9,0.0,20.3
2026-07-15,OXY,Occidental Petroleum Corporatio,Energy,52.8,52.3,49.8,58.3,51.0,53.2,53.47,43.12,-19.4,Tier 4 — Low Priority / Avoid,General Watchlist,52.6,25.0,45.3
2026-07-15,ODFL,"Old Dominion Freight Line, Inc.",Industrials,47.2,48.9,31.2,60.8,53.0,46.0,228.54,91.42,-60.0,Tier 4 — Low Priority / Avoid,General Watchlist,45.1,25.0,38.5
2026-07-15,OMC,Omnicom Group Inc.,Communication Services,50.1,46.6,61.0,46.6,42.1,52.1,82.06,125.33,52.7,Tier 4 — Low Priority / Avoid,General Watchlist,42.6,15.0,40.3
2026-07-15,ON,ON Semiconductor Corporation,Technology,52.4,50.9,47.0,62.5,52.1,50.4,92.28,44.06,-52.3,Tier 4 — Low Priority / Avoid,General Watchlist,49.2,40.0,46.9
2026-07-15,OKE,"ONEOK, Inc.",Energy,36.8,31.7,32.0,59.4,24.2,37.7,91.06,57.51,-36.8,Tier 4 — Low Priority / Avoid,General Watchlist,15.9,17.5,23.6
2026-07-15,ORCL,Oracle Corporation,Technology,43.9,47.9,57.0,18.3,48.6,43.3,131.08,251.15,91.6,Tier 4 — Low Priority / Avoid,General Watchlist,16.5,0.0,25.6
2026-07-15,OTIS,Otis Worldwide Corporation,Industrials,44.4,47.0,50.7,31.6,44.9,46.0,72.66,73.66,1.4,Tier 4 — Low Priority / Avoid,General Watchlist,34.1,2.5,31.8
2026-07-15,PCAR,PACCAR Inc.,Industrials,37.7,35.6,33.5,49.6,32.2,39.0,124.46,65.8,-47.1,Tier 4 — Low Priority / Avoid,General Watchlist,31.4,15.0,29.2
2026-07-15,PKG,Packaging Corporation of Americ,Consumer Cyclical,34.1,32.5,32.6,40.8,29.6,35.8,230.48,115.36,-49.9,Tier 4 — Low Priority / Avoid,General Watchlist,26.2,2.5,23.3
2026-07-15,PLTR,Palantir Technologies Inc.,Technology,58.4,76.1,47.7,33.1,76.3,55.5,133.49,53.4,-60.0,Tier 4 — Low Priority / Avoid,General Watchlist,49.2,40.0,50.3
2026-07-15,PANW,"Palo Alto Networks, Inc.",Technology,50.0,52.0,32.0,73.4,45.6,49.1,353.6,141.44,-60.0,Tier 4 — Low Priority / Avoid,General Watchlist,45.8,50.0,45.9
2026-07-15,PSKY,Paramount Skydance Corporation,Communication Services,35.9,35.0,56.1,9.9,37.9,37.3,9.23,12.55,35.9,Tier 4 — Low Priority / Avoid,Recovery Candidate,23.6,5.0,27.0
2026-07-15,PH,Parker-Hannifin Corporation,Industrials,41.2,43.4,31.2,49.1,43.0,41.4,954.99,487.8,-48.9,Tier 4 — Low Priority / Avoid,General Watchlist,33.1,0.0,26.8
2026-07-15,PAYX,"Paychex, Inc.",Technology,53.9,59.5,49.7,46.7,59.8,53.1,111.82,88.02,-21.3,Tier 4 — Low Priority / Avoid,General Watchlist,40.3,2.5,36.1
2026-07-15,PYPL,"PayPal Holdings, Inc.",Financial Services,56.1,51.6,69.8,44.9,56.7,56.9,55.45,71.44,28.9,Tier 4 — Low Priority / Avoid,General Watchlist,58.6,37.5,54.0
2026-07-15,PNR,Pentair plc.,Industrials,47.4,51.1,54.6,27.7,53.5,48.5,62.73,61.22,-2.4,Tier 4 — Low Priority / Avoid,Recovery Candidate,48.7,12.5,40.7
2026-07-15,PEP,"Pepsico, Inc.",Consumer Defensive,44.5,46.9,47.7,37.0,43.8,45.7,136.83,131.36,-4.0,Tier 4 — Low Priority / Avoid,General Watchlist,31.5,2.5,30.4
2026-07-15,PFE,"Pfizer, Inc.",Healthcare,54.3,56.5,59.4,39.9,59.7,55.8,24.73,25.66,3.8,Tier 4 — Low Priority / Avoid,Recovery Candidate,56.3,37.5,52.0
2026-07-15,PCG,Pacific Gas & Electric Co.,Utilities,42.2,37.6,45.8,53.2,29.9,43.5,17.54,18.06,3.0,Tier 4 — Low Priority / Avoid,Recovery Candidate,19.8,5.0,25.3
2026-07-15,PM,Philip Morris International Inc,Consumer Defensive,49.4,52.5,43.3,48.0,55.0,50.0,178.78,114.75,-35.8,Tier 4 — Low Priority / Avoid,General Watchlist,36.8,0.0,32.1
2026-07-15,PSX,Phillips 66,Energy,31.5,16.8,27.8,72.3,11.4,33.5,197.43,141.54,-28.3,Tier 4 — Low Priority / Avoid,General Watchlist,12.2,17.5,19.5
2026-07-15,PNW,Pinnacle West Capital Corporati,Utilities,33.2,27.0,27.7,58.0,20.3,35.0,108.95,75.18,-31.0,Tier 4 — Low Priority / Avoid,General Watchlist,11.4,0.0,16.1
2026-07-15,PNC,"PNC Financial Services Group, I",Financial Services,58.3,56.3,51.1,73.0,54.7,58.2,253.85,212.44,-16.3,Tier 4 — Low Priority / Avoid,General Watchlist,56.3,50.0,54.2
2026-07-15,PPG,"PPG Industries, Inc.",Basic Materials,36.7,35.2,37.2,39.6,33.7,38.1,116.67,73.58,-36.9,Tier 4 — Low Priority / Avoid,General Watchlist,27.5,0.0,24.4
2026-07-15,PPL,PPL Corporation,Utilities,36.1,33.8,35.4,44.3,29.3,38.3,36.41,28.56,-21.6,Tier 4 — Low Priority / Avoid,General Watchlist,15.4,0.0,19.8
2026-07-15,PFG,Principal Financial Group Inc,Financial Services,57.8,53.8,56.2,70.2,51.1,58.9,113.15,97.03,-14.2,Tier 4 — Low Priority / Avoid,General Watchlist,58.0,50.0,55.4
2026-07-15,PG,Procter & Gamble Company (The),Consumer Defensive,48.4,52.9,44.1,42.6,53.5,49.5,148.31,106.25,-28.4,Tier 4 — Low Priority / Avoid,General Watchlist,44.8,0.0,35.0
2026-07-15,PGR,Progressive Corporation (The),Financial Services,58.5,58.8,68.2,44.1,59.9,60.5,211.21,354.06,67.6,Tier 4 — Low Priority / Avoid,Recovery Candidate,59.6,37.5,55.4
2026-07-15,PLD,"Prologis, Inc.",Real Estate,54.5,60.4,39.3,61.8,58.9,53.2,143.32,80.99,-43.5,Tier 4 — Low Priority / Avoid,General Watchlist,38.0,27.5,40.1
2026-07-15,PRU,"Prudential Financial, Inc.",Financial Services,46.0,39.9,58.4,44.7,37.8,48.4,115.48,134.4,16.4,Tier 4 — Low Priority / Avoid,Recovery Candidate,37.9,15.0,37.0
2026-07-15,PEG,Public Service Enterprise Group,Utilities,40.0,42.2,36.3,43.9,35.3,41.4,81.08,63.28,-21.9,Tier 4 — Low Priority / Avoid,General Watchlist,17.1,0.0,21.9
2026-07-15,PTC,PTC Inc.,Technology,72.5,81.8,83.9,36.1,83.5,72.6,125.07,228.79,82.9,Tier 3 — Watchlist Only,"Long-Term Compounder, Undervalued Opportunity, Recovery Candidate, Healthy Business",72.8,50.0,69.6
2026-07-15,PSA,Public Storage,Real Estate,56.7,62.8,45.5,57.4,62.8,56.2,320.37,213.05,-33.5,Tier 4 — Low Priority / Avoid,General Watchlist,39.2,15.0,39.0
2026-07-15,PHM,"PulteGroup, Inc.",Consumer Cyclical,45.3,43.8,52.5,35.8,48.1,46.8,126.1,117.46,-6.8,Tier 4 — Low Priority / Avoid,Recovery Candidate,48.8,25.0,42.6
2026-07-15,PWR,"Quanta Services, Inc.",Industrials,35.8,34.2,21.3,66.1,23.0,35.5,644.12,257.65,-60.0,Tier 4 — Low Priority / Avoid,General Watchlist,22.0,40.0,29.6
2026-07-15,QCOM,QUALCOMM Incorporated,Technology,60.8,65.9,64.8,42.0,69.4,60.0,177.16,175.88,-0.7,Tier 3 — Watchlist Only,Recovery Candidate,62.7,37.5,56.6
2026-07-15,DGX,Quest Diagnostics Incorporated,Healthcare,44.1,40.7,40.6,59.2,35.5,46.0,204.71,173.35,-15.3,Tier 4 — Low Priority / Avoid,General Watchlist,40.0,2.5,31.7
2026-07-16,Q,"Qnity Electronics, Inc.",Technology,39.7,42.4,31.5,45.0,40.6,39.9,137.22,59.98,-56.3,Tier 4 — Low Priority / Avoid,General Watchlist,35.0,12.5,30.3
2026-07-16,RL,Ralph Lauren Corporation,Consumer Cyclical,49.2,53.1,44.9,47.9,50.5,48.6,386.46,269.69,-30.2,Tier 4 — Low Priority / Avoid,General Watchlist,48.2,25.0,42.5
2026-07-16,RJF,"Raymond James Financial, Inc.",Financial Services,59.1,61.9,62.4,48.2,61.7,60.0,169.7,190.62,12.3,Tier 4 — Low Priority / Avoid,General Watchlist,59.2,37.5,54.6
2026-07-16,RTX,RTX Corporation,Industrials,37.9,40.1,29.7,48.0,32.9,39.2,194.43,102.71,-47.2,Tier 4 — Low Priority / Avoid,General Watchlist,28.1,0.0,24.2
2026-07-16,O,Realty Income Corporation,Real Estate,48.4,54.8,35.8,53.0,50.5,48.8,64.86,25.94,-60.0,Tier 4 — Low Priority / Avoid,General Watchlist,38.9,2.5,32.4
2026-07-16,REG,Regency Centers Corporation,Real Estate,55.2,58.4,43.1,64.4,56.5,55.4,81.98,52.38,-36.1,Tier 4 — Low Priority / Avoid,General Watchlist,43.1,27.5,42.6
2026-07-16,REGN,"Regeneron Pharmaceuticals, Inc.",Healthcare,58.9,63.4,65.2,39.5,64.9,59.5,678.36,736.74,8.6,Tier 4 — Low Priority / Avoid,Recovery Candidate,63.9,37.5,56.8
2026-07-16,RF,Regions Financial Corporation,Financial Services,59.2,58.2,52.8,69.7,58.1,58.9,32.41,27.98,-13.7,Tier 4 — Low Priority / Avoid,General Watchlist,56.6,50.0,54.9
2026-07-16,RSG,"Republic Services, Inc.",Industrials,36.3,37.4,29.6,43.0,35.5,37.7,223.56,93.12,-58.3,Tier 4 — Low Priority / Avoid,General Watchlist,19.0,0.0,20.5
2026-07-16,RMD,ResMed Inc.,Healthcare,66.1,75.9,71.0,34.2,80.4,66.5,202.64,223.08,10.1,Tier 3 — Watchlist Only,Healthy Business,71.0,50.0,65.6
2026-07-16,RVTY,"Revvity, Inc.",Healthcare,42.3,41.6,40.7,46.4,40.6,43.1,111.05,87.17,-21.5,Tier 4 — Low Priority / Avoid,General Watchlist,42.3,12.5,34.7
2026-07-16,HOOD,"Robinhood Markets, Inc.",Financial Services,48.5,55.5,41.3,39.6,60.4,45.7,111.85,50.04,-55.3,Tier 4 — Low Priority / Avoid,General Watchlist,35.2,15.0,34.7
2026-07-16,ROK,"Rockwell Automation, Inc.",Industrials,44.2,48.5,32.8,52.3,44.4,43.3,463.58,204.89,-55.8,Tier 4 — Low Priority / Avoid,General Watchlist,25.3,2.5,25.7
2026-07-16,ROL,"Rollins, Inc.",Consumer Cyclical,36.2,43.9,29.1,27.1,44.3,36.9,45.29,19.44,-57.1,Tier 4 — Low Priority / Avoid,General Watchlist,30.1,0.0,24.8
2026-07-16,ROP,"Roper Technologies, Inc.",Technology,55.9,62.4,59.9,36.6,61.0,56.6,354.56,350.03,-1.3,Tier 4 — Low Priority / Avoid,General Watchlist,46.9,27.5,47.0
2026-07-16,ROST,"Ross Stores, Inc.",Consumer Cyclical,51.8,54.1,39.3,67.6,46.8,51.7,232.53,124.56,-46.4,Tier 4 — Low Priority / Avoid,General Watchlist,44.2,37.5,43.9
2026-07-16,RCL,Royal Caribbean Cruises Ltd.,Consumer Cyclical,42.3,44.2,46.7,33.0,43.7,41.8,290.46,302.68,4.2,Tier 4 — Low Priority / Avoid,General Watchlist,12.9,0.0,22.2
2026-07-16,SPGI,S&P Global Inc.,Financial Services,58.1,67.5,53.8,42.4,67.7,57.9,449.68,344.74,-23.3,Tier 4 — Low Priority / Avoid,General Watchlist,55.2,25.0,49.1
2026-07-16,CRM,"Salesforce, Inc.",Technology,60.4,64.9,76.7,29.2,65.5,60.8,169.09,334.22,97.7,Tier 3 — Watchlist Only,"Undervalued Opportunity, Recovery Candidate",53.1,27.5,52.6
2026-07-16,SNDK,Sandisk Corporation,Technology,64.4,70.2,51.5,68.9,70.2,61.8,1472.0,645.16,-56.2,Tier 3 — Watchlist Only,General Watchlist,57.3,52.5,57.2
2026-07-16,SBAC,SBA Communications Corporation,Real Estate,34.7,37.2,32.8,28.5,40.1,35.7,184.33,171.18,-7.1,Tier 4 — Low Priority / Avoid,General Watchlist,15.5,0.0,19.4
2026-07-16,SLB,SLB Limited,Energy,37.7,34.9,40.4,40.5,33.7,39.6,47.12,31.78,-32.6,Tier 4 — Low Priority / Avoid,General Watchlist,38.2,0.0,28.9
2026-07-16,STX,Seagate Technology Holdings PLC,Technology,54.5,57.1,42.5,67.6,53.9,51.2,773.86,309.54,-60.0,Tier 4 — Low Priority / Avoid,General Watchlist,27.8,17.5,33.9
2026-07-16,SRE,DBA Sempra,Utilities,36.7,33.9,34.4,46.7,31.8,38.4,93.12,81.12,-12.9,Tier 4 — Low Priority / Avoid,General Watchlist,17.0,0.0,20.3
2026-07-16,NOW,"ServiceNow, Inc.",Technology,53.0,58.0,57.1,36.3,58.3,53.0,101.06,121.16,19.9,Tier 4 — Low Priority / Avoid,General Watchlist,59.7,37.5,52.6
2026-07-16,SHW,Sherwin-Williams Company (The),Basic Materials,32.3,34.7,28.9,31.6,33.5,33.0,338.54,146.71,-56.7,Tier 4 — Low Priority / Avoid,General Watchlist,14.3,0.0,17.8
2026-07-16,SPG,"Simon Property Group, Inc.",Real Estate,56.2,58.4,43.4,69.7,55.9,54.7,227.44,160.6,-29.4,Tier 4 — Low Priority / Avoid,General Watchlist,36.5,40.0,43.3
2026-07-16,SWKS,"Skyworks Solutions, Inc.",Technology,42.8,43.8,53.6,23.5,48.2,43.5,56.26,50.61,-10.0,Tier 4 — Low Priority / Avoid,Recovery Candidate,45.8,40.0,45.0
2026-07-16,SJM,The J.M. Smucker Company,Consumer Defensive,42.0,39.9,45.3,44.3,36.5,43.9,111.49,88.08,-21.0,Tier 4 — Low Priority / Avoid,General Watchlist,31.6,15.0,32.2
2026-07-16,SW,Smurfit WestRock plc,Consumer Cyclical,28.9,22.5,33.9,37.3,21.0,31.0,44.79,34.62,-22.7,Tier 4 — Low Priority / Avoid,General Watchlist,29.9,15.0,26.2
2026-07-16,SNA,Snap-On Incorporated,Industrials,62.9,65.6,56.1,63.4,68.1,63.4,411.24,358.33,-12.9,Tier 3 — Watchlist Only,General Watchlist,66.0,50.0,60.1
2026-07-16,SOLV,Solventum Corporation,Healthcare,36.4,31.5,36.0,44.1,35.0,38.2,80.82,72.63,-10.1,Tier 4 — Low Priority / Avoid,General Watchlist,22.6,0.0,22.2
2026-07-16,SO,Southern Company (The),Utilities,32.4,29.6,29.6,43.0,26.9,34.3,95.65,54.74,-42.8,Tier 4 — Low Priority / Avoid,General Watchlist,11.3,0.0,16.5
2026-07-16,LUV,Southwest Airlines Company,Industrials,33.4,24.8,32.9,58.0,17.8,34.7,49.77,34.84,-30.0,Tier 4 — Low Priority / Avoid,General Watchlist,23.6,17.5,25.3
2026-07-16,SWK,"Stanley Black & Decker, Inc.",Industrials,33.9,25.6,34.3,51.9,25.0,34.9,90.25,64.41,-28.6,Tier 4 — Low Priority / Avoid,General Watchlist,24.2,2.5,22.0
2026-07-16,SBUX,Starbucks Corporation,Consumer Cyclical,30.3,26.5,21.4,55.8,18.2,31.0,108.63,79.67,-26.7,Tier 4 — Low Priority / Avoid,General Watchlist,4.9,5.0,13.5
2026-07-16,STT,State Street Corporation,Financial Services,51.0,42.3,44.1,76.9,45.5,51.1,187.37,166.83,-11.0,Tier 4 — Low Priority / Avoid,Position Trade Candidate,49.1,50.0,48.2
2026-07-16,STLD,"Steel Dynamics, Inc.",Basic Materials,42.7,39.0,34.4,68.1,30.3,42.7,237.14,130.62,-44.9,Tier 4 — Low Priority / Avoid,General Watchlist,34.4,52.5,40.6
2026-07-16,STE,STERIS plc (Ireland),Healthcare,48.5,54.5,48.2,37.1,51.2,49.6,217.47,166.23,-23.6,Tier 4 — Low Priority / Avoid,General Watchlist,48.7,25.0,43.4
2026-07-16,SYK,Stryker Corporation,Healthcare,44.8,49.4,42.4,36.9,49.7,45.9,332.65,180.12,-45.9,Tier 4 — Low Priority / Avoid,General Watchlist,43.9,0.0,33.6
2026-07-16,SMCI,"Super Micro Computer, Inc.",Technology,33.4,33.8,50.2,15.5,28.4,33.9,25.43,36.38,43.1,Tier 4 — Low Priority / Avoid,Recovery Candidate,16.4,0.0,21.7
2026-07-16,SYF,Synchrony Financial,Financial Services,61.4,64.4,71.3,39.3,68.2,61.5,74.33,132.44,78.2,Tier 3 — Watchlist Only,Recovery Candidate,60.5,37.5,56.9
2026-07-16,SNPS,"Synopsys, Inc.",Technology,39.0,45.8,38.3,25.5,44.2,39.1,418.66,256.39,-38.8,Tier 4 — Low Priority / Avoid,General Watchlist,37.5,2.5,29.9
2026-07-16,SYY,Sysco Corporation,Consumer Defensive,32.6,26.5,34.0,44.5,25.6,34.6,82.45,55.75,-32.4,Tier 4 — Low Priority / Avoid,General Watchlist,20.8,0.0,20.2
2026-07-16,TMUS,"T-Mobile US, Inc.",Communication Services,42.7,40.3,52.0,35.5,40.3,44.3,192.06,211.56,10.2,Tier 4 — Low Priority / Avoid,Recovery Candidate,32.6,15.0,33.6
2026-07-16,TROW,"T. Rowe Price Group, Inc.",Financial Services,76.2,76.9,77.8,67.6,84.0,75.7,119.62,156.05,30.5,Tier 2 — Worth Researching,"Undervalued Opportunity, Healthy Business",81.7,75.0,78.1
2026-07-16,TTWO,"Take-Two Interactive Software, ",Communication Services,37.1,40.0,32.2,38.5,37.3,38.0,241.87,124.74,-48.4,Tier 4 — Low Priority / Avoid,General Watchlist,32.5,0.0,25.9
2026-07-16,TPR,"Tapestry, Inc.",Consumer Cyclical,58.7,62.9,58.5,53.3,59.0,57.5,144.94,139.78,-3.6,Tier 4 — Low Priority / Avoid,General Watchlist,49.7,30.0,48.6
2026-07-16,TRGP,"Targa Resources, Inc.",Energy,43.1,36.2,34.8,71.4,32.7,43.3,281.01,212.61,-24.3,Tier 4 — Low Priority / Avoid,General Watchlist,19.1,5.0,23.3
2026-07-16,TGT,Target Corporation,Consumer Defensive,37.8,27.2,34.9,66.4,25.0,38.6,141.3,100.35,-29.0,Tier 4 — Low Priority / Avoid,General Watchlist,27.9,17.5,27.9
2026-07-16,TEL,TE Connectivity plc,Technology,50.9,57.2,55.0,34.3,53.1,51.9,199.81,194.61,-2.6,Tier 4 — Low Priority / Avoid,General Watchlist,50.7,25.0,45.8
2026-07-16,TDY,Teledyne Technologies Incorpora,Technology,45.6,47.8,38.5,51.8,44.2,46.6,626.61,321.65,-48.7,Tier 4 — Low Priority / Avoid,General Watchlist,43.5,12.5,35.9
2026-07-16,TER,"Teradyne, Inc.",Technology,57.7,65.5,42.8,62.1,63.2,54.6,329.47,131.79,-60.0,Tier 4 — Low Priority / Avoid,General Watchlist,37.3,17.5,38.6
2026-07-16,TSLA,"Tesla, Inc.",Consumer Cyclical,26.4,31.0,18.6,29.7,26.7,25.5,392.43,156.97,-60.0,Tier 4 — Low Priority / Avoid,General Watchlist,12.2,5.0,15.2
2026-07-16,TXN,Texas Instruments Incorporated,Technology,58.0,62.1,40.8,73.2,59.7,56.0,289.65,115.86,-60.0,Tier 4 — Low Priority / Avoid,General Watchlist,44.1,52.5,49.3
2026-07-17,TPL,Texas Pacific Land Corporation,Energy,59.1,64.8,45.3,64.6,64.6,57.5,418.76,174.72,-58.3,Tier 4 — Low Priority / Avoid,General Watchlist,47.3,52.5,51.6
2026-07-17,TXT,Textron Inc.,Industrials,36.2,34.7,40.3,37.0,30.1,38.3,92.47,77.63,-16.0,Tier 4 — Low Priority / Avoid,General Watchlist,34.6,2.5,28.0
2026-07-17,TMO,Thermo Fisher Scientific Inc,Healthcare,40.0,41.0,35.5,44.5,39.0,40.7,533.34,274.42,-48.5,Tier 4 — Low Priority / Avoid,General Watchlist,36.4,0.0,28.3
2026-07-17,TJX,"TJX Companies, Inc. (The)",Consumer Cyclical,40.0,44.2,31.9,44.5,38.2,41.1,154.64,71.96,-53.5,Tier 4 — Low Priority / Avoid,General Watchlist,29.9,0.0,25.8
2026-07-17,TKO,"TKO Group Holdings, Inc.",Communication Services,42.5,50.3,38.7,36.8,40.1,43.5,185.24,106.34,-42.6,Tier 4 — Low Priority / Avoid,General Watchlist,39.5,2.5,31.8
2026-07-17,TTD,"The Trade Desk, Inc.",Communication Services,49.7,53.4,65.0,19.2,56.6,50.6,18.59,21.32,14.6,Tier 4 — Low Priority / Avoid,Recovery Candidate,58.5,37.5,52.5
2026-07-17,TSCO,Tractor Supply Company,Consumer Cyclical,24.1,21.0,30.3,22.5,20.8,25.8,31.1,24.91,-19.9,Tier 4 — Low Priority / Avoid,General Watchlist,8.2,0.0,13.4
2026-07-17,TT,Trane Technologies plc,Industrials,41.2,41.9,32.4,49.6,43.0,41.6,470.61,220.61,-53.1,Tier 4 — Low Priority / Avoid,General Watchlist,34.3,0.0,27.3
2026-07-17,TDG,Transdigm Group Incorporated,Industrials,46.7,56.2,38.4,36.1,55.9,46.6,1245.03,576.18,-53.7,Tier 4 — Low Priority / Avoid,General Watchlist,40.0,25.0,38.6
2026-07-17,TRV,"The Travelers Companies, Inc.",Financial Services,74.8,70.1,76.7,83.1,69.5,76.0,365.38,603.18,65.1,Tier 3 — Watchlist Only,"Undervalued Opportunity, Position Trade Candidate",74.7,75.0,74.8
2026-07-17,TRMB,Trimble Inc.,Technology,41.3,46.8,42.3,29.3,44.0,41.8,53.62,36.99,-31.0,Tier 4 — Low Priority / Avoid,General Watchlist,39.8,12.5,34.3
2026-07-17,TFC,Truist Financial Corporation,Financial Services,58.0,57.3,57.7,60.1,56.9,58.5,53.6,57.71,7.7,Tier 4 — Low Priority / Avoid,General Watchlist,55.3,37.5,51.9
2026-07-17,TYL,"Tyler Technologies, Inc.",Technology,44.4,51.0,43.4,29.6,52.2,44.8,316.92,229.73,-27.5,Tier 4 — Low Priority / Avoid,General Watchlist,50.1,25.0,42.1
2026-07-17,TSN,"Tyson Foods, Inc.",Consumer Defensive,34.1,33.3,35.7,37.9,26.2,36.7,58.21,49.2,-15.5,Tier 4 — Low Priority / Avoid,General Watchlist,30.9,0.0,25.0
2026-07-17,USB,U.S. Bancorp,Financial Services,59.1,55.7,50.7,76.8,56.5,58.8,64.3,53.61,-16.6,Tier 4 — Low Priority / Avoid,Position Trade Candidate,56.8,37.5,51.2
2026-07-17,UBER,"Uber Technologies, Inc.",Technology,42.7,47.1,45.3,28.1,48.5,43.6,71.94,72.54,0.8,Tier 4 — Low Priority / Avoid,General Watchlist,43.2,0.0,33.2
2026-07-17,UDR,"UDR, Inc.",Real Estate,54.3,59.0,45.6,55.3,58.3,54.3,40.49,28.71,-29.1,Tier 4 — Low Priority / Avoid,General Watchlist,42.2,15.0,39.4
2026-07-17,ULTA,"Ulta Beauty, Inc.",Consumer Cyclical,44.0,47.0,49.8,30.5,45.6,45.2,481.63,480.06,-0.3,Tier 4 — Low Priority / Avoid,General Watchlist,43.1,25.0,40.3
2026-07-17,UNP,Union Pacific Corporation,Industrials,53.2,51.4,40.1,72.9,52.6,52.9,301.73,120.69,-60.0,Tier 4 — Low Priority / Avoid,General Watchlist,38.4,27.5,39.4
2026-07-17,UAL,"United Airlines Holdings, Inc.",Industrials,29.7,24.3,31.9,41.0,21.4,30.0,116.83,52.02,-55.5,Tier 4 — Low Priority / Avoid,General Watchlist,5.0,0.0,13.5
2026-07-17,UPS,"United Parcel Service, Inc.",Industrials,35.7,28.3,36.9,49.8,29.1,36.8,117.2,76.94,-34.4,Tier 4 — Low Priority / Avoid,General Watchlist,26.3,15.0,26.8
2026-07-17,URI,"United Rentals, Inc.",Industrials,42.1,39.6,37.7,53.9,39.2,41.3,1069.35,668.65,-37.5,Tier 4 — Low Priority / Avoid,General Watchlist,21.5,5.0,24.6
2026-07-17,UNH,UnitedHealth Group Incorporated,Healthcare,39.8,30.3,33.7,69.4,29.1,40.4,425.26,290.86,-31.6,Tier 4 — Low Priority / Avoid,General Watchlist,38.3,27.5,34.4
2026-07-17,UHS,"Universal Health Services, Inc.",Healthcare,45.4,44.9,61.7,26.7,43.1,47.5,152.49,192.76,26.4,Tier 4 — Low Priority / Avoid,Recovery Candidate,44.0,12.5,39.4
2026-07-17,VLO,Valero Energy Corporation,Energy,48.1,40.4,40.8,76.7,37.2,48.9,304.39,191.66,-37.0,Tier 4 — Low Priority / Avoid,Position Trade Candidate,47.5,50.0,46.6
2026-07-17,VEEV,Veeva Systems Inc.,Healthcare,62.8,72.2,62.2,40.9,74.6,62.2,195.81,198.48,1.4,Tier 3 — Watchlist Only,General Watchlist,66.3,37.5,58.5
2026-07-17,VTR,"Ventas, Inc.",Real Estate,44.8,42.4,30.6,74.2,33.5,45.5,96.92,68.18,-29.7,Tier 4 — Low Priority / Avoid,General Watchlist,28.4,40.0,35.6
2026-07-17,VLTO,Veralto Corp,Industrials,49.4,55.5,44.7,40.6,56.5,50.0,94.82,59.27,-37.5,Tier 4 — Low Priority / Avoid,General Watchlist,46.0,0.0,35.9
2026-07-17,VRSN,"VeriSign, Inc.",Technology,52.9,59.5,44.0,47.9,61.4,52.7,273.46,166.66,-39.1,Tier 4 — Low Priority / Avoid,General Watchlist,44.6,2.5,36.7
2026-07-17,VRSK,"Verisk Analytics, Inc.",Industrials,49.3,54.9,45.6,38.5,58.8,49.2,200.88,120.73,-39.9,Tier 4 — Low Priority / Avoid,General Watchlist,38.3,2.5,33.7
2026-07-17,VZ,Verizon Communications Inc.,Communication Services,52.8,47.1,66.4,47.4,47.1,55.3,44.45,59.47,33.8,Tier 4 — Low Priority / Avoid,Recovery Candidate,41.1,15.0,41.1
2026-07-17,VRTX,Vertex Pharmaceuticals Incorpor,Healthcare,63.5,73.4,53.1,54.4,74.0,62.9,489.3,303.66,-37.9,Tier 3 — Watchlist Only,General Watchlist,63.1,25.0,53.1
2026-07-17,VRT,"Vertiv Holdings, LLC",Industrials,53.3,58.0,41.0,62.4,54.0,50.2,286.75,114.7,-60.0,Tier 4 — Low Priority / Avoid,General Watchlist,41.8,40.0,44.1
2026-07-17,VTRS,Viatris Inc.,Healthcare,54.2,41.9,62.9,72.8,38.6,55.7,17.56,27.72,57.9,Tier 4 — Low Priority / Avoid,General Watchlist,54.0,40.0,50.9
2026-07-17,VICI,VICI Properties Inc.,Real Estate,59.2,66.4,59.6,42.0,66.1,60.2,26.98,25.11,-6.9,Tier 4 — Low Priority / Avoid,General Watchlist,57.6,37.5,54.1
2026-07-17,V,Visa Inc.,Financial Services,64.9,74.7,55.4,55.8,73.8,64.5,358.04,275.28,-23.1,Tier 3 — Watchlist Only,General Watchlist,60.9,37.5,56.1
2026-07-17,VST,Vistra Corp.,Utilities,37.8,38.8,48.7,23.9,36.1,37.8,154.85,180.11,16.3,Tier 4 — Low Priority / Avoid,General Watchlist,11.0,7.5,22.6
2026-07-17,VMC,Vulcan Materials Company (Holdi,Basic Materials,36.2,39.9,28.9,40.6,34.3,37.0,293.95,118.3,-59.8,Tier 4 — Low Priority / Avoid,General Watchlist,21.7,0.0,21.5
2026-07-17,WRB,W.R. Berkley Corporation,Financial Services,63.5,65.5,67.0,54.3,64.9,64.9,71.82,84.96,18.3,Tier 3 — Watchlist Only,General Watchlist,65.5,50.0,61.8
2026-07-17,GWW,"W.W. Grainger, Inc.",Industrials,49.0,48.1,34.3,72.3,44.6,48.9,1410.17,564.07,-60.0,Tier 4 — Low Priority / Avoid,General Watchlist,35.3,40.0,39.6
2026-07-17,WAB,Westinghouse Air Brake Technolo,Industrials,40.8,40.0,33.8,54.3,35.2,41.8,265.03,161.93,-38.9,Tier 4 — Low Priority / Avoid,General Watchlist,28.3,0.0,25.2
2026-07-17,WMT,Walmart Inc.,Consumer Defensive,26.3,27.8,17.5,38.6,20.5,28.0,115.94,46.38,-60.0,Tier 4 — Low Priority / Avoid,General Watchlist,11.1,0.0,13.5
2026-07-17,DIS,Walt Disney Company (The),Communication Services,28.6,28.8,32.1,23.5,28.1,30.5,98.34,46.6,-52.6,Tier 4 — Low Priority / Avoid,General Watchlist,21.0,0.0,19.6
2026-07-17,WBD,"Warner Bros. Discovery, Inc. - ",Communication Services,43.7,39.5,50.0,46.0,38.2,44.1,27.24,42.7,56.7,Tier 4 — Low Priority / Avoid,General Watchlist,28.9,0.0,28.2
2026-07-17,WM,"Waste Management, Inc.",Industrials,37.2,36.4,30.3,49.6,33.4,38.3,242.73,100.66,-58.5,Tier 4 — Low Priority / Avoid,General Watchlist,22.8,0.0,21.9
2026-07-17,WAT,Waters Corporation,Healthcare,30.6,30.9,25.5,41.9,23.0,31.5,372.32,300.43,-19.3,Tier 4 — Low Priority / Avoid,General Watchlist,19.8,0.0,18.6
2026-07-17,WEC,"WEC Energy Group, Inc.",Utilities,36.6,34.8,32.4,47.9,30.9,38.5,115.28,69.86,-39.4,Tier 4 — Low Priority / Avoid,General Watchlist,14.7,0.0,19.3
2026-07-17,WFC,Wells Fargo & Company,Financial Services,61.0,63.6,58.8,57.2,64.3,61.0,89.23,91.04,2.0,Tier 3 — Watchlist Only,General Watchlist,58.4,37.5,54.1
2026-07-17,WELL,Welltower Inc.,Real Estate,52.1,53.8,30.9,82.5,43.8,51.9,245.67,98.27,-60.0,Tier 4 — Low Priority / Avoid,Position Trade Candidate,42.0,27.5,39.4
2026-07-17,WST,"West Pharmaceutical Services, I",Healthcare,55.1,58.4,34.1,78.8,53.1,52.8,364.77,145.91,-60.0,Tier 4 — Low Priority / Avoid,Position Trade Candidate,44.3,52.5,47.5
2026-07-17,WDC,Western Digital Corporation,Technology,65.1,70.5,53.6,70.1,69.0,62.0,461.59,300.78,-34.8,Tier 3 — Watchlist Only,General Watchlist,55.9,40.0,54.0
2026-07-17,WY,Weyerhaeuser Company,Real Estate,22.0,22.5,16.4,32.0,16.0,23.7,24.64,14.58,-40.9,Tier 4 — Low Priority / Avoid,General Watchlist,0.0,0.0,8.3
2026-07-17,WSM,"Williams-Sonoma, Inc.",Consumer Cyclical,45.1,44.9,38.6,52.8,46.3,44.5,230.09,102.85,-55.3,Tier 4 — Low Priority / Avoid,General Watchlist,44.2,25.0,38.7
2026-07-17,WMB,"Williams Companies, Inc. (The)",Energy,46.4,45.0,34.4,67.0,41.5,46.7,73.76,44.01,-40.3,Tier 4 — Low Priority / Avoid,General Watchlist,23.2,17.5,29.2
2026-07-17,WTW,Willis Towers Watson Public Lim,Financial Services,57.3,61.8,63.3,40.1,60.5,58.5,295.61,306.72,3.8,Tier 4 — Low Priority / Avoid,Recovery Candidate,55.3,27.5,50.7
2026-07-20,AXON,"Axon Enterprise, Inc.",Industrials,28.9,33.9,21.7,32.3,26.7,28.2,515.65,206.26,-60.0,Tier 4 — Low Priority / Avoid,General Watchlist,6.6,0.0,13.2
2026-07-20,BKR,Baker Hughes Company,Energy,53.9,55.1,51.2,55.4,53.5,54.2,55.9,46.72,-16.4,Tier 4 — Low Priority / Avoid,General Watchlist,56.7,37.5,50.5
2026-07-20,BALL,Ball Corporation,Consumer Cyclical,34.1,30.7,35.1,45.3,23.1,35.6,62.41,58.1,-6.9,Tier 4 — Low Priority / Avoid,General Watchlist,13.8,0.0,18.5
2026-07-20,BAC,Bank of America Corporation,Financial Services,64.4,63.8,65.6,66.8,60.4,64.5,60.87,77.94,28.1,Tier 3 — Watchlist Only,General Watchlist,61.3,62.5,63.0
2026-07-20,BAX,Baxter International Inc.,Healthcare,35.1,30.8,37.7,42.1,29.3,36.0,22.21,18.6,-16.3,Tier 4 — Low Priority / Avoid,General Watchlist,26.6,0.0,23.4
2026-07-20,BDX,"Becton, Dickinson and Company",Healthcare,47.5,46.3,53.8,42.9,44.5,49.4,155.84,164.64,5.6,Tier 4 — Low Priority / Avoid,Recovery Candidate,38.1,15.0,37.2
2026-07-20,BRK-B,Berkshire Hathaway Inc. New,Financial Services,59.6,64.9,57.5,50.4,64.4,60.9,490.38,462.58,-5.7,Tier 4 — Low Priority / Avoid,General Watchlist,63.1,37.5,55.7
2026-07-20,BBY,"Best Buy Co., Inc.",Consumer Cyclical,45.6,38.6,45.3,63.7,35.7,45.6,84.57,72.69,-14.0,Tier 4 — Low Priority / Avoid,General Watchlist,41.3,17.5,36.3
2026-07-20,TECH,Bio-Techne Corp,Healthcare,54.5,59.5,42.8,58.9,59.5,53.0,71.64,41.12,-42.6,Tier 4 — Low Priority / Avoid,General Watchlist,52.8,50.0,51.3
2026-07-20,BIIB,Biogen Inc.,Healthcare,64.5,65.5,58.5,70.4,64.7,64.0,203.53,167.22,-17.8,Tier 3 — Watchlist Only,General Watchlist,67.6,62.5,64.2
2026-07-20,BLK,"BlackRock, Inc.",Financial Services,59.9,68.0,62.7,38.9,66.9,60.2,1066.4,1208.99,13.4,Tier 4 — Low Priority / Avoid,General Watchlist,57.8,25.0,51.7
2026-07-20,BX,Blackstone Inc.,Financial Services,47.3,53.4,48.9,27.5,58.7,46.9,123.94,91.42,-26.2,Tier 4 — Low Priority / Avoid,General Watchlist,46.3,2.5,36.5
2026-07-20,XYZ,"Block, Inc.",Technology,30.3,26.1,27.6,45.0,23.8,30.0,80.15,54.39,-32.1,Tier 4 — Low Priority / Avoid,General Watchlist,17.4,5.0,18.6
2026-07-20,BNY,The Bank of New York Mellon Cor,Financial Services,64.7,62.8,57.7,79.3,60.7,64.5,157.62,166.1,5.4,Tier 3 — Watchlist Only,Position Trade Candidate,60.3,50.0,58.2
2026-07-20,BA,Boeing Company (The),Industrials,25.9,29.4,21.2,25.6,26.8,26.2,209.66,83.87,-60.0,Tier 4 — Low Priority / Avoid,General Watchlist,4.3,0.0,11.6
2026-07-20,BKNG,Booking Holdings Inc. Common St,Consumer Cyclical,61.5,67.8,71.6,35.1,66.8,62.0,179.43,235.37,31.2,Tier 3 — Watchlist Only,Recovery Candidate,62.1,37.5,57.9
2026-07-20,BSX,Boston Scientific Corporation,Healthcare,52.8,56.8,65.3,28.8,55.2,54.3,44.15,75.38,70.7,Tier 4 — Low Priority / Avoid,Recovery Candidate,52.7,25.0,48.3
2026-07-20,BMY,Bristol-Myers Squibb Company,Healthcare,64.4,62.7,69.3,59.6,65.8,64.8,60.91,70.32,15.4,Tier 3 — Watchlist Only,General Watchlist,55.2,52.5,58.8
2026-07-20,AVGO,Broadcom Inc.,Technology,63.5,74.2,54.7,52.9,72.9,61.1,379.91,281.99,-25.8,Tier 3 — Watchlist Only,General Watchlist,55.5,40.0,54.2
2026-07-20,BR,"Broadridge Financial Solutions,",Technology,51.3,52.4,64.0,31.0,53.9,52.7,148.96,202.45,35.9,Tier 4 — Low Priority / Avoid,Recovery Candidate,41.0,2.5,37.7
2026-07-20,BRO,"Brown & Brown, Inc.",Financial Services,57.4,61.0,64.6,38.8,62.5,58.2,69.11,81.6,18.1,Tier 4 — Low Priority / Avoid,General Watchlist,48.8,27.5,48.5
2026-07-20,BF-B,Brown Forman Inc,Consumer Defensive,49.4,52.4,54.3,32.8,57.1,50.2,26.02,27.48,5.6,Tier 4 — Low Priority / Avoid,General Watchlist,51.9,12.5,42.2
2026-07-20,BLDR,"Builders FirstSource, Inc.",Industrials,25.7,24.4,36.0,15.3,24.3,26.9,73.1,49.76,-31.9,Tier 4 — Low Priority / Avoid,General Watchlist,13.3,0.0,16.5
2026-07-20,BG,Bunge Limited,Consumer Defensive,32.9,24.8,32.3,57.0,16.6,34.8,119.82,104.8,-12.5,Tier 4 — Low Priority / Avoid,General Watchlist,14.5,5.0,18.9
2026-07-20,BXP,"BXP, Inc.",Real Estate,45.0,48.7,40.0,44.9,46.4,44.5,68.84,44.36,-35.6,Tier 4 — Low Priority / Avoid,General Watchlist,35.0,15.0,33.5
2026-07-20,CHRW,"C.H. Robinson Worldwide, Inc.",Industrials,36.9,32.8,22.5,65.3,30.8,37.2,208.12,83.25,-60.0,Tier 4 — Low Priority / Avoid,General Watchlist,23.2,15.0,24.1
2026-07-20,CDNS,"Cadence Design Systems, Inc.",Technology,53.9,66.5,40.5,43.9,65.3,52.5,330.51,147.84,-55.3,Tier 4 — Low Priority / Avoid,General Watchlist,48.7,25.0,43.9
2026-07-20,CPT,Camden Property Trust,Real Estate,44.7,47.7,37.1,46.3,48.7,45.5,112.83,67.69,-40.0,Tier 4 — Low Priority / Avoid,General Watchlist,28.8,2.5,27.9
2026-07-20,COF,Capital One Financial Corporati,Financial Services,45.4,49.5,50.0,31.8,47.1,46.2,209.31,200.43,-4.2,Tier 4 — Low Priority / Avoid,General Watchlist,45.7,0.0,35.4
2026-07-20,CAH,"Cardinal Health, Inc.",Healthcare,41.4,35.5,42.5,53.8,33.6,43.4,227.07,219.68,-3.3,Tier 4 — Low Priority / Avoid,General Watchlist,39.7,2.5,31.0
2026-07-20,CCL,Carnival Corporation Ltd.,Consumer Cyclical,32.9,31.0,47.6,16.4,33.5,33.5,26.14,27.73,6.1,Tier 4 — Low Priority / Avoid,Recovery Candidate,16.8,0.0,21.1
2026-07-20,CARR,Carrier Global Corporation,Industrials,22.4,16.6,18.5,40.8,14.8,23.6,67.8,36.13,-46.7,Tier 4 — Low Priority / Avoid,General Watchlist,6.4,0.0,10.2
2026-07-20,CVNA,Carvana Co.,Consumer Cyclical,27.6,34.3,26.8,17.2,30.2,26.7,64.61,25.84,-60.0,Tier 4 — Low Priority / Avoid,General Watchlist,9.5,0.0,14.8
2026-07-20,CASY,"Caseys General Stores, Inc.",Consumer Cyclical,37.7,34.9,21.0,72.1,24.8,38.3,867.31,478.1,-44.9,Tier 4 — Low Priority / Avoid,General Watchlist,20.8,17.5,24.0
2026-07-20,CAT,"Caterpillar, Inc.",Industrials,46.4,47.5,34.5,64.3,41.1,44.8,869.62,589.68,-32.2,Tier 4 — Low Priority / Avoid,General Watchlist,18.6,0.0,23.2
2026-07-20,CBOE,"Cboe Global Markets, Inc.",Financial Services,61.2,68.8,57.1,49.7,68.1,61.2,276.13,280.8,1.7,Tier 3 — Watchlist Only,General Watchlist,60.9,50.0,58.4
2026-07-20,CBRE,CBRE Group Inc,Real Estate,31.5,33.1,31.6,32.7,25.7,32.7,139.34,124.34,-10.8,Tier 4 — Low Priority / Avoid,General Watchlist,13.7,5.0,19.0
2026-07-20,CDW,CDW Corporation,Technology,33.9,32.7,41.1,27.2,32.9,34.7,130.28,114.94,-11.8,Tier 4 — Low Priority / Avoid,Recovery Candidate,15.4,0.0,20.0
2026-07-20,COR,"Cencora, Inc.",Healthcare,32.0,27.1,43.2,32.4,21.1,34.6,305.21,472.98,55.0,Tier 4 — Low Priority / Avoid,General Watchlist,10.5,0.0,18.1
2026-07-20,CNC,Centene Corporation,Healthcare,55.9,47.1,62.9,67.0,46.7,56.2,66.38,119.27,79.7,Tier 4 — Low Priority / Avoid,General Watchlist,48.6,40.0,49.6
2026-07-20,CNP,"CenterPoint Energy, Inc (Holdin",Utilities,31.0,26.6,27.3,47.1,23.2,33.0,43.09,30.28,-29.7,Tier 4 — Low Priority / Avoid,General Watchlist,10.1,0.0,15.2
2026-07-20,CF,"CF Industries Holdings, Inc.",Basic Materials,75.0,76.0,74.9,74.7,73.7,74.9,124.85,191.83,53.6,Tier 2 — Worth Researching,General Watchlist,73.8,75.0,74.6
2026-07-20,CRL,Charles River Laboratories Inte,Healthcare,41.3,37.1,42.6,49.6,36.4,41.1,218.18,170.54,-21.8,Tier 4 — Low Priority / Avoid,General Watchlist,23.0,0.0,24.3
2026-07-20,SCHW,Charles Schwab Corporation (The,Financial Services,63.7,68.0,65.4,52.7,66.9,64.3,101.38,122.18,20.5,Tier 3 — Watchlist Only,General Watchlist,59.3,37.5,56.4
2026-07-20,CHTR,"Charter Communications, Inc.",Communication Services,41.6,39.3,60.2,20.9,41.8,43.2,129.35,274.9,112.5,Tier 4 — Low Priority / Avoid,Recovery Candidate,23.3,0.0,27.6
2026-07-20,CVX,Chevron Corporation,Energy,35.3,27.9,33.7,55.4,24.5,37.9,189.36,135.42,-28.5,Tier 4 — Low Priority / Avoid,General Watchlist,33.3,2.5,25.8
2026-07-20,CMG,"Chipotle Mexican Grill, Inc.",Consumer Cyclical,32.0,35.2,33.5,21.0,37.7,32.2,33.02,19.61,-40.6,Tier 4 — Low Priority / Avoid,General Watchlist,15.1,0.0,18.7
2026-07-20,CB,Chubb Limited,Financial Services,65.2,64.6,64.6,69.0,61.1,66.4,353.65,395.92,12.0,Tier 3 — Watchlist Only,General Watchlist,65.2,75.0,67.7
2026-07-20,CHD,"Church & Dwight Company, Inc.",Consumer Defensive,46.9,49.6,41.1,45.8,51.8,47.9,97.75,61.52,-37.1,Tier 4 — Low Priority / Avoid,General Watchlist,46.2,12.5,37.6
2026-07-20,CIEN,Ciena Corporation,Technology,49.4,53.7,37.4,60.7,47.1,47.7,384.0,153.6,-60.0,Tier 4 — Low Priority / Avoid,General Watchlist,38.0,27.5,38.3
2026-07-20,CI,The Cigna Group,Healthcare,48.4,44.5,63.7,38.8,41.6,51.1,284.88,402.25,41.2,Tier 4 — Low Priority / Avoid,Recovery Candidate,44.7,2.5,37.9
2026-07-20,CINF,Cincinnati Financial Corporatio,Financial Services,64.6,63.0,71.2,59.9,62.1,66.4,181.97,244.72,34.5,Tier 3 — Watchlist Only,General Watchlist,66.5,37.5,59.6
2026-07-20,CTAS,Cintas Corporation,Industrials,44.9,51.5,32.5,45.8,50.9,44.9,201.0,87.57,-56.4,Tier 4 — Low Priority / Avoid,General Watchlist,35.0,0.0,29.0
2026-07-20,CSCO,"Cisco Systems, Inc.",Technology,58.1,59.8,43.3,75.6,56.2,57.5,111.89,80.15,-28.4,Tier 4 — Low Priority / Avoid,Position Trade Candidate,52.7,37.5,48.9
2026-07-20,C,"Citigroup, Inc.",Financial Services,61.8,60.7,65.3,61.9,58.1,62.1,130.31,167.04,28.2,Tier 3 — Watchlist Only,Recovery Candidate,61.4,62.5,62.3
2026-07-21,CFG,"Citizens Financial Group, Inc.",Financial Services,59.5,59.9,53.4,68.9,56.8,59.1,71.54,60.7,-15.2,Tier 4 — Low Priority / Avoid,General Watchlist,55.6,50.0,54.8
2026-07-21,CLX,Clorox Company (The),Consumer Defensive,27.8,27.3,29.6,25.4,28.0,29.1,95.53,77.27,-19.1,Tier 4 — Low Priority / Avoid,General Watchlist,8.2,0.0,14.4
2026-07-21,CME,CME Group Inc.,Financial Services,57.0,68.4,52.8,36.6,67.8,57.3,240.42,210.96,-12.3,Tier 4 — Low Priority / Avoid,General Watchlist,56.5,25.0,49.4
2026-07-21,CMS,CMS Energy Corporation,Utilities,30.2,28.7,29.1,37.9,23.4,32.5,71.92,59.35,-17.5,Tier 4 — Low Priority / Avoid,General Watchlist,9.3,0.0,15.4
2026-07-21,KO,Coca-Cola Company (The),Consumer Defensive,51.5,55.0,38.1,61.9,53.2,51.7,82.01,58.34,-28.9,Tier 4 — Low Priority / Avoid,General Watchlist,33.6,17.5,35.1
2026-07-21,CTSH,Cognizant Technology Solutions ,Technology,54.9,56.3,73.6,24.3,60.2,56.8,44.2,74.25,68.0,Tier 4 — Low Priority / Avoid,Recovery Candidate,60.8,37.5,55.8
2026-07-21,COHR,Coherent Corp.,Technology,36.3,34.1,26.9,57.8,28.8,34.8,312.44,219.15,-29.9,Tier 4 — Low Priority / Avoid,General Watchlist,19.6,30.0,27.0
2026-07-21,COIN,"Coinbase Global, Inc.",Financial Services,42.4,49.7,42.0,22.9,55.3,40.8,178.31,99.37,-44.3,Tier 4 — Low Priority / Avoid,General Watchlist,43.6,15.0,36.4
2026-07-21,CL,Colgate-Palmolive Company,Consumer Defensive,44.5,45.5,43.1,43.0,46.6,45.3,90.33,81.06,-10.3,Tier 4 — Low Priority / Avoid,General Watchlist,33.2,0.0,29.4
2026-07-21,CMCSA,Comcast Corporation,Communication Services,39.7,37.1,50.8,28.9,39.0,42.0,23.8,41.49,74.4,Tier 4 — Low Priority / Avoid,General Watchlist,29.8,2.5,28.7
2026-07-21,FIX,"Comfort Systems USA, Inc.",Industrials,44.3,43.7,33.1,61.7,42.1,42.8,1764.06,956.14,-45.8,Tier 4 — Low Priority / Avoid,General Watchlist,30.1,2.5,26.9
2026-07-21,COP,ConocoPhillips,Energy,46.2,40.7,45.9,57.5,41.4,47.9,116.62,93.57,-19.8,Tier 4 — Low Priority / Avoid,General Watchlist,46.0,25.0,40.5
2026-07-21,ED,"Consolidated Edison, Inc.",Utilities,36.7,35.6,33.4,45.2,31.7,38.6,109.56,91.56,-16.4,Tier 4 — Low Priority / Avoid,General Watchlist,15.7,0.0,19.9
2026-07-21,STZ,"Constellation Brands, Inc.",Consumer Defensive,60.1,65.2,72.5,30.1,68.7,61.0,132.12,181.14,37.1,Tier 3 — Watchlist Only,Recovery Candidate,52.1,27.5,51.7
2026-07-21,CEG,Constellation Energy Corporatio,Utilities,34.9,40.6,35.0,26.9,34.1,34.8,260.87,230.58,-11.6,Tier 4 — Low Priority / Avoid,General Watchlist,16.7,0.0,20.4
2026-07-21,COO,"The Cooper Companies, Inc.",Healthcare,32.1,32.2,33.5,32.6,27.8,33.7,71.27,53.36,-25.1,Tier 4 — Low Priority / Avoid,General Watchlist,30.6,0.0,24.0
2026-07-21,CPRT,"Copart, Inc.",Industrials,54.6,64.7,56.6,24.4,71.2,54.6,27.05,25.32,-6.4,Tier 4 — Low Priority / Avoid,General Watchlist,60.8,25.0,50.7
2026-07-21,GLW,Corning Incorporated,Technology,40.5,40.3,26.6,64.8,32.0,39.5,161.78,102.78,-36.5,Tier 4 — Low Priority / Avoid,General Watchlist,26.1,27.5,30.0
2026-07-21,CPAY,"Corpay, Inc.",Technology,72.7,75.4,79.1,59.6,74.6,72.2,363.93,470.37,29.2,Tier 3 — Watchlist Only,"Undervalued Opportunity, Recovery Candidate",61.0,52.5,64.7
2026-07-21,CTVA,"Corteva, Inc.",Basic Materials,53.1,53.1,45.3,64.3,50.6,54.0,87.16,76.0,-12.8,Tier 4 — Low Priority / Avoid,General Watchlist,52.4,37.5,47.9
2026-07-21,CSGP,"CoStar Group, Inc.",Real Estate,33.8,39.9,34.4,22.7,34.5,34.8,28.98,11.59,-60.0,Tier 4 — Low Priority / Avoid,General Watchlist,31.2,2.5,25.9
2026-07-21,COST,Costco Wholesale Corporation,Consumer Defensive,33.5,40.8,22.3,37.2,31.9,34.4,928.65,463.63,-50.1,Tier 4 — Low Priority / Avoid,General Watchlist,21.5,27.5,27.0
2026-07-21,CRH,CRH PLC,Basic Materials,27.8,28.4,30.9,25.0,23.9,29.7,99.34,65.24,-34.3,Tier 4 — Low Priority / Avoid,General Watchlist,20.5,0.0,19.1
2026-07-21,CRWD,"CrowdStrike Holdings, Inc.",Technology,51.9,53.3,35.8,73.9,47.8,50.5,191.81,76.72,-60.0,Tier 4 — Low Priority / Avoid,General Watchlist,49.9,50.0,48.2
2026-07-21,CCI,Crown Castle Inc.,Real Estate,42.7,48.8,40.6,29.9,51.0,43.3,77.55,59.08,-23.8,Tier 4 — Low Priority / Avoid,General Watchlist,31.7,0.0,28.6
2026-07-21,CSX,CSX Corporation,Industrials,50.5,48.5,37.7,72.6,46.7,49.9,49.71,30.14,-39.4,Tier 4 — Low Priority / Avoid,General Watchlist,34.6,17.5,34.5
2026-07-21,CMI,Cummins Inc.,Industrials,34.8,30.2,29.6,52.3,28.8,35.8,656.47,372.71,-43.2,Tier 4 — Low Priority / Avoid,General Watchlist,27.8,2.5,23.2
2026-07-21,CVS,CVS Health Corporation,Healthcare,37.7,28.4,31.9,71.3,20.2,38.9,108.81,100.8,-7.4,Tier 4 — Low Priority / Avoid,General Watchlist,15.8,5.0,20.2
2026-07-21,DHR,Danaher Corporation,Healthcare,45.6,49.8,44.0,37.4,50.4,46.3,174.34,143.86,-17.5,Tier 4 — Low Priority / Avoid,General Watchlist,48.2,25.0,41.6
2026-07-21,DRI,"Darden Restaurants, Inc.",Consumer Cyclical,39.9,42.9,43.5,32.0,37.5,41.2,193.22,169.27,-12.4,Tier 4 — Low Priority / Avoid,General Watchlist,26.6,2.5,26.9
2026-07-21,DDOG,"Datadog, Inc.",Technology,55.8,57.9,39.2,78.0,51.2,53.3,258.01,103.2,-60.0,Tier 4 — Low Priority / Avoid,Position Trade Candidate,47.1,52.5,49.3
2026-07-21,DVA,DaVita Inc.,Healthcare,49.7,43.3,48.4,69.2,38.9,49.7,235.47,164.77,-30.0,Tier 4 — Low Priority / Avoid,General Watchlist,36.4,40.0,41.8
2026-07-21,DECK,Deckers Outdoor Corporation,Consumer Cyclical,57.4,60.0,67.9,34.2,65.6,57.7,103.47,122.44,18.3,Tier 4 — Low Priority / Avoid,Recovery Candidate,64.6,50.0,60.0
2026-07-21,DE,Deere & Company,Industrials,28.1,24.0,23.4,42.9,23.7,29.4,586.75,363.2,-38.1,Tier 4 — Low Priority / Avoid,General Watchlist,10.6,0.0,14.0
2026-07-21,DELL,Dell Technologies Inc.,Technology,43.2,37.1,36.2,72.6,28.3,42.1,403.79,228.33,-43.5,Tier 4 — Low Priority / Avoid,General Watchlist,25.1,20.0,29.2
2026-07-21,DAL,"Delta Air Lines, Inc.",Industrials,43.9,31.6,54.7,60.4,27.6,45.3,84.51,125.59,48.6,Tier 4 — Low Priority / Avoid,General Watchlist,33.6,27.5,36.8
2026-07-21,DVN,Devon Energy Corporation,Energy,40.0,33.5,40.9,53.0,33.1,41.6,43.92,33.26,-24.3,Tier 4 — Low Priority / Avoid,General Watchlist,40.8,25.0,36.3
2026-07-21,DXCM,"DexCom, Inc.",Healthcare,58.7,68.6,55.6,41.2,68.8,57.0,74.74,59.8,-20.0,Tier 4 — Low Priority / Avoid,General Watchlist,52.6,27.5,49.0
2026-07-21,FANG,"Diamondback Energy, Inc.",Energy,35.4,28.0,28.6,62.9,24.1,36.7,198.51,92.14,-53.6,Tier 4 — Low Priority / Avoid,General Watchlist,35.2,25.0,31.2
2026-07-21,DLR,"Digital Realty Trust, Inc.",Real Estate,49.8,58.2,39.1,47.2,54.5,49.3,179.57,128.0,-28.7,Tier 4 — Low Priority / Avoid,General Watchlist,36.0,15.0,35.4
2026-07-21,DG,Dollar General Corporation,Consumer Defensive,33.0,29.9,39.2,33.5,27.2,34.5,123.42,105.27,-14.7,Tier 4 — Low Priority / Avoid,General Watchlist,22.4,2.5,22.5
2026-07-21,DLTR,"Dollar Tree, Inc.",Consumer Defensive,38.4,36.3,42.9,38.2,34.9,39.2,126.17,88.03,-30.2,Tier 4 — Low Priority / Avoid,General Watchlist,26.7,2.5,25.9
2026-07-21,D,"Dominion Energy, Inc.",Utilities,38.5,35.0,32.2,57.5,29.8,39.9,70.14,54.4,-22.4,Tier 4 — Low Priority / Avoid,General Watchlist,15.9,0.0,19.9
2026-07-21,DPZ,Domino's Pizza Inc,Consumer Cyclical,38.0,37.8,41.1,33.9,38.5,38.9,331.12,300.48,-9.3,Tier 4 — Low Priority / Avoid,General Watchlist,29.0,2.5,26.6
2026-07-21,DASH,"DoorDash, Inc.",Consumer Cyclical,37.0,43.1,31.7,30.8,42.4,36.3,186.33,74.74,-59.9,Tier 4 — Low Priority / Avoid,General Watchlist,29.4,15.0,28.6
2026-07-21,DOV,Dover Corporation,Industrials,42.3,44.6,40.3,40.5,43.2,43.4,211.47,130.5,-38.3,Tier 4 — Low Priority / Avoid,General Watchlist,42.6,12.5,35.0
2026-07-21,DOW,Dow Inc.,Basic Materials,21.2,14.4,19.9,40.6,10.1,22.7,31.0,24.51,-20.9,Tier 4 — Low Priority / Avoid,General Watchlist,4.9,0.0,9.5
2026-07-21,DHI,"D.R. Horton, Inc.",Consumer Cyclical,40.7,39.0,49.8,29.9,42.4,42.3,144.49,136.77,-5.3,Tier 4 — Low Priority / Avoid,Recovery Candidate,46.0,37.5,43.2
2026-07-21,DTE,DTE Energy Company,Utilities,24.9,19.6,25.3,39.4,13.3,27.6,144.03,103.08,-28.4,Tier 4 — Low Priority / Avoid,General Watchlist,4.9,0.0,11.6
2026-07-21,DUK,Duke Energy Corporation (Holdin,Utilities,36.8,34.9,33.9,47.0,30.2,38.7,124.78,104.05,-16.6,Tier 4 — Low Priority / Avoid,General Watchlist,15.2,0.0,19.7
2026-07-21,DD,"DuPont de Nemours, Inc.",Basic Materials,34.0,31.2,30.0,48.5,26.2,35.2,138.26,95.58,-30.9,Tier 4 — Low Priority / Avoid,General Watchlist,27.2,15.0,26.2
2026-07-21,ETN,"Eaton Corporation, PLC",Industrials,34.8,34.4,24.8,49.9,32.4,34.8,405.6,198.66,-51.0,Tier 4 — Low Priority / Avoid,General Watchlist,19.4,0.0,19.2
2026-07-21,EBAY,eBay Inc.,Consumer Cyclical,52.9,52.3,44.3,66.4,50.7,52.2,112.67,83.26,-26.1,Tier 4 — Low Priority / Avoid,General Watchlist,49.8,50.0,49.6
2026-07-21,ECHO,EchoStar Corporation,Communication Services,19.9,13.6,22.5,32.9,10.4,20.7,94.86,73.59,-22.4,Tier 4 — Low Priority / Avoid,General Watchlist,0.0,0.0,7.8
2026-07-21,ECL,Ecolab Inc.,Basic Materials,35.2,39.6,29.6,33.9,36.9,36.5,265.86,139.9,-47.4,Tier 4 — Low Priority / Avoid,General Watchlist,18.4,0.0,20.3
2026-07-22,EIX,Edison International,Utilities,45.1,33.6,46.7,68.6,33.2,46.1,79.8,116.01,45.4,Tier 4 — Low Priority / Avoid,General Watchlist,21.3,5.0,26.0
2026-07-22,EW,Edwards Lifesciences Corporatio,Healthcare,51.5,60.9,42.0,42.3,60.6,51.2,84.48,49.05,-41.9,Tier 4 — Low Priority / Avoid,General Watchlist,47.5,12.5,39.8
2026-07-22,EA,Electronic Arts Inc.,Communication Services,60.0,67.7,53.6,53.3,64.1,60.1,208.96,199.5,-4.5,Tier 3 — Watchlist Only,General Watchlist,61.3,37.5,54.7
2026-07-22,ELV,"Elevance Health, Inc.",Healthcare,40.7,34.7,43.3,50.1,34.9,42.1,392.56,314.25,-19.9,Tier 4 — Low Priority / Avoid,General Watchlist,42.6,25.0,37.4
2026-07-22,EME,"EMCOR Group, Inc.",Industrials,48.6,51.8,45.0,50.2,46.3,48.7,756.06,636.94,-15.8,Tier 4 — Low Priority / Avoid,General Watchlist,43.4,27.5,41.3
2026-07-22,EMR,Emerson Electric Company,Industrials,46.4,51.9,45.3,35.8,51.1,46.8,139.39,91.23,-34.5,Tier 4 — Low Priority / Avoid,General Watchlist,36.2,0.0,31.7
2026-07-22,ETR,Entergy Corporation,Utilities,34.5,28.7,28.9,57.2,23.8,36.2,114.52,77.27,-32.5,Tier 4 — Low Priority / Avoid,General Watchlist,13.2,0.0,17.3
2026-07-22,EOG,"EOG Resources, Inc.",Energy,70.4,69.2,72.5,72.2,66.4,71.3,145.31,215.26,48.1,Tier 3 — Watchlist Only,General Watchlist,68.2,87.5,74.2
2026-07-22,EQT,EQT Corporation,Energy,52.1,52.1,62.5,35.6,55.6,53.6,53.06,61.75,16.4,Tier 4 — Low Priority / Avoid,Recovery Candidate,55.5,37.5,51.4
2026-07-22,EFX,"Equifax, Inc.",Industrials,46.7,49.1,52.2,37.1,45.7,46.9,169.29,183.34,8.3,Tier 4 — Low Priority / Avoid,General Watchlist,38.5,15.0,37.0
2026-07-22,EQIX,"Equinix, Inc.",Real Estate,44.6,47.5,29.6,60.6,42.6,44.0,1033.03,473.96,-54.1,Tier 4 — Low Priority / Avoid,General Watchlist,28.1,15.0,29.4
2026-07-22,EQR,Equity Residential,Real Estate,48.1,50.0,39.6,52.2,52.6,48.8,68.09,53.87,-20.9,Tier 4 — Low Priority / Avoid,General Watchlist,37.4,2.5,32.0
2026-07-22,ERIE,Erie Indemnity Company,Financial Services,44.8,49.3,49.1,26.9,51.8,45.9,212.56,225.05,5.9,Tier 4 — Low Priority / Avoid,General Watchlist,49.3,25.0,42.7
2026-07-22,ESS,"Essex Property Trust, Inc.",Real Estate,49.8,52.3,38.9,55.6,55.1,50.0,293.02,247.49,-15.5,Tier 4 — Low Priority / Avoid,General Watchlist,32.4,2.5,30.5
2026-07-22,EL,"Estee Lauder Companies, Inc. (T",Consumer Defensive,34.4,34.4,41.8,22.6,37.3,34.6,82.24,80.99,-1.5,Tier 4 — Low Priority / Avoid,General Watchlist,19.4,0.0,21.7
2026-07-22,EG,"Everest Group, Ltd.",Financial Services,65.8,63.6,75.4,57.5,63.9,67.7,374.13,883.8,136.2,Tier 3 — Watchlist Only,Undervalued Opportunity,63.9,25.0,56.4
2026-07-22,EVRG,"Evergy, Inc.",Utilities,38.1,33.7,32.4,58.2,28.5,40.0,86.06,62.57,-27.3,Tier 4 — Low Priority / Avoid,General Watchlist,16.0,0.0,19.8
2026-07-22,ES,Eversource Energy (D/B/A),Utilities,36.2,34.5,33.1,46.3,30.6,37.7,74.09,65.33,-11.8,Tier 4 — Low Priority / Avoid,General Watchlist,20.8,0.0,21.3
2026-07-22,EXC,Exelon Corporation,Utilities,31.4,27.8,30.8,41.4,24.4,33.7,46.44,40.51,-12.8,Tier 4 — Low Priority / Avoid,General Watchlist,10.9,0.0,16.3
2026-07-22,EXE,Expand Energy Corporation,Energy,64.9,71.0,75.9,37.3,70.1,66.3,91.7,179.03,95.2,Tier 3 — Watchlist Only,"Undervalued Opportunity, Recovery Candidate",65.2,62.5,66.9
2026-07-22,EXPE,"Expedia Group, Inc.",Consumer Cyclical,57.8,56.6,72.6,42.8,55.5,58.2,264.15,414.24,56.8,Tier 4 — Low Priority / Avoid,Recovery Candidate,51.2,15.0,47.0
2026-07-22,EXPD,Expeditors International of Was,Industrials,49.8,50.5,39.0,62.5,49.0,50.0,177.48,92.23,-48.0,Tier 4 — Low Priority / Avoid,General Watchlist,50.1,37.5,45.3
2026-07-22,EXR,Extra Space Storage Inc,Real Estate,43.8,48.2,37.5,39.2,51.3,43.9,145.0,93.0,-35.9,Tier 4 — Low Priority / Avoid,General Watchlist,28.3,2.5,27.6
2026-07-22,XOM,ExxonMobil Holdings Corporation,Energy,34.8,25.6,30.1,63.4,21.5,37.3,154.62,99.92,-35.4,Tier 4 — Low Priority / Avoid,General Watchlist,27.3,27.5,29.1
2026-07-22,FFIV,"F5, Inc.",Technology,61.6,63.9,50.8,69.0,65.4,60.8,404.25,318.09,-21.3,Tier 3 — Watchlist Only,General Watchlist,63.4,50.0,57.8
2026-07-22,FDS,FactSet Research Systems Inc.,Financial Services,58.2,59.3,67.2,40.2,64.8,59.0,247.54,284.02,14.7,Tier 4 — Low Priority / Avoid,Recovery Candidate,59.8,27.5,52.7
2026-07-22,FICO,Fair Isaac Corporation,Technology,57.5,68.4,51.9,41.5,67.7,55.4,1217.43,973.41,-20.0,Tier 4 — Low Priority / Avoid,General Watchlist,47.7,27.5,46.5
2026-07-22,FAST,Fastenal Company,Industrials,48.7,56.4,35.3,49.3,54.7,48.9,45.05,22.52,-50.0,Tier 4 — Low Priority / Avoid,General Watchlist,44.3,25.0,40.0
2026-07-22,FRT,Federal Realty Investment Trust,Real Estate,56.5,60.1,43.0,68.0,57.3,55.8,125.22,106.97,-14.6,Tier 4 — Low Priority / Avoid,General Watchlist,37.9,40.0,44.1
2026-07-22,FDX,FedEx Corporation,Industrials,46.6,38.7,47.7,64.1,37.1,47.3,319.36,263.66,-17.4,Tier 4 — Low Priority / Avoid,General Watchlist,48.1,50.0,47.5
2026-07-22,FDXF,"FedEx Freight Holding Company, ",Industrials,34.4,31.2,33.8,42.4,30.2,35.6,151.44,63.84,-57.8,Tier 4 — Low Priority / Avoid,General Watchlist,24.9,0.0,22.2
2026-07-22,FIS,Fidelity National Information S,Technology,55.8,58.9,73.7,28.6,55.3,57.2,40.94,87.3,113.2,Tier 4 — Low Priority / Avoid,Recovery Candidate,45.6,27.5,48.4
2026-07-22,FITB,Fifth Third Bancorp,Financial Services,50.1,49.4,46.3,58.0,47.1,50.6,57.48,41.58,-27.7,Tier 4 — Low Priority / Avoid,General Watchlist,45.9,12.5,38.7
2026-07-22,FSLR,"First Solar, Inc.",Technology,68.9,76.4,80.2,38.6,75.9,67.7,209.46,260.16,24.2,Tier 3 — Watchlist Only,"Undervalued Opportunity, Recovery Candidate",65.5,52.5,65.9
2026-07-22,FE,FirstEnergy Corp.,Utilities,34.2,30.9,33.0,46.7,24.6,36.2,48.99,41.52,-15.3,Tier 4 — Low Priority / Avoid,General Watchlist,11.8,0.0,17.6
2026-07-22,FISV,"Fiserv, Inc.",Unknown,47.5,48.2,62.5,25.4,50.0,48.1,50.26,106.2,111.3,Tier 4 — Low Priority / Avoid,Recovery Candidate,40.5,15.0,39.3
2026-07-22,FLEX,Flex Ltd.,Technology,36.9,31.3,29.2,64.0,25.1,36.2,129.38,51.75,-60.0,Tier 4 — Low Priority / Avoid,General Watchlist,20.6,17.5,24.5
2026-07-22,F,Ford Motor Company,Consumer Cyclical,26.3,19.9,23.2,50.4,12.4,26.4,14.38,11.47,-20.2,Tier 4 — Low Priority / Avoid,General Watchlist,0.0,0.0,9.4
2026-07-22,FTNT,"Fortinet, Inc.",Technology,65.0,72.6,43.3,78.2,70.2,62.3,155.47,62.19,-60.0,Tier 3 — Watchlist Only,Position Trade Candidate,58.9,62.5,59.3
2026-07-22,FTV,Fortive Corporation,Technology,47.0,45.4,47.6,49.2,45.4,48.4,60.26,59.39,-1.4,Tier 4 — Low Priority / Avoid,General Watchlist,39.2,15.0,36.4
2026-07-22,FOXA,Fox Corporation,Communication Services,45.2,46.3,51.7,30.7,50.0,46.9,56.75,60.48,6.6,Tier 4 — Low Priority / Avoid,General Watchlist,48.0,25.0,42.5
2026-07-22,FOX,Fox Corporation,Communication Services,46.7,47.7,55.2,30.0,51.6,48.6,50.76,57.56,13.4,Tier 4 — Low Priority / Avoid,General Watchlist,49.7,25.0,44.0
2026-07-22,BEN,"Franklin Resources, Inc.",Financial Services,47.2,43.1,44.1,64.3,37.6,47.8,32.51,25.2,-22.5,Tier 4 — Low Priority / Avoid,General Watchlist,39.5,52.5,45.0
2026-07-22,FCX,"Freeport-McMoRan, Inc.",Basic Materials,47.7,51.2,40.2,52.3,47.5,46.8,64.55,29.92,-53.6,Tier 4 — Low Priority / Avoid,General Watchlist,40.8,27.5,39.3
2026-07-22,GRMN,Garmin Ltd.,Technology,54.2,62.3,43.8,50.2,61.2,53.8,240.63,145.76,-39.4,Tier 4 — Low Priority / Avoid,General Watchlist,49.6,25.0,44.5
2026-07-22,IT,"Gartner, Inc.",Technology,54.1,55.8,74.4,20.9,60.8,55.0,133.4,262.08,96.5,Tier 4 — Low Priority / Avoid,Recovery Candidate,38.9,17.5,43.0
2026-07-22,GE,GE Aerospace,Industrials,47.5,52.0,31.5,60.9,47.8,46.3,343.54,154.53,-55.0,Tier 4 — Low Priority / Avoid,General Watchlist,39.1,25.0,36.8
2026-07-22,GEHC,GE HealthCare Technologies Inc.,Healthcare,36.1,35.9,45.6,22.8,37.0,38.2,61.89,63.79,3.1,Tier 4 — Low Priority / Avoid,Recovery Candidate,36.3,2.5,29.5
2026-07-22,GEV,GE Vernova Inc.,Industrials,59.9,62.8,45.0,74.8,60.1,58.3,1008.96,790.84,-21.6,Tier 4 — Low Priority / Avoid,General Watchlist,58.3,62.5,57.8
2026-07-22,GEN,Gen Digital Inc.,Technology,70.4,74.8,81.3,47.1,74.8,69.8,25.63,45.18,76.3,Tier 3 — Watchlist Only,Undervalued Opportunity,57.5,40.0,60.3
2026-07-22,GNRC,Generac Holdlings Inc.,Industrials,35.3,32.7,28.8,54.7,25.6,34.5,216.34,86.54,-60.0,Tier 4 — Low Priority / Avoid,General Watchlist,19.7,17.5,24.0
2026-07-22,GD,General Dynamics Corporation,Industrials,46.9,44.8,41.5,60.4,40.9,48.3,372.14,280.87,-24.5,Tier 4 — Low Priority / Avoid,General Watchlist,46.1,12.5,37.2
2026-07-22,GIS,"General Mills, Inc.",Consumer Defensive,44.8,43.2,58.1,27.8,47.2,46.3,36.96,52.48,42.0,Tier 4 — Low Priority / Avoid,General Watchlist,45.8,15.0,39.8
2026-07-22,GM,General Motors Company,Consumer Cyclical,43.9,31.2,57.4,54.3,31.7,45.8,82.41,177.18,115.0,Tier 4 — Low Priority / Avoid,Recovery Candidate,36.9,27.5,38.4
2026-07-22,GPC,Genuine Parts Company,Consumer Cyclical,31.0,25.7,32.6,40.6,24.7,32.8,120.41,101.36,-15.8,Tier 4 — Low Priority / Avoid,General Watchlist,21.9,2.5,20.7
2026-07-23,GILD,"Gilead Sciences, Inc.",Healthcare,67.2,80.9,54.4,50.6,83.9,66.0,130.39,151.68,16.3,Tier 3 — Watchlist Only,"Long-Term Compounder, Healthy Business",66.5,50.0,61.9
2026-07-23,GPN,Global Payments Inc.,Industrials,45.5,49.1,42.1,45.3,43.8,45.5,77.71,193.52,149.0,Tier 4 — Low Priority / Avoid,Recovery Candidate,38.9,40.0,41.7
2026-07-23,GL,Globe Life Inc.,Financial Services,53.6,57.6,35.9,67.9,56.7,52.8,168.81,170.36,0.9,Tier 4 — Low Priority / Avoid,General Watchlist,52.5,50.0,49.9
2026-07-23,GDDY,GoDaddy Inc.,Technology,54.0,64.7,52.6,27.9,70.9,52.7,87.08,141.52,62.5,Tier 4 — Low Priority / Avoid,Recovery Candidate,38.4,17.5,40.1
2026-07-23,GS,"Goldman Sachs Group, Inc. (The)",Financial Services,61.4,68.8,44.6,69.0,66.4,58.8,1068.38,1179.0,10.4,Tier 3 — Watchlist Only,General Watchlist,60.0,62.5,59.0
2026-07-23,HAL,Halliburton Company,Energy,44.4,49.4,30.5,51.5,48.3,43.7,33.48,29.13,-13.0,Tier 4 — Low Priority / Avoid,Recovery Candidate,47.2,25.0,38.8
2026-07-23,HIG,"The Hartford Insurance Group, I",Financial Services,66.6,74.6,55.4,62.5,74.8,66.5,142.7,255.78,79.2,Tier 3 — Watchlist Only,Recovery Candidate,69.6,62.5,65.7
2026-07-23,HAS,"Hasbro, Inc.",Consumer Cyclical,51.1,58.4,40.0,49.6,57.8,50.2,87.13,94.74,8.7,Tier 4 — Low Priority / Avoid,General Watchlist,51.1,40.0,47.3
2026-07-23,HCA,"HCA Healthcare, Inc.",Healthcare,34.6,41.2,28.6,28.1,40.2,34.9,376.27,387.65,3.0,Tier 4 — Low Priority / Avoid,Recovery Candidate,26.2,2.5,23.4
2026-07-23,DOC,"Healthpeak Properties, Inc.",Real Estate,51.1,54.6,33.7,68.2,50.8,50.1,22.21,13.24,-40.4,Tier 4 — Low Priority / Avoid,General Watchlist,42.1,40.0,42.8
2026-07-23,HSIC,"Henry Schein, Inc.",Healthcare,26.4,25.6,13.9,46.7,21.3,27.6,84.41,50.44,-40.2,Tier 4 — Low Priority / Avoid,General Watchlist,9.1,0.0,12.0
2026-07-23,HSY,The Hershey Company,Consumer Defensive,47.5,58.8,40.6,32.3,56.6,47.5,170.13,196.3,15.4,Tier 4 — Low Priority / Avoid,General Watchlist,36.7,15.0,35.7
2026-07-23,HPE,Hewlett Packard Enterprise Comp,Technology,41.2,39.3,25.1,71.6,32.4,39.6,48.11,32.26,-32.9,Tier 4 — Low Priority / Avoid,General Watchlist,25.4,30.0,30.0
2026-07-23,HLT,Hilton Worldwide Holdings Inc.,Consumer Cyclical,52.6,62.6,36.5,51.9,61.0,51.4,318.93,274.85,-13.8,Tier 4 — Low Priority / Avoid,General Watchlist,34.6,15.0,35.3
2026-07-23,HD,"Home Depot, Inc. (The)",Consumer Cyclical,31.5,37.7,22.8,26.4,40.1,31.7,326.25,215.29,-34.0,Tier 4 — Low Priority / Avoid,General Watchlist,20.5,5.0,20.4
2026-07-23,HONA,Honeywell Aerospace Inc.,Industrials,40.4,46.4,27.9,43.0,46.4,39.9,199.44,159.78,-19.9,Tier 4 — Low Priority / Avoid,General Watchlist,29.7,0.0,25.2
2026-07-23,HON,Honeywell International Inc.,Industrials,37.1,38.2,23.0,51.0,40.1,36.9,247.47,158.24,-36.1,Tier 4 — Low Priority / Avoid,General Watchlist,26.4,2.5,22.7
2026-07-23,HRL,Hormel Foods Corporation,Consumer Defensive,32.0,33.9,19.8,41.8,35.0,33.0,25.0,15.46,-38.1,Tier 4 — Low Priority / Avoid,General Watchlist,35.5,15.0,27.5
2026-07-23,HST,"Host Hotels & Resorts, Inc.",Real Estate,57.0,61.0,36.7,74.9,59.8,55.3,24.15,19.19,-20.5,Tier 4 — Low Priority / Avoid,General Watchlist,57.9,62.5,55.8
2026-07-23,HWM,Howmet Aerospace Inc.,Industrials,63.9,71.7,41.4,77.3,69.5,61.6,285.03,196.69,-31.0,Tier 3 — Watchlist Only,Position Trade Candidate,56.3,75.0,61.1
2026-07-23,HPQ,HP Inc.,Technology,42.8,42.3,36.9,52.4,41.3,42.3,24.73,38.74,56.6,Tier 4 — Low Priority / Avoid,General Watchlist,33.6,15.0,31.6
2026-07-23,HUBB,Hubbell Inc,Industrials,40.8,49.5,28.6,37.4,48.4,40.5,481.98,312.99,-35.1,Tier 4 — Low Priority / Avoid,General Watchlist,38.2,0.0,28.7
2026-07-23,HUM,Humana Inc.,Healthcare,41.5,38.8,22.9,73.9,35.5,40.4,392.78,195.75,-50.2,Tier 4 — Low Priority / Avoid,General Watchlist,43.3,40.0,38.5
2026-07-23,HBAN,Huntington Bancshares Incorpora,Financial Services,45.0,52.3,31.7,46.2,51.6,44.4,17.29,16.15,-6.6,Tier 4 — Low Priority / Avoid,General Watchlist,44.9,12.5,35.5
2026-07-23,HII,"Huntington Ingalls Industries, ",Industrials,29.4,33.0,24.5,29.6,29.6,30.4,288.96,315.77,9.3,Tier 4 — Low Priority / Avoid,Recovery Candidate,31.2,12.5,25.6
2026-07-23,IBM,International Business Machines,Technology,36.6,44.5,30.5,22.9,49.8,35.8,206.33,199.03,-3.5,Tier 4 — Low Priority / Avoid,General Watchlist,22.3,5.0,23.4
2026-07-23,IEX,IDEX Corporation,Industrials,50.8,58.2,33.6,57.7,56.0,49.8,221.8,160.08,-27.8,Tier 4 — Low Priority / Avoid,General Watchlist,51.3,37.5,45.7
2026-07-23,IDXX,"IDEXX Laboratories, Inc.",Healthcare,52.7,67.9,40.2,33.0,70.8,50.8,542.25,306.34,-43.5,Tier 4 — Low Priority / Avoid,General Watchlist,45.5,25.0,42.6
2026-07-23,ITW,Illinois Tool Works Inc.,Industrials,48.0,55.8,32.9,47.7,58.7,47.0,275.49,141.26,-48.7,Tier 4 — Low Priority / Avoid,General Watchlist,34.8,15.0,33.5
2026-07-23,INCY,Incyte Corporation,Healthcare,67.3,78.7,46.7,69.5,77.0,65.2,117.07,110.32,-5.8,Tier 3 — Watchlist Only,General Watchlist,65.9,62.5,63.3
2026-07-23,IR,Ingersoll Rand Inc.,Industrials,39.1,46.2,28.6,36.6,46.3,38.9,83.98,78.88,-6.1,Tier 4 — Low Priority / Avoid,General Watchlist,41.4,25.0,35.5
2026-07-23,PODD,Insulet Corporation,Healthcare,47.1,62.3,36.9,28.6,59.6,45.5,159.49,106.49,-33.2,Tier 4 — Low Priority / Avoid,General Watchlist,48.3,40.0,45.5
2026-07-23,INTC,Intel Corporation,Technology,33.0,29.7,17.7,62.9,26.1,31.3,100.67,73.88,-26.6,Tier 4 — Low Priority / Avoid,General Watchlist,17.0,30.0,23.8
2026-07-23,IBKR,"Interactive Brokers Group, Inc.",Financial Services,58.2,65.0,38.5,70.9,62.6,55.1,90.44,60.48,-33.1,Tier 4 — Low Priority / Avoid,General Watchlist,48.3,52.5,50.6
2026-07-23,ICE,Intercontinental Exchange Inc.,Financial Services,53.6,66.7,44.5,37.8,64.2,53.1,142.97,161.14,12.7,Tier 4 — Low Priority / Avoid,General Watchlist,42.7,15.0,40.0
2026-07-23,IFF,International Flavors & Fragran,Basic Materials,38.3,42.9,30.4,37.4,43.0,38.5,72.85,74.82,2.7,Tier 4 — Low Priority / Avoid,Recovery Candidate,41.9,15.0,33.0
2026-07-23,IP,International Paper Company,Consumer Cyclical,29.7,35.5,21.5,29.3,32.4,29.9,37.99,33.96,-10.6,Tier 4 — Low Priority / Avoid,General Watchlist,29.6,2.5,22.2
2026-07-23,INTU,Intuit Inc.,Technology,60.2,75.0,57.2,27.0,80.6,58.9,279.51,487.56,74.4,Tier 3 — Watchlist Only,"Recovery Candidate, Healthy Business",64.4,50.0,60.0
2026-07-23,ISRG,"Intuitive Surgical, Inc.",Healthcare,57.2,75.6,45.1,30.2,78.2,54.6,330.56,254.4,-23.0,Tier 4 — Low Priority / Avoid,General Watchlist,56.3,50.0,54.7
2026-07-23,IVZ,Invesco Ltd,Financial Services,46.0,50.5,31.5,59.5,43.7,44.7,30.1,21.82,-27.5,Tier 4 — Low Priority / Avoid,General Watchlist,48.3,62.5,49.0
2026-07-23,INVH,Invitation Homes Inc.,Real Estate,43.0,47.8,29.8,48.2,48.5,43.0,29.75,21.07,-29.2,Tier 4 — Low Priority / Avoid,General Watchlist,29.0,2.5,26.5
2026-07-23,IQV,"IQVIA Holdings, Inc.",Healthcare,36.5,41.6,27.6,37.5,40.9,35.5,204.66,192.24,-6.1,Tier 4 — Low Priority / Avoid,Recovery Candidate,17.8,5.0,21.1
2026-07-23,IRM,Iron Mountain Incorporated (Del,Real Estate,39.4,41.6,23.5,60.6,33.6,38.4,125.17,85.04,-32.1,Tier 4 — Low Priority / Avoid,General Watchlist,12.4,5.0,19.0
2026-07-23,JBHT,"J.B. Hunt Transport Services, I",Industrials,50.7,53.2,32.0,73.8,46.8,49.2,290.78,131.12,-54.9,Tier 4 — Low Priority / Avoid,General Watchlist,49.7,50.0,47.4
2026-07-23,JBL,Jabil Inc.,Technology,42.6,45.0,27.0,59.8,41.8,40.9,320.8,269.11,-16.1,Tier 4 — Low Priority / Avoid,General Watchlist,22.8,7.5,24.5
2026-07-23,JKHY,"Jack Henry & Associates, Inc.",Technology,51.7,64.5,41.3,34.4,66.7,51.5,146.33,150.08,2.6,Tier 4 — Low Priority / Avoid,General Watchlist,50.9,25.0,44.4
2026-07-23,J,Jacobs Solutions Inc.,Industrials,29.9,33.5,23.0,34.8,26.9,30.7,131.38,144.87,10.3,Tier 4 — Low Priority / Avoid,General Watchlist,27.1,0.0,20.9
2026-07-23,JNJ,Johnson & Johnson,Healthcare,58.2,61.5,36.0,76.9,64.0,57.5,259.42,199.16,-23.2,Tier 4 — Low Priority / Avoid,Position Trade Candidate,56.3,50.0,52.4
2026-07-23,JCI,Johnson Controls International ,Industrials,47.3,50.7,28.6,65.2,48.2,46.3,143.04,71.99,-49.7,Tier 4 — Low Priority / Avoid,General Watchlist,43.9,27.5,38.5
2026-07-23,JPM,JP Morgan Chase & Co.,Financial Services,59.3,66.1,44.4,66.1,62.4,58.1,347.67,419.94,20.8,Tier 4 — Low Priority / Avoid,General Watchlist,55.4,25.0,47.6
2026-07-23,KVUE,Kenvue Inc.,Consumer Defensive,46.5,54.7,32.8,46.0,54.0,45.9,18.89,17.48,-7.5,Tier 4 — Low Priority / Avoid,General Watchlist,34.8,0.0,29.5
2026-07-23,KDP,Keurig Dr Pepper Inc.,Consumer Defensive,25.2,25.2,15.1,39.3,22.3,26.6,29.88,29.51,-1.2,Tier 4 — Low Priority / Avoid,General Watchlist,7.3,0.0,11.3
2026-07-23,KEY,KeyCorp,Financial Services,45.7,51.9,29.5,53.7,50.3,44.3,22.61,20.31,-10.2,Tier 4 — Low Priority / Avoid,General Watchlist,44.4,37.5,41.2
2026-07-23,KEYS,Keysight Technologies Inc.,Technology,59.7,68.5,40.2,68.4,64.2,57.5,326.6,171.44,-47.5,Tier 4 — Low Priority / Avoid,General Watchlist,54.0,37.5,49.8
2026-07-23,KMB,Kimberly-Clark Corporation,Consumer Defensive,39.9,46.0,27.1,42.0,46.3,39.4,107.44,84.77,-21.1,Tier 4 — Low Priority / Avoid,General Watchlist,25.8,5.0,24.9
2026-07-24,KIM,Kimco Realty Corporation (HC),Real Estate,51.9,56.1,32.9,68.5,53.8,51.1,25.98,16.69,-35.8,Tier 4 — Low Priority / Avoid,General Watchlist,40.1,27.5,39.1
2026-07-24,KMI,"Kinder Morgan, Inc.",Energy,46.8,49.7,28.0,67.0,45.7,46.6,32.97,25.37,-23.0,Tier 4 — Low Priority / Avoid,General Watchlist,34.1,15.0,31.8
2026-07-24,KKR,KKR & Co. Inc.,Financial Services,28.0,33.1,20.0,25.3,34.8,27.2,97.7,41.16,-57.9,Tier 4 — Low Priority / Avoid,General Watchlist,22.2,2.5,18.8
2026-07-24,KLAC,KLA Corporation,Technology,64.9,73.5,44.1,70.3,77.8,61.6,214.09,85.64,-60.0,Tier 3 — Watchlist Only,General Watchlist,61.7,75.0,63.6
2026-07-24,KHC,The Kraft Heinz Company,Consumer Defensive,39.0,41.8,27.2,48.9,39.6,39.5,25.47,24.25,-4.8,Tier 4 — Low Priority / Avoid,General Watchlist,39.2,15.0,31.7
2026-07-24,KR,Kroger Company (The),Consumer Defensive,21.9,26.0,15.2,22.8,23.1,23.0,56.61,36.07,-36.3,Tier 4 — Low Priority / Avoid,Recovery Candidate,5.8,0.0,10.4
2026-07-24,LHX,"L3Harris Technologies, Inc.",Industrials,36.1,41.7,24.7,40.9,36.8,36.9,302.54,269.14,-11.0,Tier 4 — Low Priority / Avoid,General Watchlist,36.5,12.5,29.3
2026-07-24,LH,Labcorp Holdings Inc.,Healthcare,40.7,43.4,24.8,58.2,38.1,40.9,296.55,199.95,-32.6,Tier 4 — Low Priority / Avoid,General Watchlist,38.2,12.5,30.7
2026-07-24,LRCX,Lam Research Corporation,Technology,70.3,82.0,48.6,73.0,82.5,66.3,311.59,141.52,-54.6,Tier 3 — Watchlist Only,"Long-Term Compounder, Healthy Business",58.1,65.0,62.0
2026-07-24,LVS,Las Vegas Sands Corp.,Consumer Cyclical,36.1,42.3,30.8,25.4,47.1,35.8,46.12,50.42,9.3,Tier 4 — Low Priority / Avoid,Recovery Candidate,29.0,15.0,28.1
2026-07-24,LDOS,"Leidos Holdings, Inc.",Technology,36.3,41.7,34.7,23.4,45.1,36.9,113.49,142.49,25.6,Tier 4 — Low Priority / Avoid,Recovery Candidate,29.1,2.5,25.7
2026-07-24,LEN,Lennar Corporation,Consumer Cyclical,24.6,28.1,17.0,23.2,31.8,24.8,83.62,52.18,-37.6,Tier 4 — Low Priority / Avoid,General Watchlist,32.3,25.0,26.6
2026-07-24,LII,"Lennox International, Inc.",Industrials,33.2,37.9,22.4,34.0,41.0,32.8,538.0,298.45,-44.5,Tier 4 — Low Priority / Avoid,General Watchlist,15.3,0.0,17.4
2026-07-24,LLY,Eli Lilly and Company,Healthcare,61.3,71.0,40.8,68.6,68.1,59.0,1193.91,975.68,-18.3,Tier 3 — Watchlist Only,General Watchlist,48.4,40.0,49.0
2026-07-24,LIN,Linde plc,Basic Materials,46.5,53.5,30.6,51.3,52.2,46.6,511.52,325.1,-36.4,Tier 4 — Low Priority / Avoid,General Watchlist,41.5,0.0,31.5
2026-07-24,LYV,"Live Nation Entertainment, Inc.",Communication Services,37.7,39.9,24.5,51.4,37.6,37.1,176.48,131.0,-25.8,Tier 4 — Low Priority / Avoid,General Watchlist,23.1,0.0,21.3
2026-07-24,LMT,Lockheed Martin Corporation,Industrials,36.9,36.2,22.0,56.2,37.6,36.7,581.92,411.64,-29.3,Tier 4 — Low Priority / Avoid,General Watchlist,18.2,5.0,20.0
2026-07-24,L,Loews Corporation,Financial Services,42.1,42.7,27.1,59.1,42.6,43.1,117.96,110.28,-6.5,Tier 4 — Low Priority / Avoid,General Watchlist,43.9,25.0,36.4
2026-07-24,LOW,"Lowe's Companies, Inc.",Consumer Cyclical,27.3,34.0,20.2,22.1,32.3,28.3,204.82,170.83,-16.6,Tier 4 — Low Priority / Avoid,General Watchlist,17.9,0.0,16.9
2026-07-24,LULU,lululemon athletica inc.,Consumer Cyclical,47.1,56.1,46.3,23.3,62.7,46.8,112.49,183.27,62.9,Tier 4 — Low Priority / Avoid,Recovery Candidate,55.0,62.5,54.4
2026-07-24,LITE,Lumentum Holdings Inc.,Technology,45.4,49.3,28.7,61.0,46.5,42.8,782.33,312.93,-60.0,Tier 4 — Low Priority / Avoid,General Watchlist,24.3,17.5,28.5
2026-07-24,LYB,LyondellBasell Industries NV,Basic Materials,19.0,14.4,9.2,42.4,12.7,19.7,61.35,48.72,-20.6,Tier 4 — Low Priority / Avoid,General Watchlist,10.9,0.0,9.6
2026-07-24,MTB,M&T Bank Corporation,Financial Services,55.7,57.9,42.7,67.9,57.1,55.2,248.77,341.82,37.4,Tier 4 — Low Priority / Avoid,General Watchlist,53.7,62.5,54.9
2026-07-24,MPC,Marathon Petroleum Corporation,Energy,35.3,30.3,17.6,73.0,24.7,35.2,315.0,220.65,-30.0,Tier 4 — Low Priority / Avoid,General Watchlist,15.7,17.5,20.8
2026-07-24,MAR,Marriott International,Consumer Cyclical,48.5,54.4,32.7,55.5,54.6,47.4,372.73,199.23,-46.5,Tier 4 — Low Priority / Avoid,General Watchlist,30.9,15.0,32.0
2026-07-24,MRSH,Marsh,Financial Services,47.9,57.1,34.9,41.5,60.3,47.3,178.6,151.9,-14.9,Tier 4 — Low Priority / Avoid,General Watchlist,37.2,15.0,34.8
2026-07-24,MLM,"Martin Marietta Materials, Inc.",Basic Materials,38.3,49.1,27.7,31.2,43.7,38.4,554.12,257.21,-53.6,Tier 4 — Low Priority / Avoid,General Watchlist,33.0,12.5,29.5
2026-07-24,MRVL,"Marvell Technology, Inc.",Technology,52.1,56.6,34.9,63.8,58.2,48.8,195.19,129.63,-33.6,Tier 4 — Low Priority / Avoid,General Watchlist,42.7,27.5,40.0
2026-07-24,MAS,Masco Corporation,Industrials,43.7,48.9,29.7,50.3,48.7,42.3,78.62,63.51,-19.2,Tier 4 — Low Priority / Avoid,General Watchlist,32.7,2.5,27.8
2026-07-24,MA,Mastercard Incorporated,Financial Services,62.7,74.2,50.9,50.5,76.4,61.4,536.34,639.61,19.3,Tier 3 — Watchlist Only,General Watchlist,50.7,40.0,52.0
2026-07-24,MKC,"McCormick & Company, Incorporat",Consumer Defensive,40.0,45.2,37.1,30.7,46.1,40.8,50.86,83.49,64.1,Tier 4 — Low Priority / Avoid,General Watchlist,29.3,2.5,27.1
2026-07-24,MCD,McDonald's Corporation,Consumer Cyclical,45.1,56.5,33.4,33.2,57.4,45.1,265.51,218.52,-17.7,Tier 4 — Low Priority / Avoid,General Watchlist,33.6,0.0,29.2
2026-07-24,MCK,McKesson Corporation,Healthcare,38.7,42.6,24.4,50.5,39.1,38.8,840.91,682.01,-18.9,Tier 4 — Low Priority / Avoid,General Watchlist,35.9,2.5,26.9
2026-07-24,MDT,Medtronic plc.,Healthcare,45.6,55.3,32.4,41.6,53.9,45.6,83.27,72.02,-13.5,Tier 4 — Low Priority / Avoid,General Watchlist,45.6,12.5,36.3
2026-07-24,MRK,"Merck & Company, Inc.",Healthcare,60.0,64.9,39.7,73.7,66.8,58.2,130.5,108.67,-16.7,Tier 3 — Watchlist Only,General Watchlist,58.2,52.5,54.7
2026-07-24,META,"Meta Platforms, Inc.",Communication Services,58.8,77.4,45.0,35.4,77.2,56.8,606.5,526.68,-13.2,Tier 4 — Low Priority / Avoid,General Watchlist,57.6,37.5,52.5
2026-07-24,MET,"MetLife, Inc.",Financial Services,36.7,36.3,20.1,62.4,30.9,36.7,93.53,74.73,-20.1,Tier 4 — Low Priority / Avoid,General Watchlist,26.6,27.5,28.3
2026-07-24,MTD,"Mettler-Toledo International, I",Healthcare,42.9,50.9,30.6,39.0,53.3,41.8,1325.06,663.81,-49.9,Tier 4 — Low Priority / Avoid,General Watchlist,27.4,2.5,26.2
2026-07-24,MGM,MGM Resorts International,Consumer Cyclical,27.3,22.7,14.9,54.2,21.7,26.7,46.0,28.23,-38.6,Tier 4 — Low Priority / Avoid,General Watchlist,3.0,7.5,11.4
2026-07-24,MCHP,Microchip Technology Incorporat,Technology,38.9,45.7,28.7,40.5,41.5,36.9,78.65,35.01,-55.5,Tier 4 — Low Priority / Avoid,General Watchlist,32.9,5.0,27.2
2026-07-24,MU,"Micron Technology, Inc.",Technology,64.9,75.5,45.0,68.4,74.9,60.9,929.32,836.38,-10.0,Tier 3 — Watchlist Only,General Watchlist,58.2,65.0,60.1
2026-07-24,MSFT,Microsoft Corporation,Technology,53.5,70.0,40.4,32.7,70.9,52.3,383.95,302.97,-21.1,Tier 4 — Low Priority / Avoid,General Watchlist,51.3,37.5,48.2
2026-07-24,MAA,Mid-America Apartment Communiti,Real Estate,39.8,45.1,28.1,40.6,47.0,40.3,133.81,83.69,-37.5,Tier 4 — Low Priority / Avoid,General Watchlist,26.4,2.5,24.6
2026-07-24,MRNA,"Moderna, Inc.",Healthcare,33.7,34.5,18.7,56.5,27.5,32.8,54.2,41.66,-23.1,Tier 4 — Low Priority / Avoid,General Watchlist,30.6,40.0,31.9
2026-07-24,TAP,Molson Coors Beverage Company,Consumer Defensive,31.6,38.3,23.3,30.4,33.1,32.5,40.84,36.36,-11.0,Tier 4 — Low Priority / Avoid,General Watchlist,24.0,2.5,21.2
2026-07-24,MDLZ,"Mondelez International, Inc.",Consumer Defensive,32.4,36.4,20.3,42.7,30.5,33.3,60.46,55.24,-8.6,Tier 4 — Low Priority / Avoid,General Watchlist,20.4,0.0,18.8
2026-07-24,MPWR,"Monolithic Power Systems, Inc.",Technology,65.0,77.8,46.1,62.2,77.4,61.1,1336.71,534.68,-60.0,Tier 3 — Watchlist Only,General Watchlist,54.2,52.5,56.0
2026-07-24,MNST,Monster Beverage Corporation,Consumer Defensive,71.5,85.4,49.1,70.8,83.4,69.7,93.76,68.09,-27.4,Tier 3 — Watchlist Only,"Long-Term Compounder, Healthy Business",65.0,62.5,64.7
2026-07-24,MCO,Moody's Corporation,Financial Services,58.9,73.6,45.1,42.9,75.4,56.6,471.62,442.57,-6.2,Tier 4 — Low Priority / Avoid,General Watchlist,48.0,40.0,49.4
2026-07-24,MS,Morgan Stanley,Financial Services,62.8,71.1,43.2,71.3,69.3,60.0,214.19,208.0,-2.9,Tier 3 — Watchlist Only,General Watchlist,59.2,62.5,58.9
2026-07-24,MOS,Mosaic Company (The),Basic Materials,17.5,20.3,10.4,24.8,13.5,18.7,22.48,17.31,-23.0,Tier 4 — Low Priority / Avoid,General Watchlist,10.4,0.0,10.0
2026-07-24,MSI,"Motorola Solutions, Inc.",Technology,40.5,47.8,29.1,36.2,51.1,40.1,409.42,249.49,-39.1,Tier 4 — Low Priority / Avoid,General Watchlist,28.7,2.5,25.8
2026-07-24,MSCI,MSCI Inc.,Financial Services,50.4,61.8,36.6,42.5,61.9,49.3,555.29,463.15,-16.6,Tier 4 — Low Priority / Avoid,General Watchlist,40.4,40.0,43.2
2026-07-24,NDAQ,"Nasdaq, Inc.",Financial Services,53.6,63.7,39.6,50.6,61.5,52.8,92.01,93.44,1.6,Tier 4 — Low Priority / Avoid,General Watchlist,41.4,15.0,38.5
2026-07-24,NTAP,"NetApp, Inc.",Technology,64.7,72.4,45.0,72.4,74.4,61.1,166.22,145.08,-12.7,Tier 3 — Watchlist Only,General Watchlist,55.4,52.5,55.7
2026-07-27,TPL,Texas Pacific Land Corporation,Energy,60.4,72.4,41.5,56.7,74.3,58.0,406.24,151.46,-62.7,Tier 3 — Watchlist Only,General Watchlist,48.4,40.0,49.1
2026-07-27,TXT,Textron Inc.,Industrials,36.0,35.7,30.5,46.4,31.0,37.1,96.3,148.56,54.3,Tier 4 — Low Priority / Avoid,General Watchlist,33.6,2.5,26.1
2026-07-27,TMO,Thermo Fisher Scientific Inc,Healthcare,38.3,43.8,25.5,43.5,41.8,38.2,560.11,497.91,-11.1,Tier 4 — Low Priority / Avoid,General Watchlist,34.6,0.0,26.0
2026-07-27,TJX,"TJX Companies, Inc. (The)",Consumer Cyclical,46.0,53.5,30.3,51.4,49.9,46.0,156.4,118.7,-24.1,Tier 4 — Low Priority / Avoid,General Watchlist,35.6,17.5,33.6
2026-07-27,TKO,"TKO Group Holdings, Inc.",Communication Services,40.6,50.9,29.9,38.3,40.9,41.0,183.06,122.41,-33.1,Tier 4 — Low Priority / Avoid,General Watchlist,39.2,15.0,33.2
2026-07-27,TTD,"The Trade Desk, Inc.",Communication Services,46.2,59.0,42.1,19.9,63.5,45.1,18.14,18.99,4.6,Tier 4 — Low Priority / Avoid,Recovery Candidate,56.0,37.5,48.0
2026-07-27,TSCO,Tractor Supply Company,Consumer Cyclical,22.5,27.3,15.9,18.4,29.2,22.8,31.66,13.87,-56.2,Tier 4 — Low Priority / Avoid,General Watchlist,4.9,0.0,10.2
2026-07-27,TT,Trane Technologies plc,Industrials,45.6,51.4,30.6,48.8,55.0,45.1,475.44,424.41,-10.7,Tier 4 — Low Priority / Avoid,General Watchlist,38.5,12.5,33.1
2026-07-27,TDG,Transdigm Group Incorporated,Industrials,47.1,58.9,33.8,37.3,59.3,46.4,1276.63,1039.28,-18.6,Tier 4 — Low Priority / Avoid,General Watchlist,38.7,12.5,34.6
2026-07-27,TRV,"The Travelers Companies, Inc.",Financial Services,73.9,77.1,57.2,87.2,78.2,73.1,390.63,702.02,79.7,Tier 3 — Watchlist Only,Position Trade Candidate,73.7,87.5,74.9
2026-07-27,TRMB,Trimble Inc.,Technology,36.3,46.1,26.2,29.5,43.1,35.8,54.84,48.91,-10.8,Tier 4 — Low Priority / Avoid,General Watchlist,35.8,12.5,29.6
2026-07-27,TFC,Truist Financial Corporation,Financial Services,50.9,54.6,40.5,57.1,52.4,50.6,52.28,71.31,36.4,Tier 4 — Low Priority / Avoid,Recovery Candidate,48.7,37.5,45.5
2026-07-27,TYL,"Tyler Technologies, Inc.",Technology,43.8,53.8,36.5,29.3,55.7,43.5,316.94,325.52,2.7,Tier 4 — Low Priority / Avoid,General Watchlist,49.7,25.0,41.0
2026-07-27,TSN,"Tyson Foods, Inc.",Consumer Defensive,30.6,31.5,20.7,46.1,23.7,32.2,61.62,65.82,6.8,Tier 4 — Low Priority / Avoid,General Watchlist,28.2,2.5,21.6
2026-07-27,USB,U.S. Bancorp,Financial Services,53.8,55.6,40.3,68.2,54.1,53.0,63.72,82.13,28.9,Tier 4 — Low Priority / Avoid,General Watchlist,50.5,37.5,46.6
2026-07-27,UBER,"Uber Technologies, Inc.",Technology,45.7,55.8,44.6,21.3,59.6,45.8,67.75,101.81,50.3,Tier 4 — Low Priority / Avoid,General Watchlist,46.9,12.5,38.7
2026-07-27,UDR,"UDR, Inc.",Real Estate,53.0,57.9,45.0,52.7,57.0,53.1,39.38,57.23,45.3,Tier 4 — Low Priority / Avoid,General Watchlist,41.7,15.0,38.8
2026-07-27,ULTA,"Ulta Beauty, Inc.",Consumer Cyclical,44.8,54.2,41.4,27.7,54.7,44.9,479.94,620.22,29.2,Tier 4 — Low Priority / Avoid,General Watchlist,43.9,25.0,40.0
2026-07-27,UNP,Union Pacific Corporation,Industrials,57.9,60.8,41.0,72.2,61.9,56.9,301.38,338.06,12.2,Tier 4 — Low Priority / Avoid,General Watchlist,43.3,27.5,42.8
2026-07-27,UAL,"United Airlines Holdings, Inc.",Industrials,29.2,25.2,25.9,44.5,22.5,28.9,118.98,272.9,129.4,Tier 4 — Low Priority / Avoid,General Watchlist,4.3,0.0,12.2
2026-07-27,UPS,"United Parcel Service, Inc.",Industrials,33.6,32.2,25.7,45.0,34.2,33.8,113.02,128.82,14.0,Tier 4 — Low Priority / Avoid,General Watchlist,25.1,15.0,24.7
2026-07-27,URI,"United Rentals, Inc.",Industrials,46.0,50.5,30.7,57.4,48.6,43.7,1119.84,906.69,-19.0,Tier 4 — Low Priority / Avoid,General Watchlist,25.1,30.0,32.5
2026-07-27,UNH,UnitedHealth Group Incorporated,Healthcare,46.0,46.0,31.4,66.4,44.0,45.1,417.75,445.42,6.6,Tier 4 — Low Priority / Avoid,General Watchlist,44.5,27.5,38.5
2026-07-27,UHS,"Universal Health Services, Inc.",Healthcare,39.0,44.3,37.1,31.1,42.0,39.5,161.91,287.28,77.4,Tier 4 — Low Priority / Avoid,Recovery Candidate,37.7,12.5,32.2
2026-07-27,VLO,Valero Energy Corporation,Energy,50.2,47.3,37.2,74.2,45.7,50.1,301.3,393.38,30.6,Tier 4 — Low Priority / Avoid,General Watchlist,48.1,37.5,44.0
2026-07-27,VEEV,Veeva Systems Inc.,Healthcare,65.9,79.2,57.8,43.9,83.4,64.3,194.4,258.76,33.1,Tier 3 — Watchlist Only,Healthy Business,70.5,62.5,66.5
2026-07-27,VTR,"Ventas, Inc.",Real Estate,44.2,42.6,25.7,77.7,33.8,44.5,100.34,76.98,-23.3,Tier 4 — Low Priority / Avoid,Position Trade Candidate,27.9,40.0,34.6
2026-07-27,VLTO,Veralto Corp,Industrials,53.8,63.6,46.6,38.4,66.6,53.7,93.53,122.43,30.9,Tier 4 — Low Priority / Avoid,General Watchlist,50.5,12.5,42.2
2026-07-27,VRSN,"VeriSign, Inc.",Technology,52.5,60.3,38.7,50.4,63.4,51.8,278.85,284.38,2.0,Tier 4 — Low Priority / Avoid,General Watchlist,44.9,15.0,39.1
2026-07-27,VRSK,"Verisk Analytics, Inc.",Industrials,48.3,56.3,36.9,41.6,60.6,47.4,208.08,212.85,2.3,Tier 4 — Low Priority / Avoid,General Watchlist,37.8,15.0,35.3
2026-07-27,VZ,Verizon Communications Inc.,Communication Services,43.0,40.3,36.2,56.5,41.0,44.0,47.27,65.78,39.1,Tier 4 — Low Priority / Avoid,Recovery Candidate,35.0,40.0,38.3
2026-07-27,VRTX,Vertex Pharmaceuticals Incorpor,Healthcare,64.8,80.7,47.0,50.4,83.2,63.2,482.73,309.99,-35.8,Tier 3 — Watchlist Only,"Long-Term Compounder, Healthy Business",66.0,50.0,60.2
2026-07-27,VRT,"Vertiv Holdings, LLC",Industrials,58.9,68.2,41.8,62.5,66.8,54.9,278.04,164.21,-40.9,Tier 4 — Low Priority / Avoid,General Watchlist,47.4,52.5,51.0
2026-07-27,VTRS,Viatris Inc.,Healthcare,46.3,41.5,36.7,71.6,38.1,46.1,17.55,48.58,176.7,Tier 4 — Low Priority / Avoid,General Watchlist,47.6,40.0,43.2
2026-07-27,VICI,VICI Properties Inc.,Real Estate,53.6,62.3,46.2,43.8,61.0,54.1,27.07,39.85,47.3,Tier 4 — Low Priority / Avoid,General Watchlist,53.9,50.0,52.6
2026-07-27,V,Visa Inc.,Financial Services,68.1,81.5,47.8,63.7,82.3,66.4,363.0,140.46,-61.3,Tier 3 — Watchlist Only,"Long-Term Compounder, Healthy Business",64.8,50.0,60.5
2026-07-27,VST,Vistra Corp.,Utilities,35.3,44.9,27.0,25.8,43.8,33.2,157.66,135.84,-13.8,Tier 4 — Low Priority / Avoid,General Watchlist,8.5,7.5,18.4
2026-07-27,VMC,Vulcan Materials Company (Holdi,Basic Materials,33.8,41.2,22.2,35.3,36.2,34.2,284.15,75.2,-73.5,Tier 4 — Low Priority / Avoid,General Watchlist,20.3,0.0,19.7
2026-07-27,WRB,W.R. Berkley Corporation,Financial Services,53.2,59.5,37.7,57.4,60.8,53.2,75.68,77.38,2.2,Tier 4 — Low Priority / Avoid,General Watchlist,51.7,12.5,40.8
2026-07-27,GWW,"W.W. Grainger, Inc.",Industrials,52.2,56.9,32.5,67.6,55.9,51.3,1380.22,961.14,-30.4,Tier 4 — Low Priority / Avoid,General Watchlist,38.1,40.0,41.6
2026-07-27,WAB,Westinghouse Air Brake Technolo,Industrials,45.0,45.6,25.7,72.9,39.1,44.6,294.76,231.69,-21.4,Tier 4 — Low Priority / Avoid,General Watchlist,39.4,17.5,33.3
2026-07-27,WMT,Walmart Inc.,Consumer Defensive,29.8,34.5,18.5,36.8,29.1,31.0,111.79,23.42,-79.1,Tier 4 — Low Priority / Avoid,General Watchlist,14.3,0.0,15.9
2026-07-27,DIS,Walt Disney Company (The),Communication Services,24.3,28.4,16.2,25.0,27.7,25.1,96.93,36.4,-62.4,Tier 4 — Low Priority / Avoid,General Watchlist,17.3,0.0,15.1
2026-07-27,WBD,"Warner Bros. Discovery, Inc. - ",Communication Services,37.7,38.9,36.3,38.0,37.5,37.5,25.6,94.26,268.2,Tier 4 — Low Priority / Avoid,General Watchlist,23.9,0.0,23.3
2026-07-27,WM,"Waste Management, Inc.",Industrials,36.0,39.8,23.3,44.9,37.8,36.4,239.99,143.16,-40.3,Tier 4 — Low Priority / Avoid,General Watchlist,17.2,0.0,19.0
2026-07-27,WAT,Waters Corporation,Healthcare,28.1,30.6,16.4,42.8,22.7,28.4,370.94,215.82,-41.8,Tier 4 — Low Priority / Avoid,General Watchlist,17.5,0.0,15.9
2026-07-27,WEC,"WEC Energy Group, Inc.",Utilities,34.5,34.2,28.2,45.2,30.3,36.3,114.63,460.21,301.5,Tier 4 — Low Priority / Avoid,General Watchlist,13.3,0.0,17.8
2026-07-27,WFC,Wells Fargo & Company,Financial Services,51.8,59.1,42.2,47.7,58.9,51.4,87.42,112.78,29.0,Tier 4 — Low Priority / Avoid,General Watchlist,49.3,25.0,43.5
2026-07-27,WELL,Welltower Inc.,Real Estate,51.6,53.8,30.4,80.8,43.9,51.4,249.95,85.69,-65.7,Tier 4 — Low Priority / Avoid,Position Trade Candidate,41.4,27.5,39.0
2026-07-27,WST,"West Pharmaceutical Services, I",Healthcare,54.4,62.4,36.2,59.9,62.9,52.3,327.02,105.77,-67.7,Tier 4 — Low Priority / Avoid,General Watchlist,44.2,40.0,45.0
2026-07-27,WDC,Western Digital Corporation,Technology,67.3,78.7,46.7,69.3,79.2,63.0,487.44,360.97,-25.9,Tier 3 — Watchlist Only,General Watchlist,58.2,52.5,57.8
2026-07-27,WY,Weyerhaeuser Company,Real Estate,19.8,22.3,10.6,29.8,15.9,21.2,24.12,13.94,-42.2,Tier 4 — Low Priority / Avoid,General Watchlist,0.0,0.0,7.0
2026-07-27,WSM,"Williams-Sonoma, Inc.",Consumer Cyclical,48.4,53.4,32.8,54.5,57.3,46.6,231.32,207.2,-10.4,Tier 4 — Low Priority / Avoid,General Watchlist,47.8,37.5,43.4
2026-07-27,WMB,"Williams Companies, Inc. (The)",Energy,44.1,45.1,34.3,56.2,41.7,44.5,71.39,240.61,237.0,Tier 4 — Low Priority / Avoid,General Watchlist,21.8,17.5,28.3
2026-07-27,WTW,Willis Towers Watson Public Lim,Financial Services,53.0,64.5,39.0,45.6,63.9,52.3,303.07,255.85,-15.6,Tier 4 — Low Priority / Avoid,Recovery Candidate,51.7,27.5,45.1
2026-07-28,WDAY,"Workday, Inc.",Technology,57.7,69.6,50.0,40.9,70.1,55.9,159.19,181.81,14.2,Tier 4 — Low Priority / Avoid,General Watchlist,63.4,62.5,60.7
2026-07-28,WYNN,"Wynn Resorts, Limited",Consumer Cyclical,33.3,41.8,24.5,28.5,37.3,33.1,99.45,81.16,-18.4,Tier 4 — Low Priority / Avoid,General Watchlist,21.7,0.0,20.4
2026-07-28,XEL,Xcel Energy Inc.,Utilities,27.7,26.9,14.5,47.9,23.4,29.0,81.48,66.2,-18.7,Tier 4 — Low Priority / Avoid,General Watchlist,7.9,0.0,12.0
2026-07-28,XYL,Xylem Inc.,Industrials,37.5,42.2,27.2,40.1,41.1,38.1,125.66,130.4,3.8,Tier 4 — Low Priority / Avoid,General Watchlist,38.6,25.0,33.8
2026-07-28,YUM,"Yum! Brands, Inc.",Consumer Cyclical,50.6,57.6,42.6,47.6,53.6,51.0,150.7,221.37,46.9,Tier 4 — Low Priority / Avoid,General Watchlist,36.3,15.0,36.3
2026-07-28,ZBRA,Zebra Technologies Corporation,Technology,35.7,38.5,25.9,42.6,38.0,34.6,273.0,266.19,-2.5,Tier 4 — Low Priority / Avoid,General Watchlist,17.8,0.0,19.2
2026-07-28,ZBH,"Zimmer Biomet Holdings, Inc.",Healthcare,45.4,49.7,34.2,52.9,45.0,45.6,95.88,107.38,12.0,Tier 4 — Low Priority / Avoid,Recovery Candidate,44.2,37.5,41.8
2026-07-28,ZTS,Zoetis Inc.,Healthcare,53.9,66.4,48.6,27.2,74.4,52.4,78.51,96.11,22.4,Tier 4 — Low Priority / Avoid,Recovery Candidate,55.6,37.5,50.6
2026-07-29,MMM,3M Company,Industrials,60.6,68.0,44.6,63.9,69.6,58.8,180.03,178.57,-0.8,Tier 3 — Watchlist Only,General Watchlist,51.4,52.5,53.4
2026-07-29,AOS,A.O. Smith Corporation,Industrials,47.1,54.7,43.5,29.7,61.2,47.4,62.09,81.71,31.6,Tier 4 — Low Priority / Avoid,Recovery Candidate,49.5,25.0,42.7
2026-07-29,ABT,Abbott Laboratories,Healthcare,42.4,42.6,35.6,50.3,42.3,43.2,109.66,317.76,189.8,Tier 4 — Low Priority / Avoid,General Watchlist,41.8,12.5,33.8
2026-07-29,ABBV,AbbVie Inc.,Healthcare,58.7,56.7,45.6,80.0,56.6,58.5,267.16,393.25,47.2,Tier 4 — Low Priority / Avoid,Position Trade Candidate,49.5,40.0,48.6
2026-07-29,ACN,Accenture plc,Technology,56.0,65.0,51.3,37.8,70.5,55.0,174.82,363.69,108.0,Tier 4 — Low Priority / Avoid,Recovery Candidate,63.2,62.5,60.2
2026-07-29,ADBE,Adobe Inc.,Technology,64.5,77.6,59.3,37.0,85.1,62.4,262.94,563.41,114.3,Tier 3 — Watchlist Only,"Recovery Candidate, Healthy Business",66.5,37.5,58.7
2026-07-29,AMD,"Advanced Micro Devices, Inc.",Technology,54.4,60.9,36.7,66.6,56.7,50.9,431.56,96.64,-77.6,Tier 4 — Low Priority / Avoid,General Watchlist,44.7,40.0,44.9
2026-07-29,AES,The AES Corporation,Utilities,28.8,27.4,25.4,41.0,21.2,28.9,14.84,59.53,301.3,Tier 4 — Low Priority / Avoid,Recovery Candidate,1.0,0.0,11.2
2026-07-29,AFL,AFLAC Incorporated,Financial Services,69.6,77.3,52.8,76.7,73.5,68.8,129.88,158.57,22.1,Tier 3 — Watchlist Only,Position Trade Candidate,68.7,75.0,68.8
2026-07-29,A,"Agilent Technologies, Inc.",Healthcare,53.4,63.8,36.8,51.9,63.5,51.8,140.08,83.86,-40.1,Tier 4 — Low Priority / Avoid,General Watchlist,51.4,37.5,47.0
2026-07-29,APD,"Air Products and Chemicals, Inc",Basic Materials,36.5,36.3,29.7,47.2,33.2,37.5,291.77,931.6,219.3,Tier 4 — Low Priority / Avoid,General Watchlist,17.1,0.0,19.7
2026-07-29,ABNB,"Airbnb, Inc.",Consumer Cyclical,54.0,63.8,39.9,49.3,64.9,52.6,153.83,95.47,-37.9,Tier 4 — Low Priority / Avoid,General Watchlist,56.0,25.0,46.1
2026-07-29,AKAM,"Akamai Technologies, Inc.",Technology,35.7,36.7,25.7,47.1,35.3,35.7,108.34,106.26,-1.9,Tier 4 — Low Priority / Avoid,General Watchlist,37.3,12.5,29.1
2026-07-29,ALB,Albemarle Corporation,Basic Materials,44.9,53.2,41.9,33.8,49.0,43.8,113.02,145.81,29.0,Tier 4 — Low Priority / Avoid,Recovery Candidate,41.6,27.5,39.6
2026-07-29,ARE,Alexandria Real Estate Equities,Real Estate,40.3,42.5,38.7,36.4,43.7,40.3,55.15,103.22,87.2,Tier 4 — Low Priority / Avoid,General Watchlist,34.5,2.5,28.8
2026-07-29,ALGN,"Align Technology, Inc.",Healthcare,47.3,58.0,35.5,37.2,60.2,45.2,179.6,161.82,-9.9,Tier 4 — Low Priority / Avoid,General Watchlist,42.6,15.0,36.6
2026-07-29,ALLE,Allegion plc,Industrials,51.8,60.2,44.9,41.4,60.7,51.7,157.61,208.16,32.1,Tier 4 — Low Priority / Avoid,General Watchlist,47.6,12.5,40.3
2026-07-29,LNT,Alliant Energy Corporation,Utilities,31.3,29.8,20.3,49.9,26.7,32.8,73.14,80.74,10.4,Tier 4 — Low Priority / Avoid,General Watchlist,11.0,0.0,14.8
2026-07-29,ALL,Allstate Corporation (The),Financial Services,72.2,75.2,55.5,85.7,76.5,71.4,276.63,573.76,107.4,Tier 3 — Watchlist Only,Position Trade Candidate,71.7,87.5,73.5
2026-07-29,GOOGL,Alphabet Inc.,Communication Services,63.5,77.8,44.3,57.4,76.3,61.3,334.29,48.84,-85.4,Tier 3 — Watchlist Only,General Watchlist,56.0,40.0,53.2
2026-07-29,GOOG,Alphabet Inc.,Communication Services,63.5,77.9,44.3,57.4,76.3,61.3,333.14,48.86,-85.3,Tier 3 — Watchlist Only,General Watchlist,55.9,40.0,53.2
2026-07-29,MO,"Altria Group, Inc.",Consumer Defensive,68.1,72.0,53.3,77.8,72.4,67.2,75.47,119.36,58.2,Tier 3 — Watchlist Only,Position Trade Candidate,59.3,77.5,65.4
2026-07-29,AMZN,"Amazon.com, Inc.",Consumer Cyclical,38.5,49.9,28.1,29.2,46.1,37.9,228.43,27.53,-88.0,Tier 4 — Low Priority / Avoid,General Watchlist,29.5,2.5,25.8
2026-07-29,AMCR,Amcor plc,Consumer Cyclical,20.2,19.4,10.1,40.1,11.5,21.5,45.24,29.28,-35.3,Tier 4 — Low Priority / Avoid,General Watchlist,1.2,0.0,7.1
2026-07-29,AEE,Ameren Corporation,Utilities,35.2,35.9,19.6,56.0,31.8,36.0,111.5,103.91,-6.8,Tier 4 — Low Priority / Avoid,General Watchlist,14.7,0.0,17.1
2026-07-29,AEP,American Electric Power Company,Utilities,35.1,32.5,27.5,52.9,28.1,36.7,131.57,476.77,262.4,Tier 4 — Low Priority / Avoid,General Watchlist,14.3,0.0,17.9
2026-07-29,AXP,American Express Company,Financial Services,51.9,62.7,38.4,43.2,65.0,50.4,335.62,262.12,-21.9,Tier 4 — Low Priority / Avoid,General Watchlist,51.2,25.0,43.8
2026-07-29,AIG,"American International Group, I",Financial Services,52.6,59.9,38.0,55.2,59.2,52.7,80.89,78.07,-3.5,Tier 4 — Low Priority / Avoid,Recovery Candidate,55.3,37.5,48.3
2026-07-29,AMT,American Tower Corporation (REI,Real Estate,47.3,56.2,33.8,44.6,56.6,45.7,173.79,148.78,-14.4,Tier 4 — Low Priority / Avoid,General Watchlist,36.1,27.5,37.1
2026-07-29,AWK,"American Water Works Company, I",Utilities,33.6,32.2,24.9,47.2,31.9,34.9,139.05,172.91,24.4,Tier 4 — Low Priority / Avoid,General Watchlist,12.8,0.0,16.7
2026-07-29,AMP,"Ameriprise Financial, Inc.",Financial Services,61.1,71.1,42.8,59.8,74.7,59.3,545.57,508.88,-6.7,Tier 3 — Watchlist Only,General Watchlist,61.7,62.5,59.6
2026-07-29,AME,"AMETEK, Inc.",Industrials,50.5,57.6,33.3,57.3,56.1,50.0,236.06,213.6,-9.5,Tier 4 — Low Priority / Avoid,General Watchlist,42.7,12.5,36.3
2026-07-29,AMGN,Amgen Inc.,Healthcare,56.6,61.4,38.9,65.9,64.9,55.2,392.7,380.15,-3.2,Tier 4 — Low Priority / Avoid,General Watchlist,44.4,40.0,45.8
2026-07-29,APH,Amphenol Corporation,Technology,56.0,66.7,39.2,55.8,64.0,53.8,152.75,92.43,-39.5,Tier 4 — Low Priority / Avoid,General Watchlist,53.4,37.5,48.7
2026-07-29,ADI,"Analog Devices, Inc.",Technology,62.4,71.4,41.6,72.8,67.2,60.2,356.68,216.79,-39.2,Tier 3 — Watchlist Only,General Watchlist,63.2,50.0,57.0
2026-07-29,AON,Aon plc,Financial Services,59.4,69.0,40.6,60.0,71.5,57.9,376.31,264.44,-29.7,Tier 4 — Low Priority / Avoid,General Watchlist,46.3,52.5,51.0
2026-07-29,APA,APA Corporation,Energy,66.9,71.9,55.5,68.9,74.6,65.0,36.27,86.99,139.8,Tier 3 — Watchlist Only,General Watchlist,67.1,75.0,67.5
2026-07-29,APO,"Apollo Global Management, Inc. ",Financial Services,38.8,47.6,30.2,27.8,50.9,37.7,120.83,18.44,-84.7,Tier 4 — Low Priority / Avoid,General Watchlist,43.5,25.0,36.4
2026-07-29,AAPL,Apple Inc.,Technology,68.2,75.4,44.6,82.7,75.9,65.6,340.36,203.65,-40.2,Tier 3 — Watchlist Only,Position Trade Candidate,59.6,62.5,60.6
2026-07-29,AMAT,"Applied Materials, Inc.",Technology,64.0,72.9,42.5,71.2,74.5,60.6,449.79,107.5,-76.1,Tier 3 — Watchlist Only,General Watchlist,58.8,65.0,59.6
2026-07-29,APP,Applovin Corporation,Communication Services,60.4,80.0,49.0,31.1,82.6,56.0,404.58,188.74,-53.4,Tier 3 — Watchlist Only,Healthy Business,55.2,40.0,53.1
2026-07-29,APTV,Aptiv PLC,Consumer Cyclical,33.4,37.2,33.5,25.2,36.3,33.8,58.59,103.38,76.4,Tier 4 — Low Priority / Avoid,Recovery Candidate,38.3,25.0,33.5
2026-07-29,ACGL,Arch Capital Group Ltd.,Financial Services,69.2,77.3,57.4,63.8,80.5,68.6,105.11,272.69,159.4,Tier 3 — Watchlist Only,Healthy Business,71.4,62.5,67.2
2026-07-29,ADM,Archer-Daniels-Midland Company,Consumer Defensive,27.5,19.3,10.8,70.7,13.6,28.7,81.91,59.63,-27.2,Tier 4 — Low Priority / Avoid,General Watchlist,11.8,17.5,16.4
2026-07-29,ARES,Ares Management Corporation,Financial Services,40.9,51.1,32.0,33.5,46.4,39.1,123.8,35.57,-71.3,Tier 4 — Low Priority / Avoid,General Watchlist,22.9,5.0,25.0
2026-07-29,ANET,"Arista Networks, Inc.",Technology,68.2,82.1,49.7,60.5,84.2,63.9,160.61,93.42,-41.8,Tier 3 — Watchlist Only,"Long-Term Compounder, Healthy Business",57.2,52.5,58.4
2026-07-29,AJG,Arthur J. Gallagher & Co.,Financial Services,38.9,44.2,24.2,49.8,38.2,38.7,269.15,90.21,-66.5,Tier 4 — Low Priority / Avoid,General Watchlist,18.1,5.0,21.4
2026-07-29,AIZ,"Assurant, Inc.",Financial Services,62.4,64.7,49.3,76.0,61.3,62.2,282.94,390.08,37.9,Tier 3 — Watchlist Only,Position Trade Candidate,62.3,62.5,60.6
2026-07-29,T,AT&T Inc.,Communication Services,43.6,44.0,36.8,50.7,44.4,44.4,24.5,35.22,43.8,Tier 4 — Low Priority / Avoid,Recovery Candidate,33.2,15.0,32.0
2026-07-29,ATO,Atmos Energy Corporation,Utilities,38.5,41.0,21.3,55.0,39.7,39.3,179.61,121.74,-32.2,Tier 4 — Low Priority / Avoid,General Watchlist,18.0,0.0,19.5
2026-07-29,ADSK,"Autodesk, Inc.",Technology,64.8,82.8,51.8,40.0,85.5,62.2,244.58,227.67,-6.9,Tier 3 — Watchlist Only,"Long-Term Compounder, Healthy Business",65.1,37.5,57.5
2026-07-29,ADP,"Automatic Data Processing, Inc.",Technology,63.9,70.5,51.3,61.8,75.2,62.7,278.74,356.71,28.0,Tier 3 — Watchlist Only,General Watchlist,63.2,50.0,58.8
2026-07-29,AZO,"AutoZone, Inc.",Consumer Cyclical,29.6,36.8,20.7,25.5,35.0,30.4,3145.98,2370.63,-24.6,Tier 4 — Low Priority / Avoid,General Watchlist,11.4,0.0,15.3
2026-07-29,AVB,"AvalonBay Communities, Inc.",Real Estate,37.8,39.9,23.5,49.1,41.9,38.2,191.91,179.0,-6.7,Tier 4 — Low Priority / Avoid,General Watchlist,20.6,0.0,20.5
2026-07-29,AVY,Avery Dennison Corporation,Consumer Cyclical,41.7,46.2,38.5,34.1,47.4,42.3,167.03,266.23,59.4,Tier 4 — Low Priority / Avoid,General Watchlist,32.2,15.0,31.8
2026-07-30,AXON,"Axon Enterprise, Inc.",Industrials,28.1,33.8,18.3,33.5,26.5,27.1,510.94,32.87,-93.6,Tier 4 — Low Priority / Avoid,General Watchlist,7.2,5.0,14.0
2026-07-30,BKR,Baker Hughes Company,Energy,49.6,54.3,37.3,50.9,59.3,49.1,59.41,61.46,3.5,Tier 4 — Low Priority / Avoid,General Watchlist,56.5,50.0,50.7
2026-07-30,BALL,Ball Corporation,Consumer Cyclical,30.9,31.6,17.4,51.5,24.2,31.0,64.59,53.53,-17.1,Tier 4 — Low Priority / Avoid,General Watchlist,11.2,0.0,14.3
2026-07-30,BAC,Bank of America Corporation,Financial Services,57.3,63.3,39.2,69.7,59.9,55.6,61.17,63.79,4.3,Tier 4 — Low Priority / Avoid,General Watchlist,55.8,62.5,55.7
2026-07-30,BAX,Baxter International Inc.,Healthcare,36.0,29.4,28.5,61.8,27.1,36.1,27.75,43.07,55.2,Tier 4 — Low Priority / Avoid,General Watchlist,26.8,15.0,25.8
2026-07-30,BDX,"Becton, Dickinson and Company",Healthcare,45.9,46.8,39.5,53.2,44.6,46.6,164.66,251.92,53.0,Tier 4 — Low Priority / Avoid,Recovery Candidate,38.9,27.5,38.1
2026-07-30,BRK-B,Berkshire Hathaway Inc. New,Financial Services,55.0,60.5,44.0,57.1,59.1,55.6,502.13,1264172.44,251662.0,Tier 4 — Low Priority / Avoid,General Watchlist,57.6,25.0,47.4
2026-07-30,BBY,"Best Buy Co., Inc.",Consumer Cyclical,47.5,47.2,33.4,67.6,45.9,45.9,87.96,95.77,8.9,Tier 4 — Low Priority / Avoid,General Watchlist,43.9,27.5,38.9
2026-07-30,TECH,Bio-Techne Corp,Healthcare,54.9,62.3,37.4,60.2,63.4,52.7,72.14,20.88,-71.1,Tier 4 — Low Priority / Avoid,General Watchlist,54.3,62.5,54.4
2026-07-30,BIIB,Biogen Inc.,Healthcare,36.9,34.3,21.5,63.1,33.1,36.3,204.03,143.2,-29.8,Tier 4 — Low Priority / Avoid,General Watchlist,39.4,25.0,32.1
2026-07-30,BLK,"BlackRock, Inc.",Financial Services,54.7,67.7,38.9,46.6,66.6,53.3,1085.12,693.68,-36.1,Tier 4 — Low Priority / Avoid,General Watchlist,53.9,37.5,48.8
2026-07-30,BX,Blackstone Inc.,Financial Services,55.9,71.6,42.3,38.2,72.4,53.4,126.14,72.68,-42.4,Tier 4 — Low Priority / Avoid,General Watchlist,52.3,27.5,46.7
2026-07-30,XYZ,"Block, Inc.",Technology,28.9,26.0,15.3,54.5,23.9,27.6,81.11,42.23,-47.9,Tier 4 — Low Priority / Avoid,General Watchlist,18.1,30.0,22.9
2026-07-30,BNY,The Bank of New York Mellon Cor,Financial Services,57.7,62.4,35.4,77.5,60.2,56.2,154.41,112.21,-27.3,Tier 4 — Low Priority / Avoid,Position Trade Candidate,54.8,50.0,51.7
2026-07-30,BA,Boeing Company (The),Industrials,28.3,31.4,18.2,34.7,30.1,28.0,217.96,125.98,-42.2,Tier 4 — Low Priority / Avoid,General Watchlist,14.2,2.5,15.7
2026-07-30,BKNG,Booking Holdings Inc. Common St,Consumer Cyclical,58.9,70.1,52.6,42.7,69.5,57.8,190.73,263.72,38.3,Tier 4 — Low Priority / Avoid,General Watchlist,59.7,50.0,57.0
2026-07-30,BSX,Boston Scientific Corporation,Healthcare,46.6,54.9,42.9,31.0,57.5,46.0,44.94,68.61,52.7,Tier 4 — Low Priority / Avoid,Recovery Candidate,48.8,25.0,42.2
2026-07-30,BMY,Bristol-Myers Squibb Company,Healthcare,65.7,67.7,52.9,74.9,71.7,64.3,63.52,100.17,57.7,Tier 3 — Watchlist Only,General Watchlist,57.6,65.0,60.8
2026-07-30,AVGO,Broadcom Inc.,Technology,68.2,81.9,48.9,62.9,82.7,64.5,383.98,174.85,-54.5,Tier 3 — Watchlist Only,"Long-Term Compounder, Healthy Business",60.1,52.5,59.4
2026-07-30,BR,"Broadridge Financial Solutions,",Technology,50.4,59.6,47.1,31.7,62.7,50.1,151.01,284.2,88.2,Tier 4 — Low Priority / Avoid,Recovery Candidate,42.4,27.5,42.3
2026-07-30,BRO,"Brown & Brown, Inc.",Financial Services,56.5,63.9,49.3,49.2,63.9,55.8,70.7,119.45,69.0,Tier 4 — Low Priority / Avoid,Recovery Candidate,56.9,40.0,52.1
2026-07-30,BF-B,Brown Forman Inc,Consumer Defensive,50.1,53.6,41.0,50.0,58.6,49.5,28.65,35.11,22.5,Tier 4 — Low Priority / Avoid,General Watchlist,51.8,25.0,43.3
2026-07-30,BLDR,"Builders FirstSource, Inc.",Industrials,22.6,24.7,24.1,15.7,24.6,22.9,67.07,83.63,24.7,Tier 4 — Low Priority / Avoid,General Watchlist,10.8,0.0,13.3
2026-07-30,BG,Bunge Limited,Consumer Defensive,30.2,29.2,25.4,46.7,17.7,30.8,106.17,173.61,63.5,Tier 4 — Low Priority / Avoid,General Watchlist,11.6,5.0,16.7
2026-07-30,BXP,"BXP, Inc.",Real Estate,34.6,33.8,20.7,53.6,34.2,34.0,70.53,54.99,-22.0,Tier 4 — Low Priority / Avoid,General Watchlist,19.8,2.5,19.1
2026-07-30,CHRW,"C.H. Robinson Worldwide, Inc.",Industrials,39.4,43.6,29.3,41.9,44.4,39.4,148.76,157.37,5.8,Tier 4 — Low Priority / Avoid,General Watchlist,38.9,2.5,28.9
2026-07-30,CDNS,"Cadence Design Systems, Inc.",Technology,62.0,77.2,45.4,50.6,76.3,59.9,332.43,136.25,-59.0,Tier 3 — Watchlist Only,General Watchlist,57.9,50.0,56.3
2026-07-30,CPT,Camden Property Trust,Real Estate,45.5,49.7,34.2,49.6,50.4,45.9,113.92,121.44,6.6,Tier 4 — Low Priority / Avoid,General Watchlist,30.7,2.5,28.4
2026-07-30,COF,Capital One Financial Corporati,Financial Services,44.2,54.0,31.4,38.0,55.0,43.3,205.54,167.5,-18.5,Tier 4 — Low Priority / Avoid,Recovery Candidate,43.2,12.5,34.8
2026-07-30,CAH,"Cardinal Health, Inc.",Healthcare,42.6,38.6,33.6,63.3,37.4,43.6,226.84,498.63,119.8,Tier 4 — Low Priority / Avoid,General Watchlist,42.4,15.0,34.0
2026-07-30,CCL,Carnival Corporation Ltd.,Consumer Cyclical,26.7,30.8,21.0,23.2,33.2,25.5,27.62,22.66,-18.0,Tier 4 — Low Priority / Avoid,Recovery Candidate,11.3,5.0,15.3
2026-07-30,CARR,Carrier Global Corporation,Industrials,20.8,21.8,12.5,29.5,20.6,21.4,59.85,24.39,-59.3,Tier 4 — Low Priority / Avoid,General Watchlist,6.4,0.0,9.5
2026-07-30,CVNA,Carvana Co.,Consumer Cyclical,33.9,43.9,25.9,23.6,42.3,31.9,58.57,7.01,-88.0,Tier 4 — Low Priority / Avoid,General Watchlist,15.8,5.0,19.8
2026-07-30,CASY,"Caseys General Stores, Inc.",Consumer Cyclical,40.2,39.7,21.5,71.4,30.8,40.5,862.6,453.78,-47.4,Tier 4 — Low Priority / Avoid,General Watchlist,22.7,17.5,25.6
2026-07-30,CAT,"Caterpillar, Inc.",Industrials,43.0,49.8,29.0,50.4,44.3,41.1,808.38,309.57,-61.7,Tier 4 — Low Priority / Avoid,General Watchlist,8.6,7.5,20.4
2026-07-30,CBOE,"Cboe Global Markets, Inc.",Financial Services,63.5,74.5,44.0,63.3,75.1,61.8,300.0,223.67,-25.4,Tier 3 — Watchlist Only,General Watchlist,62.0,50.0,57.5
2026-07-30,CBRE,CBRE Group Inc,Real Estate,26.9,28.1,18.1,36.0,26.5,27.4,145.56,142.39,-2.2,Tier 4 — Low Priority / Avoid,General Watchlist,18.7,2.5,16.8
2026-07-30,CDW,CDW Corporation,Technology,36.6,36.8,32.8,40.1,37.8,36.2,143.57,223.18,55.4,Tier 4 — Low Priority / Avoid,General Watchlist,17.4,0.0,20.1
2026-07-30,COR,"Cencora, Inc.",Healthcare,31.5,34.4,24.7,36.2,30.1,32.1,312.63,362.76,16.0,Tier 4 — Low Priority / Avoid,General Watchlist,10.0,0.0,15.5
2026-07-30,CNC,Centene Corporation,Healthcare,51.7,49.1,41.0,70.8,50.4,50.4,60.55,551.62,811.0,Tier 4 — Low Priority / Avoid,General Watchlist,57.8,62.5,54.5
2026-07-30,CNP,"CenterPoint Energy, Inc (Holdin",Utilities,34.5,33.5,27.7,49.5,26.7,35.9,42.06,119.86,184.9,Tier 4 — Low Priority / Avoid,General Watchlist,13.3,0.0,17.5
2026-07-30,CF,"CF Industries Holdings, Inc.",Basic Materials,72.1,80.2,57.9,73.6,78.9,70.6,125.53,304.86,142.9,Tier 3 — Watchlist Only,Long-Term Compounder,71.4,75.0,71.0
2026-07-30,CRL,Charles River Laboratories Inte,Healthcare,35.4,35.9,22.7,51.5,35.2,34.0,230.27,169.58,-26.4,Tier 4 — Low Priority / Avoid,General Watchlist,19.1,5.0,20.0
2026-07-30,SCHW,Charles Schwab Corporation (The,Financial Services,60.1,72.9,42.0,55.5,71.7,58.9,103.33,94.12,-8.9,Tier 3 — Watchlist Only,General Watchlist,55.8,50.0,54.5
2026-07-30,CHTR,"Charter Communications, Inc.",Communication Services,34.2,38.9,35.1,21.3,40.2,34.2,137.74,627.2,355.3,Tier 4 — Low Priority / Avoid,Recovery Candidate,17.3,5.0,21.6
2026-07-30,CVX,Chevron Corporation,Energy,30.0,27.4,15.8,55.3,24.0,31.5,190.28,125.91,-33.8,Tier 4 — Low Priority / Avoid,General Watchlist,28.8,2.5,20.5
2026-07-30,CMG,"Chipotle Mexican Grill, Inc.",Consumer Cyclical,36.3,39.5,24.6,41.7,42.9,35.1,38.63,25.57,-33.8,Tier 4 — Low Priority / Avoid,General Watchlist,17.2,0.0,18.9
2026-07-30,CB,Chubb Limited,Financial Services,55.5,55.9,44.5,67.4,56.5,56.2,347.88,718.65,106.6,Tier 4 — Low Priority / Avoid,General Watchlist,57.4,50.0,53.3
2026-07-30,CHD,"Church & Dwight Company, Inc.",Consumer Defensive,46.8,53.9,32.7,46.3,56.9,46.9,97.97,85.2,-13.0,Tier 4 — Low Priority / Avoid,General Watchlist,46.6,12.5,36.8
2026-07-30,CIEN,Ciena Corporation,Technology,54.7,63.6,37.7,60.4,59.5,52.0,363.91,99.3,-72.7,Tier 4 — Low Priority / Avoid,General Watchlist,42.2,27.5,41.5
2026-07-30,CI,The Cigna Group,Healthcare,44.6,46.8,38.0,49.1,44.6,45.2,288.15,589.13,104.5,Tier 4 — Low Priority / Avoid,Recovery Candidate,43.3,15.0,36.1
2026-07-30,CINF,Cincinnati Financial Corporatio,Financial Services,75.0,87.3,62.3,64.7,86.1,74.0,174.45,540.65,209.9,Tier 2 — Worth Researching,"Long-Term Compounder, Recovery Candidate, Healthy Business",77.2,75.0,74.9
2026-07-30,CTAS,Cintas Corporation,Industrials,51.9,60.8,35.1,52.4,62.4,51.1,206.14,137.52,-33.3,Tier 4 — Low Priority / Avoid,General Watchlist,41.3,12.5,36.6
2026-07-30,CSCO,"Cisco Systems, Inc.",Technology,63.0,67.5,38.9,85.0,65.9,61.2,112.95,69.01,-38.9,Tier 3 — Watchlist Only,Position Trade Candidate,59.1,62.5,58.1
2026-07-30,C,"Citigroup, Inc.",Financial Services,56.1,60.8,40.6,67.5,58.3,54.6,130.6,151.23,15.8,Tier 4 — Low Priority / Avoid,Recovery Candidate,56.7,62.5,55.8
2026-07-31,MMM,3M Company,Industrials,64.7,68.9,57.1,62.4,73.0,63.6,176.28,176.87,0.3,Tier 3 — Watchlist Only,General Watchlist,54.1,40.0,53.9
2026-07-31,AOS,A.O. Smith Corporation,Industrials,44.5,48.3,42.0,36.1,52.1,45.2,60.13,77.7,29.2,Tier 4 — Low Priority / Avoid,Recovery Candidate,48.7,25.0,41.2
2026-07-31,ABT,Abbott Laboratories,Healthcare,41.5,44.5,37.0,41.4,42.5,42.4,105.7,112.4,6.3,Tier 4 — Low Priority / Avoid,General Watchlist,39.6,0.0,30.2
2026-07-31,ABBV,AbbVie Inc.,Healthcare,52.8,51.0,45.3,65.9,51.0,53.3,250.94,389.58,55.2,Tier 4 — Low Priority / Avoid,General Watchlist,44.8,40.0,45.6
2026-07-31,ACN,Accenture plc,Technology,54.6,63.1,54.7,32.3,67.9,54.2,165.92,368.72,122.2,Tier 4 — Low Priority / Avoid,Recovery Candidate,61.1,50.0,56.5
2026-07-31,ADBE,Adobe Inc.,Technology,66.2,76.7,66.5,36.9,84.8,64.6,250.41,576.69,130.3,Tier 3 — Watchlist Only,"Recovery Candidate, Healthy Business",69.2,50.0,64.1
2026-07-31,AMD,"Advanced Micro Devices, Inc.",Technology,61.2,66.1,52.2,67.9,59.3,58.3,476.15,117.45,-75.3,Tier 3 — Watchlist Only,General Watchlist,51.4,40.0,51.2
2026-07-31,AES,The AES Corporation,Utilities,28.6,27.4,26.1,40.9,18.8,28.8,14.68,58.74,300.1,Tier 4 — Low Priority / Avoid,Recovery Candidate,0.8,0.0,11.3
2026-07-31,AFL,AFLAC Incorporated,Financial Services,71.4,77.3,63.3,69.4,75.4,71.3,127.48,158.57,24.4,Tier 3 — Watchlist Only,General Watchlist,68.1,75.0,70.5
2026-07-31,A,"Agilent Technologies, Inc.",Healthcare,58.8,64.5,49.9,58.0,64.0,57.8,138.37,84.82,-38.7,Tier 4 — Low Priority / Avoid,General Watchlist,57.1,50.0,55.1
2026-07-31,APD,"Air Products and Chemicals, Inc",Basic Materials,32.4,31.6,25.0,44.9,28.6,33.6,294.89,219.93,-25.4,Tier 4 — Low Priority / Avoid,General Watchlist,22.1,2.5,20.3
2026-07-31,ABNB,"Airbnb, Inc.",Consumer Cyclical,62.1,69.7,56.4,53.3,68.6,61.3,151.52,98.6,-34.9,Tier 3 — Watchlist Only,General Watchlist,65.3,62.5,63.1
2026-07-31,AKAM,"Akamai Technologies, Inc.",Technology,37.9,35.1,30.2,59.0,28.3,38.2,115.18,116.83,1.4,Tier 4 — Low Priority / Avoid,General Watchlist,39.6,25.0,33.9
2026-07-31,ALB,Albemarle Corporation,Basic Materials,52.0,61.7,52.6,36.0,53.8,50.9,117.64,137.57,16.9,Tier 4 — Low Priority / Avoid,Recovery Candidate,46.8,27.5,45.0
2026-07-31,ARE,Alexandria Real Estate Equities,Real Estate,45.1,49.0,42.9,34.9,54.8,44.8,51.45,58.94,14.6,Tier 4 — Low Priority / Avoid,General Watchlist,36.7,2.5,31.5
2026-07-31,ALGN,"Align Technology, Inc.",Healthcare,54.0,59.1,48.5,47.4,62.7,52.5,169.16,164.41,-2.8,Tier 4 — Low Priority / Avoid,Recovery Candidate,52.1,40.0,49.3
2026-07-31,ALLE,Allegion plc,Industrials,55.6,62.5,53.3,42.5,63.0,55.8,157.4,208.19,32.3,Tier 4 — Low Priority / Avoid,General Watchlist,50.3,12.5,43.3
2026-07-31,LNT,Alliant Energy Corporation,Utilities,26.8,23.7,18.5,45.4,21.3,28.1,70.78,48.68,-31.2,Tier 4 — Low Priority / Avoid,General Watchlist,8.6,0.0,12.4
2026-07-31,ALL,Allstate Corporation (The),Financial Services,70.7,72.1,60.9,77.2,75.7,70.7,264.08,573.76,117.3,Tier 3 — Watchlist Only,Position Trade Candidate,70.2,75.0,70.3
2026-07-31,GOOGL,Alphabet Inc.,Communication Services,60.9,67.4,50.2,61.5,65.4,59.9,356.13,48.86,-86.3,Tier 3 — Watchlist Only,General Watchlist,53.6,40.0,52.0
2026-07-31,GOOG,Alphabet Inc.,Communication Services,61.4,67.4,50.2,64.1,65.4,60.4,356.65,48.86,-86.3,Tier 3 — Watchlist Only,General Watchlist,54.4,40.0,52.4
2026-07-31,MO,"Altria Group, Inc.",Consumer Defensive,62.5,65.1,56.6,57.4,73.7,62.7,68.33,105.7,54.7,Tier 3 — Watchlist Only,Recovery Candidate,54.9,40.0,53.6
2026-07-31,AMZN,"Amazon.com, Inc.",Consumer Cyclical,50.2,52.3,39.9,60.4,49.8,49.6,271.58,76.3,-71.9,Tier 4 — Low Priority / Avoid,General Watchlist,39.5,27.5,39.4
2026-07-31,AMCR,Amcor plc,Consumer Cyclical,24.8,25.1,20.3,39.2,11.5,26.3,44.88,29.81,-33.6,Tier 4 — Low Priority / Avoid,General Watchlist,3.8,0.0,10.8
2026-07-31,AEE,Ameren Corporation,Utilities,37.7,36.6,29.1,47.5,40.5,38.4,109.61,79.98,-27.0,Tier 4 — Low Priority / Avoid,General Watchlist,24.8,2.5,23.1
2026-07-31,AEP,American Electric Power Company,Utilities,29.8,25.9,23.3,48.8,21.8,31.0,127.85,153.16,19.8,Tier 4 — Low Priority / Avoid,General Watchlist,11.7,0.0,14.8
2026-07-31,AXP,American Express Company,Financial Services,48.8,53.6,42.7,46.1,53.2,48.5,336.25,259.82,-22.7,Tier 4 — Low Priority / Avoid,General Watchlist,48.7,12.5,39.2
2026-07-31,AIG,"American International Group, I",Financial Services,55.0,60.6,47.9,48.4,63.7,55.7,78.58,78.07,-0.6,Tier 4 — Low Priority / Avoid,Recovery Candidate,57.0,50.0,54.1
2026-07-31,AMT,American Tower Corporation (REI,Real Estate,51.7,58.3,47.5,40.2,60.7,51.3,173.36,162.19,-6.4,Tier 4 — Low Priority / Avoid,General Watchlist,36.6,2.5,34.1
2026-07-31,AWK,"American Water Works Company, I",Utilities,37.5,36.6,32.0,46.7,35.5,39.0,134.17,208.31,55.3,Tier 4 — Low Priority / Avoid,General Watchlist,16.0,0.0,19.9
2026-07-31,AMP,"Ameriprise Financial, Inc.",Financial Services,60.9,67.8,52.9,54.2,70.1,60.2,545.84,503.76,-7.7,Tier 3 — Watchlist Only,General Watchlist,60.8,50.0,57.5
2026-07-31,AME,"AMETEK, Inc.",Industrials,55.7,59.8,46.6,59.1,58.3,55.9,241.71,209.98,-13.1,Tier 4 — Low Priority / Avoid,General Watchlist,46.8,12.5,40.9
2026-07-31,AMGN,Amgen Inc.,Healthcare,49.1,48.8,39.9,60.4,50.1,49.1,385.16,390.03,1.3,Tier 4 — Low Priority / Avoid,General Watchlist,36.9,15.0,34.9
2026-07-31,APH,Amphenol Corporation,Technology,67.2,72.2,57.1,71.1,69.9,65.4,160.7,111.36,-30.7,Tier 3 — Watchlist Only,General Watchlist,63.7,50.0,60.4
2026-07-31,ADI,"Analog Devices, Inc.",Technology,71.2,77.2,60.5,73.9,74.6,69.6,367.41,230.61,-37.2,Tier 3 — Watchlist Only,General Watchlist,72.2,75.0,71.3
2026-07-31,AON,Aon plc,Financial Services,49.2,52.4,41.9,46.5,58.1,49.5,360.55,259.6,-28.0,Tier 4 — Low Priority / Avoid,General Watchlist,37.6,15.0,35.9
2026-07-31,APA,APA Corporation,Energy,61.9,60.9,52.8,72.7,65.4,60.6,37.32,87.71,135.0,Tier 3 — Watchlist Only,General Watchlist,60.7,62.5,60.0
2026-07-31,APO,"Apollo Global Management, Inc. ",Financial Services,39.8,44.9,36.1,32.3,46.3,39.3,125.59,19.91,-84.1,Tier 4 — Low Priority / Avoid,General Watchlist,44.8,25.0,37.7
2026-07-31,AAPL,Apple Inc.,Technology,63.8,66.5,51.5,72.9,67.8,62.3,308.91,209.75,-32.1,Tier 3 — Watchlist Only,General Watchlist,56.3,50.0,55.9
2026-07-31,AMAT,"Applied Materials, Inc.",Technology,56.3,57.2,42.9,73.1,56.0,54.4,507.67,119.32,-76.5,Tier 4 — Low Priority / Avoid,General Watchlist,52.0,52.5,51.6
2026-07-31,APP,Applovin Corporation,Communication Services,64.9,81.3,65.3,28.2,82.7,61.5,395.9,206.0,-48.0,Tier 3 — Watchlist Only,"Long-Term Compounder, Healthy Business",57.3,27.5,54.1
2026-07-31,APTV,Aptiv PLC,Consumer Cyclical,35.2,39.4,35.9,27.0,36.3,35.5,56.47,103.53,83.3,Tier 4 — Low Priority / Avoid,Recovery Candidate,39.6,25.0,34.8
2026-07-31,ACGL,Arch Capital Group Ltd.,Financial Services,62.4,67.3,58.0,50.3,75.7,62.9,100.53,273.89,172.4,Tier 3 — Watchlist Only,Recovery Candidate,65.9,50.0,60.4
2026-07-31,ADM,Archer-Daniels-Midland Company,Consumer Defensive,30.2,22.7,17.8,66.1,16.8,31.6,79.27,51.22,-35.4,Tier 4 — Low Priority / Avoid,General Watchlist,14.3,17.5,19.1
2026-07-31,ARES,Ares Management Corporation,Financial Services,49.3,56.2,46.9,42.3,49.7,47.8,128.09,35.01,-72.7,Tier 4 — Low Priority / Avoid,General Watchlist,31.5,17.5,35.2
2026-07-31,ANET,"Arista Networks, Inc.",Technology,77.0,83.2,66.1,77.6,84.1,73.3,180.35,96.0,-46.8,Tier 2 — Worth Researching,"Long-Term Compounder, Position Trade Candidate, Healthy Business",63.8,65.0,67.8
2026-07-31,AJG,Arthur J. Gallagher & Co.,Financial Services,37.4,40.0,32.5,42.3,33.8,37.7,249.42,72.62,-70.9,Tier 4 — Low Priority / Avoid,General Watchlist,28.1,2.5,25.0
2026-07-31,AIZ,"Assurant, Inc.",Financial Services,52.8,51.0,43.1,73.0,45.2,53.6,279.19,387.71,38.9,Tier 4 — Low Priority / Avoid,General Watchlist,53.3,62.5,53.9
2026-07-31,T,AT&T Inc.,Communication Services,42.0,43.9,39.5,38.9,45.9,43.2,23.25,35.51,52.7,Tier 4 — Low Priority / Avoid,Recovery Candidate,32.2,15.0,31.8
2026-07-31,ATO,Atmos Energy Corporation,Utilities,39.1,39.9,29.5,48.2,40.1,40.6,172.78,120.06,-30.5,Tier 4 — Low Priority / Avoid,General Watchlist,18.7,0.0,21.0
2026-07-31,ADSK,"Autodesk, Inc.",Technology,67.8,80.4,65.3,41.4,82.8,66.2,234.2,227.67,-2.8,Tier 3 — Watchlist Only,"Long-Term Compounder, Healthy Business",69.2,50.0,64.5
2026-07-31,ADP,"Automatic Data Processing, Inc.",Technology,54.4,56.5,48.6,55.8,58.2,54.4,266.46,388.83,45.9,Tier 4 — Low Priority / Avoid,General Watchlist,55.4,37.5,49.9
2026-07-31,AZO,"AutoZone, Inc.",Consumer Cyclical,34.0,39.8,31.5,23.3,39.8,35.2,3016.25,2485.28,-17.6,Tier 4 — Low Priority / Avoid,General Watchlist,16.5,0.0,19.8
2026-07-31,AVB,"AvalonBay Communities, Inc.",Real Estate,40.3,41.6,33.1,44.2,44.0,41.3,185.61,178.39,-3.9,Tier 4 — Low Priority / Avoid,General Watchlist,28.2,0.0,25.2
2026-07-31,AVY,Avery Dennison Corporation,Consumer Cyclical,51.8,55.5,49.0,44.4,58.3,52.1,169.73,320.81,89.0,Tier 4 — Low Priority / Avoid,General Watchlist,40.6,27.5,41.8
2026-07-31,AXON,"Axon Enterprise, Inc.",Industrials,34.6,40.6,31.6,33.7,29.2,33.9,527.76,32.85,-93.8,Tier 4 — Low Priority / Avoid,General Watchlist,11.4,0.0,17.9
2026-07-31,BKR,Baker Hughes Company,Energy,54.7,57.6,47.0,53.9,62.8,54.4,60.49,61.81,2.2,Tier 4 — Low Priority / Avoid,General Watchlist,60.2,50.0,54.5
2026-07-31,BALL,Ball Corporation,Consumer Cyclical,34.7,34.7,27.6,51.3,24.1,35.3,64.9,53.48,-17.6,Tier 4 — Low Priority / Avoid,General Watchlist,14.4,0.0,17.9
2026-07-31,BAC,Bank of America Corporation,Financial Services,56.6,58.8,45.9,68.7,54.6,55.9,61.95,63.68,2.8,Tier 4 — Low Priority / Avoid,General Watchlist,54.9,62.5,56.0
2026-07-31,BAX,Baxter International Inc.,Healthcare,37.9,30.9,29.5,68.0,25.5,37.8,26.16,42.43,62.2,Tier 4 — Low Priority / Avoid,General Watchlist,29.5,27.5,30.4
2026-07-31,BDX,"Becton, Dickinson and Company",Healthcare,46.8,48.2,41.0,50.8,48.0,47.5,165.62,192.41,16.2,Tier 4 — Low Priority / Avoid,Recovery Candidate,37.1,15.0,34.8
2026-07-31,BRK-B,Berkshire Hathaway Inc. New,Financial Services,56.9,60.3,48.1,57.1,64.0,57.7,511.54,1264169.55,247030.1,Tier 4 — Low Priority / Avoid,General Watchlist,59.0,25.0,48.8
2026-07-31,BBY,"Best Buy Co., Inc.",Consumer Cyclical,39.8,34.1,31.0,66.9,30.0,39.3,86.26,131.47,52.4,Tier 4 — Low Priority / Avoid,General Watchlist,36.4,17.5,31.1
2026-07-31,TECH,Bio-Techne Corp,Healthcare,64.1,70.4,55.3,59.5,73.7,62.3,72.09,20.88,-71.0,Tier 3 — Watchlist Only,General Watchlist,61.6,62.5,61.9
2026-07-31,BIIB,Biogen Inc.,Healthcare,41.3,40.2,32.4,57.5,36.3,41.7,202.95,182.92,-9.9,Tier 4 — Low Priority / Avoid,General Watchlist,42.6,25.0,36.3
2026-07-31,BLK,"BlackRock, Inc.",Financial Services,58.2,67.4,51.6,47.0,66.3,57.7,1090.39,686.82,-37.0,Tier 4 — Low Priority / Avoid,General Watchlist,57.0,37.5,52.5
2026-07-31,BX,Blackstone Inc.,Financial Services,56.9,68.1,53.9,36.5,67.9,55.5,127.75,72.12,-43.5,Tier 4 — Low Priority / Avoid,General Watchlist,52.1,15.0,45.2
2026-07-31,XYZ,"Block, Inc.",Technology,29.3,27.8,21.5,48.1,21.1,28.5,81.24,42.23,-48.0,Tier 4 — Low Priority / Avoid,General Watchlist,17.3,30.0,23.8
2026-07-31,BNY,The Bank of New York Mellon Cor,Financial Services,58.5,58.6,44.5,78.7,55.4,57.9,156.33,113.22,-27.6,Tier 4 — Low Priority / Avoid,Position Trade Candidate,55.3,50.0,53.1
2026-07-31,BA,Boeing Company (The),Industrials,29.0,29.8,23.5,36.6,26.3,29.3,216.14,125.89,-41.8,Tier 4 — Low Priority / Avoid,General Watchlist,15.0,2.5,16.8
2026-07-31,BKNG,Booking Holdings Inc. Common St,Consumer Cyclical,65.6,74.9,64.0,46.4,76.2,64.7,192.9,273.25,41.7,Tier 3 — Watchlist Only,General Watchlist,66.2,62.5,65.6
2026-07-31,BSX,Boston Scientific Corporation,Healthcare,49.7,57.0,48.7,32.7,59.3,49.9,46.73,70.5,50.9,Tier 4 — Low Priority / Avoid,Recovery Candidate,50.6,37.5,47.6
2026-07-31,BMY,Bristol-Myers Squibb Company,Healthcare,58.9,56.0,48.3,79.6,54.7,58.2,65.31,117.81,80.4,Tier 4 — Low Priority / Avoid,Position Trade Candidate,57.9,65.0,58.1
2026-07-31,AVGO,Broadcom Inc.,Technology,71.4,79.8,62.6,62.9,82.7,68.8,389.28,174.18,-55.3,Tier 3 — Watchlist Only,Healthy Business,62.2,52.5,62.6
2026-07-31,BR,"Broadridge Financial Solutions,",Technology,47.5,53.0,46.2,34.0,56.7,47.6,153.95,308.47,100.4,Tier 4 — Low Priority / Avoid,Recovery Candidate,38.6,15.0,36.6
2026-07-31,BRO,"Brown & Brown, Inc.",Financial Services,63.8,72.5,62.9,45.3,72.9,63.3,70.4,119.2,69.3,Tier 3 — Watchlist Only,Recovery Candidate,63.1,52.5,61.4
2026-07-31,BF-B,Brown Forman Inc,Consumer Defensive,56.0,60.9,52.3,45.0,67.2,55.6,28.73,34.95,21.7,Tier 4 — Low Priority / Avoid,General Watchlist,56.0,25.0,48.1
2026-07-31,BLDR,"Builders FirstSource, Inc.",Industrials,19.5,22.1,18.5,16.7,19.2,19.7,66.44,49.6,-25.4,Tier 4 — Low Priority / Avoid,General Watchlist,6.1,0.0,10.1
2026-07-31,BG,Bunge Limited,Consumer Defensive,31.3,32.8,29.6,42.2,15.4,32.9,106.23,364.5,243.1,Tier 4 — Low Priority / Avoid,General Watchlist,10.1,0.0,16.2
2026-07-31,BXP,"BXP, Inc.",Real Estate,39.5,39.6,32.5,47.9,39.7,39.3,70.12,55.48,-20.9,Tier 4 — Low Priority / Avoid,General Watchlist,23.4,2.5,23.5
2026-07-31,CHRW,"C.H. Robinson Worldwide, Inc.",Industrials,38.7,43.7,35.2,39.0,33.8,39.2,147.73,150.33,1.8,Tier 4 — Low Priority / Avoid,General Watchlist,30.4,15.0,29.9
2026-07-31,CDNS,"Cadence Design Systems, Inc.",Technology,63.8,74.6,58.2,49.2,71.6,62.7,340.02,165.95,-51.2,Tier 3 — Watchlist Only,General Watchlist,58.1,37.5,55.3
2026-07-31,CPT,Camden Property Trust,Real Estate,33.9,33.0,26.1,44.0,34.6,34.6,110.81,80.27,-27.6,Tier 4 — Low Priority / Avoid,General Watchlist,18.7,2.5,19.6
2026-07-31,COF,Capital One Financial Corporati,Financial Services,49.2,55.9,46.1,41.6,51.0,49.0,209.01,243.34,16.4,Tier 4 — Low Priority / Avoid,Recovery Candidate,49.3,37.5,46.5
2026-07-31,CAH,"Cardinal Health, Inc.",Healthcare,41.6,37.0,33.7,64.8,32.2,42.7,230.03,514.3,123.6,Tier 4 — Low Priority / Avoid,General Watchlist,41.6,15.0,33.5
2026-07-31,CCL,Carnival Corporation Ltd.,Consumer Cyclical,25.3,28.1,24.9,21.5,26.0,24.7,27.81,23.3,-16.2,Tier 4 — Low Priority / Avoid,Recovery Candidate,9.0,0.0,13.4
2026-07-31,CARR,Carrier Global Corporation,Industrials,21.2,20.1,16.0,34.1,14.6,22.2,61.81,22.71,-63.3,Tier 4 — Low Priority / Avoid,General Watchlist,6.8,0.0,10.1
2026-07-31,CVNA,Carvana Co.,Consumer Cyclical,36.5,45.4,35.4,26.0,35.7,35.2,62.36,17.91,-71.3,Tier 4 — Low Priority / Avoid,General Watchlist,23.8,17.5,27.8
2026-07-31,CASY,"Caseys General Stores, Inc.",Consumer Cyclical,41.1,38.3,29.5,71.1,25.6,42.1,871.0,466.95,-46.4,Tier 4 — Low Priority / Avoid,General Watchlist,23.4,17.5,27.1
2026-07-31,CAT,"Caterpillar, Inc.",Industrials,46.2,47.2,38.3,60.0,39.5,44.9,814.81,453.6,-44.3,Tier 4 — Low Priority / Avoid,General Watchlist,19.8,7.5,26.0
2026-07-31,CBOE,"Cboe Global Markets, Inc.",Financial Services,55.5,57.2,43.7,70.1,52.7,55.4,310.23,222.8,-28.2,Tier 4 — Low Priority / Avoid,General Watchlist,56.9,62.5,56.1
2026-07-31,CBRE,CBRE Group Inc,Real Estate,28.8,30.9,25.2,32.0,25.3,29.8,146.81,141.53,-3.6,Tier 4 — Low Priority / Avoid,General Watchlist,18.7,2.5,18.5
2026-07-31,CDW,CDW Corporation,Technology,30.8,28.2,26.8,43.4,25.8,30.8,147.81,248.8,68.3,Tier 4 — Low Priority / Avoid,General Watchlist,11.8,0.0,15.6
2026-07-31,COR,"Cencora, Inc.",Healthcare,27.9,27.4,23.9,39.3,19.6,29.1,311.34,372.49,19.6,Tier 4 — Low Priority / Avoid,General Watchlist,7.8,0.0,13.4
2026-07-31,CNC,Centene Corporation,Healthcare,55.2,53.5,47.2,69.2,53.9,53.9,62.22,576.43,826.4,Tier 4 — Low Priority / Avoid,General Watchlist,59.9,62.5,57.1
2026-07-31,CNP,"CenterPoint Energy, Inc (Holdin",Utilities,32.1,30.8,27.7,46.3,22.2,33.9,42.04,121.41,188.8,Tier 4 — Low Priority / Avoid,General Watchlist,11.1,0.0,16.2
2026-07-31,CF,"CF Industries Holdings, Inc.",Basic Materials,76.4,82.2,68.9,74.1,81.1,75.4,125.19,302.74,141.8,Tier 2 — Worth Researching,"Long-Term Compounder, Healthy Business",75.8,87.5,78.3
2026-07-31,CRL,Charles River Laboratories Inte,Healthcare,38.5,37.0,30.7,52.3,36.7,37.5,232.51,225.79,-2.9,Tier 4 — Low Priority / Avoid,General Watchlist,21.2,5.0,22.6
2026-07-31,SCHW,Charles Schwab Corporation (The,Financial Services,62.5,68.9,53.1,60.9,67.8,62.3,105.24,93.59,-11.1,Tier 3 — Watchlist Only,General Watchlist,58.5,50.0,57.2
2026-07-31,CHTR,"Charter Communications, Inc.",Communication Services,28.2,29.9,29.4,23.5,28.8,28.7,144.98,623.66,330.2,Tier 4 — Low Priority / Avoid,Recovery Candidate,12.2,5.0,17.2
2026-07-31,CVX,Chevron Corporation,Energy,36.8,32.7,25.3,61.6,30.5,38.3,196.83,128.04,-34.9,Tier 4 — Low Priority / Avoid,General Watchlist,35.7,27.5,32.2
2026-07-31,CMG,"Chipotle Mexican Grill, Inc.",Consumer Cyclical,34.1,37.0,30.8,31.9,36.9,33.8,37.22,26.29,-29.4,Tier 4 — Low Priority / Avoid,General Watchlist,9.9,0.0,16.9
2026-07-31,CB,Chubb Limited,Financial Services,55.7,56.7,49.3,60.0,58.0,56.8,350.68,716.27,104.3,Tier 4 — Low Priority / Avoid,Recovery Candidate,56.7,50.0,53.9
2026-07-31,CHD,"Church & Dwight Company, Inc.",Consumer Defensive,48.8,50.5,39.8,52.4,55.2,49.5,98.81,91.65,-7.2,Tier 4 — Low Priority / Avoid,General Watchlist,49.5,25.0,42.0
2026-07-31,CIEN,Ciena Corporation,Technology,56.0,61.8,48.6,60.4,52.2,54.2,377.05,99.3,-73.7,Tier 4 — Low Priority / Avoid,General Watchlist,43.1,27.5,43.6
2026-07-31,CI,The Cigna Group,Healthcare,39.4,39.5,36.1,44.6,37.2,40.0,279.05,603.03,116.1,Tier 4 — Low Priority / Avoid,Recovery Candidate,40.5,15.0,33.3
2026-07-31,CINF,Cincinnati Financial Corporatio,Financial Services,78.6,88.8,74.0,62.4,87.8,78.3,177.68,543.39,205.8,Tier 2 — Worth Researching,"Long-Term Compounder, Recovery Candidate, Healthy Business",79.5,75.0,78.3
2026-07-31,CTAS,Cintas Corporation,Industrials,56.0,61.6,48.2,51.1,64.2,55.9,204.63,127.62,-37.6,Tier 4 — Low Priority / Avoid,General Watchlist,45.2,25.0,43.8
2026-07-31,CSCO,"Cisco Systems, Inc.",Technology,67.6,67.1,52.0,87.0,69.4,66.6,115.99,72.18,-37.8,Tier 3 — Watchlist Only,Position Trade Candidate,57.8,62.5,60.4
2026-07-31,C,"Citigroup, Inc.",Financial Services,53.2,53.4,42.5,69.8,48.9,52.5,132.45,149.72,13.0,Tier 4 — Low Priority / Avoid,Recovery Candidate,54.3,62.5,54.2
2026-07-31,CFG,"Citizens Financial Group, Inc.",Financial Services,51.2,52.4,41.0,66.4,46.0,50.8,71.65,74.05,3.4,Tier 4 — Low Priority / Avoid,General Watchlist,48.8,50.0,48.6
2026-07-31,CLX,Clorox Company (The),Consumer Defensive,21.8,21.8,16.9,27.8,21.5,22.8,95.53,64.35,-32.6,Tier 4 — Low Priority / Avoid,General Watchlist,4.6,0.0,9.7
2026-07-31,CME,CME Group Inc.,Financial Services,56.6,63.5,49.8,44.4,69.9,56.9,267.79,157.2,-41.3,Tier 4 — Low Priority / Avoid,General Watchlist,56.2,37.5,51.4
2026-07-31,CMS,CMS Energy Corporation,Utilities,19.7,17.1,13.1,36.0,12.7,22.0,71.99,52.41,-27.2,Tier 4 — Low Priority / Avoid,General Watchlist,2.1,0.0,7.7
2026-07-31,KO,Coca-Cola Company (The),Consumer Defensive,57.1,57.8,44.4,68.9,61.4,57.3,87.59,58.75,-32.9,Tier 4 — Low Priority / Avoid,General Watchlist,47.1,50.0,50.0
2026-07-31,CTSH,Cognizant Technology Solutions ,Technology,47.5,52.8,45.8,35.8,54.8,47.7,55.35,121.65,119.8,Tier 4 — Low Priority / Avoid,Recovery Candidate,53.4,50.0,50.5
2026-07-31,COHR,Coherent Corp.,Technology,36.1,36.5,28.1,54.9,24.6,34.6,262.89,68.95,-73.8,Tier 4 — Low Priority / Avoid,General Watchlist,19.6,30.0,27.4
2026-07-31,COIN,"Coinbase Global, Inc.",Financial Services,45.7,56.6,46.2,18.1,60.3,44.6,146.26,15.35,-89.5,Tier 4 — Low Priority / Avoid,General Watchlist,46.6,15.0,39.3
2026-07-31,CL,Colgate-Palmolive Company,Consumer Defensive,48.1,50.0,42.3,48.3,53.2,48.2,91.3,96.45,5.6,Tier 4 — Low Priority / Avoid,General Watchlist,38.2,15.0,35.7
2026-07-31,CMCSA,Comcast Corporation,Communication Services,37.8,41.0,38.4,27.6,43.5,39.0,23.96,51.68,115.7,Tier 4 — Low Priority / Avoid,Recovery Candidate,33.2,27.5,34.2
2026-07-31,FIX,"Comfort Systems USA, Inc.",Industrials,58.5,59.4,48.0,69.8,60.4,56.3,1729.69,1575.09,-8.9,Tier 4 — Low Priority / Avoid,General Watchlist,51.0,27.5,46.3
2026-07-31,COP,ConocoPhillips,Energy,36.4,33.7,26.1,55.9,32.0,37.5,120.48,87.63,-27.3,Tier 4 — Low Priority / Avoid,General Watchlist,37.9,37.5,35.6
2026-07-31,ED,"Consolidated Edison, Inc.",Utilities,43.0,44.2,38.7,44.3,45.0,44.4,108.85,205.69,89.0,Tier 4 — Low Priority / Avoid,General Watchlist,29.5,2.5,27.8
2026-07-31,STZ,"Constellation Brands, Inc.",Consumer Defensive,58.6,67.4,58.8,32.9,75.2,58.3,130.23,231.39,77.7,Tier 4 — Low Priority / Avoid,Recovery Candidate,51.6,40.0,52.4
2026-07-31,CEG,Constellation Energy Corporatio,Utilities,33.6,40.1,31.8,28.9,30.0,33.4,262.75,258.46,-1.6,Tier 4 — Low Priority / Avoid,General Watchlist,15.0,0.0,19.0
2026-07-31,COO,"The Cooper Companies, Inc.",Healthcare,34.9,38.7,31.2,33.3,35.1,35.8,72.32,41.46,-42.7,Tier 4 — Low Priority / Avoid,General Watchlist,33.2,0.0,25.5
2026-07-31,CPRT,"Copart, Inc.",Industrials,60.5,72.7,61.0,26.1,81.5,60.0,29.12,46.18,58.6,Tier 3 — Watchlist Only,Healthy Business,65.8,37.5,57.8
2026-07-31,GLW,Corning Incorporated,Technology,47.2,48.1,38.2,62.1,41.4,46.1,138.25,25.47,-81.6,Tier 4 — Low Priority / Avoid,General Watchlist,34.2,27.5,36.3
2026-07-31,CPAY,"Corpay, Inc.",Technology,72.2,77.4,67.4,68.0,76.7,70.5,382.11,736.65,92.8,Tier 3 — Watchlist Only,General Watchlist,61.1,77.5,69.2
2026-07-31,CTVA,"Corteva, Inc.",Basic Materials,58.7,63.9,51.2,55.7,64.2,59.1,78.71,81.33,3.3,Tier 4 — Low Priority / Avoid,General Watchlist,58.2,25.0,49.6
2026-07-31,CSGP,"CoStar Group, Inc.",Real Estate,48.5,60.0,46.7,29.6,53.9,48.4,28.76,20.68,-28.1,Tier 4 — Low Priority / Avoid,General Watchlist,53.4,37.5,48.3
2026-07-31,COST,Costco Wholesale Corporation,Consumer Defensive,38.7,43.8,32.7,41.3,34.6,40.0,951.89,453.93,-52.3,Tier 4 — Low Priority / Avoid,General Watchlist,25.5,27.5,31.1
2026-07-31,CRH,CRH PLC,Basic Materials,38.6,44.6,35.4,29.9,43.0,39.0,95.01,87.73,-7.7,Tier 4 — Low Priority / Avoid,General Watchlist,31.0,2.5,27.1
2026-07-31,CRWD,"CrowdStrike Holdings, Inc.",Technology,60.8,64.0,51.2,72.2,56.0,59.5,190.86,42.45,-77.8,Tier 3 — Watchlist Only,General Watchlist,58.5,62.5,59.1
2026-07-31,CCI,Crown Castle Inc.,Real Estate,42.6,47.6,39.1,31.4,52.9,43.0,76.3,45.75,-40.0,Tier 4 — Low Priority / Avoid,General Watchlist,32.9,15.0,32.3
2026-07-31,CSX,CSX Corporation,Industrials,57.8,58.5,46.6,71.1,58.0,56.9,50.4,32.16,-36.2,Tier 4 — Low Priority / Avoid,General Watchlist,42.6,40.0,46.3
2026-07-31,CMI,Cummins Inc.,Industrials,32.9,31.1,24.1,51.4,26.4,33.5,634.2,415.02,-34.6,Tier 4 — Low Priority / Avoid,General Watchlist,26.2,2.5,21.5
2026-07-31,CVS,CVS Health Corporation,Healthcare,37.2,29.5,23.6,78.2,20.3,37.7,104.43,102.37,-2.0,Tier 4 — Low Priority / Avoid,Position Trade Candidate,17.4,17.5,22.6
2026-07-31,DHR,Danaher Corporation,Healthcare,50.9,58.1,45.7,40.7,58.4,50.8,194.98,152.84,-21.6,Tier 4 — Low Priority / Avoid,General Watchlist,48.6,12.5,40.4
2026-07-31,DRI,"Darden Restaurants, Inc.",Consumer Cyclical,34.6,35.7,30.1,44.4,26.2,35.5,203.58,219.98,8.1,Tier 4 — Low Priority / Avoid,General Watchlist,20.5,5.0,21.8
2026-07-31,DDOG,"Datadog, Inc.",Technology,62.0,65.2,52.0,76.9,54.1,59.8,267.97,35.78,-86.6,Tier 3 — Watchlist Only,Position Trade Candidate,52.4,52.5,54.8
2026-07-31,DVA,DaVita Inc.,Healthcare,44.7,39.6,35.6,73.1,32.6,44.2,240.09,296.57,23.5,Tier 4 — Low Priority / Avoid,General Watchlist,33.5,40.0,37.7
2026-07-31,DECK,Deckers Outdoor Corporation,Consumer Cyclical,55.4,64.6,55.0,31.7,70.0,54.5,96.88,171.15,76.7,Tier 4 — Low Priority / Avoid,Recovery Candidate,61.8,50.0,57.0
2026-07-31,DE,Deere & Company,Industrials,26.7,24.6,19.0,41.0,23.8,27.6,592.67,117.24,-80.2,Tier 4 — Low Priority / Avoid,General Watchlist,9.3,0.0,12.7
2026-07-31,DELL,Dell Technologies Inc.,Technology,41.6,39.1,31.2,70.3,26.7,40.1,405.37,242.21,-40.2,Tier 4 — Low Priority / Avoid,General Watchlist,22.8,20.0,27.6
2026-07-31,DAL,"Delta Air Lines, Inc.",Industrials,38.0,32.3,30.9,66.0,24.3,37.8,87.44,155.71,78.1,Tier 4 — Low Priority / Avoid,General Watchlist,28.5,30.0,31.0
2026-07-31,DVN,Devon Energy Corporation,Energy,35.8,31.8,28.1,55.0,30.2,36.7,45.13,52.86,17.1,Tier 4 — Low Priority / Avoid,General Watchlist,38.8,37.5,35.9
2026-07-31,DXCM,"DexCom, Inc.",Healthcare,64.4,69.7,54.3,65.8,70.1,62.6,83.45,72.22,-13.5,Tier 3 — Watchlist Only,General Watchlist,64.2,62.5,62.6
2026-07-31,FANG,"Diamondback Energy, Inc.",Energy,36.2,32.5,26.8,60.7,25.9,37.0,202.95,99.57,-50.9,Tier 4 — Low Priority / Avoid,General Watchlist,36.3,37.5,34.9
2026-07-31,DLR,"Digital Realty Trust, Inc.",Real Estate,40.2,42.2,35.3,48.0,33.8,41.0,188.52,198.18,5.1,Tier 4 — Low Priority / Avoid,General Watchlist,23.0,2.5,24.3
2026-07-31,DG,Dollar General Corporation,Consumer Defensive,39.5,40.7,37.0,41.0,39.2,39.7,127.05,152.65,20.1,Tier 4 — Low Priority / Avoid,General Watchlist,28.2,15.0,29.2
2026-07-31,DLTR,"Dollar Tree, Inc.",Consumer Defensive,48.5,51.1,45.6,45.8,52.2,48.1,127.21,151.02,18.7,Tier 4 — Low Priority / Avoid,General Watchlist,36.3,27.5,38.7
2026-07-31,D,"Dominion Energy, Inc.",Utilities,38.5,35.9,32.4,57.6,27.6,39.9,69.17,317.79,359.4,Tier 4 — Low Priority / Avoid,General Watchlist,16.5,0.0,20.2
2026-07-31,DPZ,Domino's Pizza Inc,Consumer Cyclical,35.7,39.6,33.0,30.3,39.3,36.3,347.44,359.19,3.4,Tier 4 — Low Priority / Avoid,General Watchlist,24.8,0.0,23.0
2026-07-31,DASH,"DoorDash, Inc.",Consumer Cyclical,48.9,59.0,47.6,30.4,56.4,47.8,196.16,85.89,-56.2,Tier 4 — Low Priority / Avoid,General Watchlist,37.6,2.5,34.0
2026-07-31,DOV,Dover Corporation,Industrials,44.7,49.6,40.2,40.7,47.0,45.3,204.62,232.09,13.4,Tier 4 — Low Priority / Avoid,General Watchlist,45.0,12.5,36.7
2026-07-31,DOW,Dow Inc.,Basic Materials,31.9,31.5,28.0,47.4,18.5,32.4,30.29,37.24,22.9,Tier 4 — Low Priority / Avoid,General Watchlist,13.2,0.0,16.8
2026-07-31,DHI,"D.R. Horton, Inc.",Consumer Cyclical,37.3,41.0,36.7,28.0,42.8,37.8,143.06,241.28,68.7,Tier 4 — Low Priority / Avoid,Recovery Candidate,41.1,25.0,35.9
2026-07-31,DTE,DTE Energy Company,Utilities,24.8,23.4,18.1,39.5,17.7,26.7,141.87,102.01,-28.1,Tier 4 — Low Priority / Avoid,General Watchlist,4.6,0.0,10.7
2026-07-31,DUK,Duke Energy Corporation (Holdin,Utilities,41.7,41.3,36.5,50.5,38.4,43.2,125.43,523.86,317.7,Tier 4 — Low Priority / Avoid,General Watchlist,20.2,0.0,23.2
2026-07-31,DD,"DuPont de Nemours, Inc.",Basic Materials,37.3,36.7,28.3,53.1,32.2,37.8,137.0,41.51,-69.7,Tier 4 — Low Priority / Avoid,General Watchlist,37.2,15.0,30.4
2026-07-31,ETN,"Eaton Corporation, PLC",Industrials,37.6,35.4,28.4,57.1,31.4,37.6,415.2,278.22,-33.0,Tier 4 — Low Priority / Avoid,General Watchlist,22.2,2.5,21.8
2026-07-31,EBAY,eBay Inc.,Consumer Cyclical,57.0,61.1,49.1,59.4,59.8,56.0,114.01,82.21,-27.9,Tier 4 — Low Priority / Avoid,General Watchlist,52.4,37.5,49.6
2026-07-31,ECHO,EchoStar Corporation,Communication Services,16.6,14.3,12.5,31.1,8.6,16.8,84.09,84.09,0.0,Tier 4 — Low Priority / Avoid,General Watchlist,0.0,0.0,5.8
2026-07-31,ECL,Ecolab Inc.,Basic Materials,47.7,53.8,42.8,40.2,53.7,48.3,277.63,242.84,-12.5,Tier 4 — Low Priority / Avoid,General Watchlist,45.0,0.0,34.8
2026-07-31,EIX,Edison International,Utilities,48.0,45.0,36.3,66.6,49.6,46.6,73.37,35.19,-52.0,Tier 4 — Low Priority / Avoid,General Watchlist,25.3,30.0,33.3
2026-07-31,EW,Edwards Lifesciences Corporatio,Healthcare,56.2,64.9,50.4,42.8,66.1,56.8,86.07,47.95,-44.3,Tier 4 — Low Priority / Avoid,General Watchlist,56.2,25.0,48.5
2026-07-31,EA,Electronic Arts Inc.,Communication Services,68.6,77.8,61.6,57.5,76.7,68.1,209.86,185.47,-11.6,Tier 3 — Watchlist Only,General Watchlist,68.1,50.0,63.6
2026-07-31,ELV,"Elevance Health, Inc.",Healthcare,43.0,44.7,38.7,44.0,45.3,43.4,375.84,471.84,25.5,Tier 4 — Low Priority / Avoid,Recovery Candidate,45.5,25.0,39.0
2026-07-31,EME,"EMCOR Group, Inc.",Industrials,53.0,57.1,46.1,58.2,49.8,52.3,797.43,915.69,14.8,Tier 4 — Low Priority / Avoid,General Watchlist,53.1,27.5,45.9
2026-07-31,EMR,Emerson Electric Company,Industrials,54.1,59.3,47.2,49.0,62.1,53.6,149.82,137.35,-8.3,Tier 4 — Low Priority / Avoid,General Watchlist,42.4,15.0,39.6
2026-07-31,ETR,Entergy Corporation,Utilities,29.6,25.7,22.7,49.9,20.7,31.4,107.62,128.27,19.2,Tier 4 — Low Priority / Avoid,General Watchlist,10.4,0.0,14.3
2026-07-31,EOG,"EOG Resources, Inc.",Energy,64.3,66.8,54.2,74.2,63.2,64.2,148.69,179.13,20.5,Tier 3 — Watchlist Only,General Watchlist,62.4,75.0,65.0
2026-07-31,EQT,EQT Corporation,Energy,50.2,56.2,49.9,32.9,61.0,51.2,53.29,77.33,45.1,Tier 4 — Low Priority / Avoid,Recovery Candidate,52.5,25.0,45.4
2026-07-31,EFX,"Equifax, Inc.",Industrials,42.1,49.8,43.0,23.1,50.5,41.8,172.62,180.48,4.6,Tier 4 — Low Priority / Avoid,General Watchlist,32.6,0.0,29.1
2026-07-31,EQIX,"Equinix, Inc.",Real Estate,53.9,55.8,44.8,65.4,49.9,53.5,1019.28,827.33,-18.8,Tier 4 — Low Priority / Avoid,General Watchlist,36.7,27.5,40.0
2026-07-31,EQR,Equity Residential,Real Estate,40.4,40.5,31.5,47.8,44.5,41.5,66.45,61.52,-7.4,Tier 4 — Low Priority / Avoid,General Watchlist,23.4,0.0,23.2
2026-07-31,ERIE,Erie Indemnity Company,Financial Services,41.4,47.3,36.8,32.8,48.8,41.0,242.04,177.96,-26.5,Tier 4 — Low Priority / Avoid,General Watchlist,45.9,25.0,38.7
2026-07-31,ESS,"Essex Property Trust, Inc.",Real Estate,41.6,40.0,31.5,56.5,41.1,42.4,284.14,218.31,-23.2,Tier 4 — Low Priority / Avoid,General Watchlist,23.9,2.5,24.1
2026-07-31,EL,"Estee Lauder Companies, Inc. (T",Consumer Defensive,33.5,37.6,31.3,24.4,41.4,32.8,83.9,65.03,-22.5,Tier 4 — Low Priority / Avoid,General Watchlist,18.0,0.0,19.7
2026-07-31,EG,"Everest Group, Ltd.",Financial Services,48.2,47.8,41.8,53.8,51.8,49.4,374.15,763.62,104.1,Tier 4 — Low Priority / Avoid,Recovery Candidate,50.4,37.5,45.5
2026-07-31,EVRG,"Evergy, Inc.",Utilities,38.0,36.8,31.4,51.2,32.7,39.6,83.01,100.4,21.0,Tier 4 — Low Priority / Avoid,General Watchlist,15.9,0.0,19.9
2026-07-31,ES,Eversource Energy (D/B/A),Utilities,40.5,40.5,36.0,47.9,37.2,41.6,71.59,89.96,25.7,Tier 4 — Low Priority / Avoid,General Watchlist,25.4,0.0,24.6
2026-07-31,EXC,Exelon Corporation,Utilities,32.4,31.4,29.1,39.4,29.6,34.4,45.82,205.54,348.6,Tier 4 — Low Priority / Avoid,General Watchlist,19.6,0.0,19.5
2026-07-31,EXE,Expand Energy Corporation,Energy,40.8,42.3,37.5,39.2,44.4,42.3,94.03,126.56,34.6,Tier 4 — Low Priority / Avoid,Recovery Candidate,44.4,25.0,38.0
2026-07-31,EXPE,"Expedia Group, Inc.",Consumer Cyclical,61.6,64.6,58.4,61.8,61.9,60.0,294.74,383.52,30.1,Tier 3 — Watchlist Only,General Watchlist,56.5,65.0,60.2
2026-07-31,EXPD,Expeditors International of Was,Industrials,54.9,58.8,47.6,55.5,58.3,55.1,167.89,196.66,17.1,Tier 4 — Low Priority / Avoid,General Watchlist,54.4,25.0,46.6
2026-07-31,EXR,Extra Space Storage Inc,Real Estate,45.9,46.5,36.6,54.3,49.0,45.8,148.04,126.09,-14.8,Tier 4 — Low Priority / Avoid,General Watchlist,32.8,2.5,29.1
2026-07-31,XOM,ExxonMobil Holdings Corporation,Energy,36.6,32.4,25.0,62.3,29.1,38.1,155.44,85.6,-44.9,Tier 4 — Low Priority / Avoid,General Watchlist,29.9,27.5,30.0
2026-07-31,FFIV,"F5, Inc.",Technology,65.7,69.5,55.9,69.5,69.8,64.8,402.57,414.37,2.9,Tier 3 — Watchlist Only,General Watchlist,66.3,50.0,60.8
2026-07-31,FDS,FactSet Research Systems Inc.,Financial Services,45.1,47.6,40.3,44.6,48.6,45.1,263.2,284.02,7.9,Tier 4 — Low Priority / Avoid,Recovery Candidate,48.0,27.5,41.2
2026-07-31,FICO,Fair Isaac Corporation,Technology,58.9,69.7,57.3,38.9,67.8,57.1,1122.97,1139.18,1.4,Tier 4 — Low Priority / Avoid,General Watchlist,40.2,30.0,45.7
2026-07-31,FAST,Fastenal Company,Industrials,59.3,67.5,51.8,50.1,67.3,59.5,47.71,32.97,-30.9,Tier 4 — Low Priority / Avoid,General Watchlist,51.2,25.0,47.6
2026-07-31,FRT,Federal Realty Investment Trust,Real Estate,52.5,49.2,41.5,78.3,42.9,52.4,124.09,149.48,20.5,Tier 4 — Low Priority / Avoid,Position Trade Candidate,37.0,52.5,45.1
2026-07-31,FDX,FedEx Corporation,Industrials,48.0,47.9,43.9,55.6,45.3,47.8,307.4,602.84,96.1,Tier 4 — Low Priority / Avoid,Recovery Candidate,48.0,25.0,41.6
2026-07-31,FDXF,"FedEx Freight Holding Company, ",Industrials,39.8,41.0,34.6,42.4,42.0,40.1,140.53,144.32,2.7,Tier 4 — Low Priority / Avoid,General Watchlist,29.2,0.0,25.5
2026-07-31,FIS,Fidelity National Information S,Technology,55.2,64.3,56.9,35.6,60.4,54.8,44.77,141.99,217.2,Tier 4 — Low Priority / Avoid,Recovery Candidate,45.7,40.0,49.2
2026-07-31,FITB,Fifth Third Bancorp,Financial Services,44.9,46.0,35.8,59.5,38.1,45.0,56.5,47.92,-15.2,Tier 4 — Low Priority / Avoid,General Watchlist,42.5,25.0,37.8
2026-07-31,FSLR,"First Solar, Inc.",Technology,66.5,75.1,63.5,46.0,82.8,64.5,211.03,499.09,136.5,Tier 3 — Watchlist Only,"Recovery Candidate, Healthy Business",65.4,52.5,62.7
2026-07-31,FE,FirstEnergy Corp.,Utilities,33.9,32.2,29.8,46.5,26.4,35.6,48.31,216.89,349.0,Tier 4 — Low Priority / Avoid,General Watchlist,11.8,0.0,17.2
2026-07-31,FISV,"Fiserv, Inc.",Unknown,42.5,50.2,44.4,23.1,50.0,41.8,53.94,86.76,60.9,Tier 4 — Low Priority / Avoid,Recovery Candidate,35.1,2.5,30.9
2026-07-31,FLEX,Flex Ltd.,Technology,40.1,38.4,30.5,66.6,24.9,39.2,113.75,47.5,-58.2,Tier 4 — Low Priority / Avoid,General Watchlist,22.3,30.0,29.6
2026-07-31,F,Ford Motor Company,Consumer Cyclical,20.0,13.6,11.3,50.5,6.6,20.2,14.68,4.41,-69.9,Tier 4 — Low Priority / Avoid,General Watchlist,0.0,0.0,6.1
2026-07-31,FTNT,"Fortinet, Inc.",Technology,74.5,79.0,61.8,84.5,74.6,72.4,161.95,93.04,-42.6,Tier 3 — Watchlist Only,Position Trade Candidate,68.2,75.0,70.6
2026-07-31,FTV,Fortive Corporation,Technology,55.2,57.9,48.4,57.3,58.0,55.3,59.21,62.35,5.3,Tier 4 — Low Priority / Avoid,General Watchlist,54.5,15.0,44.2
2026-07-31,FOXA,Fox Corporation,Communication Services,40.9,45.2,36.9,34.0,47.6,41.7,58.23,62.22,6.9,Tier 4 — Low Priority / Avoid,General Watchlist,45.9,37.5,41.8
2026-07-31,FOX,Fox Corporation,Communication Services,41.3,45.8,38.4,32.5,48.4,42.3,51.94,61.28,18.0,Tier 4 — Low Priority / Avoid,General Watchlist,46.6,37.5,42.4
2026-07-31,BEN,"Franklin Resources, Inc.",Financial Services,44.1,40.9,30.3,75.6,31.5,43.8,33.86,21.14,-37.6,Tier 4 — Low Priority / Avoid,Position Trade Candidate,37.4,52.5,41.4
2026-07-31,FCX,"Freeport-McMoRan, Inc.",Basic Materials,50.6,52.6,41.3,55.9,55.6,49.5,62.63,59.1,-5.6,Tier 4 — Low Priority / Avoid,General Watchlist,49.9,37.5,45.7
2026-07-31,GRMN,Garmin Ltd.,Technology,70.4,73.5,56.0,82.0,73.3,69.0,293.78,175.79,-40.2,Tier 3 — Watchlist Only,Position Trade Candidate,64.6,75.0,67.5
2026-07-31,IT,"Gartner, Inc.",Technology,51.8,59.5,53.6,27.2,66.8,50.8,151.02,333.87,121.1,Tier 4 — Low Priority / Avoid,Recovery Candidate,36.0,17.5,38.6
2026-07-31,GE,GE Aerospace,Industrials,60.8,64.8,51.2,64.4,64.6,59.7,360.07,224.22,-37.7,Tier 3 — Watchlist Only,General Watchlist,51.6,62.5,56.8
2026-07-31,GEHC,GE HealthCare Technologies Inc.,Healthcare,36.8,37.9,33.6,40.8,34.2,37.7,68.02,109.22,60.6,Tier 4 — Low Priority / Avoid,General Watchlist,36.3,15.0,30.9
2026-07-31,GEV,GE Vernova Inc.,Industrials,71.8,77.6,66.2,67.9,75.9,70.4,990.29,1665.84,68.2,Tier 3 — Watchlist Only,General Watchlist,73.9,50.0,66.6
2026-07-31,GEN,Gen Digital Inc.,Technology,65.6,72.8,64.2,53.5,71.1,64.0,27.45,45.69,66.5,Tier 3 — Watchlist Only,General Watchlist,53.7,40.0,55.3
2026-07-31,GNRC,Generac Holdlings Inc.,Industrials,40.0,43.1,33.9,45.7,37.0,38.8,197.11,138.3,-29.8,Tier 4 — Low Priority / Avoid,General Watchlist,25.4,0.0,24.1
2026-07-31,GD,General Dynamics Corporation,Industrials,46.8,45.9,39.6,60.8,41.2,48.0,383.42,542.35,41.5,Tier 4 — Low Priority / Avoid,General Watchlist,45.1,12.5,36.6
2026-07-31,GIS,"General Mills, Inc.",Consumer Defensive,42.0,45.5,40.9,30.3,52.0,42.1,35.75,70.25,96.5,Tier 4 — Low Priority / Avoid,General Watchlist,42.7,2.5,32.6
2026-07-31,GM,General Motors Company,Consumer Cyclical,39.1,33.8,33.4,59.3,32.3,39.1,88.86,344.8,288.0,Tier 4 — Low Priority / Avoid,General Watchlist,32.6,52.5,38.8
2026-07-31,GPC,Genuine Parts Company,Consumer Cyclical,30.9,30.9,29.3,34.3,28.2,32.2,124.37,168.52,35.5,Tier 4 — Low Priority / Avoid,General Watchlist,21.2,2.5,20.4
2026-07-31,GILD,"Gilead Sciences, Inc.",Healthcare,68.4,77.8,63.2,49.8,83.6,68.0,130.21,146.7,12.7,Tier 3 — Watchlist Only,Healthy Business,69.1,62.5,67.3
2026-07-31,GPN,Global Payments Inc.,Industrials,56.0,59.8,53.8,53.4,55.6,55.6,84.08,299.57,256.3,Tier 4 — Low Priority / Avoid,General Watchlist,45.6,40.0,48.3
2026-07-31,GL,Globe Life Inc.,Financial Services,57.7,57.0,47.9,72.6,55.1,58.2,182.25,242.65,33.1,Tier 4 — Low Priority / Avoid,General Watchlist,53.5,37.5,49.7
2026-07-31,GDDY,GoDaddy Inc.,Technology,49.0,56.1,50.8,30.8,56.6,47.8,82.74,192.61,132.8,Tier 4 — Low Priority / Avoid,Recovery Candidate,34.4,17.5,36.8
2026-07-31,GS,"Goldman Sachs Group, Inc. (The)",Financial Services,54.4,59.0,45.4,59.8,53.6,52.9,1018.38,777.07,-23.7,Tier 4 — Low Priority / Avoid,General Watchlist,51.8,25.0,45.0
2026-07-31,HAL,Halliburton Company,Energy,47.7,49.6,43.7,49.9,47.2,47.9,32.25,44.45,37.8,Tier 4 — Low Priority / Avoid,Recovery Candidate,50.4,25.0,42.6
2026-07-31,HIG,"The Hartford Insurance Group, I",Financial Services,66.3,73.6,62.0,54.6,74.4,66.9,141.91,355.26,150.3,Tier 3 — Watchlist Only,Recovery Candidate,67.8,50.0,62.9
2026-07-31,HAS,"Hasbro, Inc.",Consumer Cyclical,58.5,62.8,54.9,52.9,63.7,58.0,93.94,141.42,50.5,Tier 4 — Low Priority / Avoid,General Watchlist,54.3,27.5,49.1
2026-07-31,HCA,"HCA Healthcare, Inc.",Healthcare,31.5,33.3,30.5,33.0,27.0,32.6,402.59,535.5,33.0,Tier 4 — Low Priority / Avoid,General Watchlist,21.4,5.0,21.5
2026-07-31,DOC,"Healthpeak Properties, Inc.",Real Estate,60.4,60.4,52.8,70.6,59.5,60.0,21.83,29.3,34.2,Tier 3 — Watchlist Only,General Watchlist,50.1,40.0,50.5
2026-07-31,HSIC,"Henry Schein, Inc.",Healthcare,28.5,25.5,19.7,51.8,17.0,30.0,85.75,62.66,-26.9,Tier 4 — Low Priority / Avoid,General Watchlist,10.1,0.0,13.5
2026-07-31,HSY,The Hershey Company,Consumer Defensive,53.8,60.5,51.3,42.7,59.3,54.2,175.05,213.72,22.1,Tier 4 — Low Priority / Avoid,General Watchlist,43.1,27.5,43.8
2026-07-31,HPE,Hewlett Packard Enterprise Comp,Technology,44.2,41.3,36.2,70.8,28.6,43.3,47.9,51.51,7.5,Tier 4 — Low Priority / Avoid,General Watchlist,25.6,17.5,29.4
2026-07-31,HLT,Hilton Worldwide Holdings Inc.,Consumer Cyclical,53.5,58.4,46.6,48.4,62.1,53.3,320.49,167.33,-47.8,Tier 4 — Low Priority / Avoid,General Watchlist,34.6,2.5,33.6
2026-07-31,HD,"Home Depot, Inc. (The)",Consumer Cyclical,29.4,31.8,25.8,27.5,32.6,30.3,331.96,276.29,-16.8,Tier 4 — Low Priority / Avoid,General Watchlist,18.7,0.0,18.1
2026-07-31,HONA,Honeywell Aerospace Inc.,Industrials,47.6,51.7,41.7,44.9,52.8,47.3,206.74,150.98,-27.0,Tier 4 — Low Priority / Avoid,General Watchlist,35.8,0.0,31.0
2026-07-31,HON,Honeywell International Inc.,Industrials,45.5,48.4,37.8,48.9,48.1,45.6,243.05,223.96,-7.9,Tier 4 — Low Priority / Avoid,General Watchlist,30.0,0.0,27.8
2026-07-31,HRL,Hormel Foods Corporation,Consumer Defensive,32.2,33.0,24.5,39.0,33.7,33.6,25.01,19.44,-22.3,Tier 4 — Low Priority / Avoid,General Watchlist,34.3,2.5,24.6
2026-07-31,HST,"Host Hotels & Resorts, Inc.",Real Estate,62.3,60.7,51.5,78.8,61.9,61.5,25.13,44.12,75.6,Tier 3 — Watchlist Only,Position Trade Candidate,62.0,62.5,60.3
2026-07-31,HWM,Howmet Aerospace Inc.,Industrials,70.3,75.0,58.6,76.7,73.2,68.9,282.26,122.06,-56.8,Tier 3 — Watchlist Only,Position Trade Candidate,60.4,62.5,63.4
2026-07-31,HPQ,HP Inc.,Technology,39.5,35.4,32.4,60.5,31.9,39.2,27.27,89.08,226.6,Tier 4 — Low Priority / Avoid,General Watchlist,28.8,27.5,31.2
2026-07-31,HUBB,Hubbell Inc,Industrials,40.4,45.3,37.1,35.7,42.0,40.8,472.55,464.78,-1.6,Tier 4 — Low Priority / Avoid,General Watchlist,27.4,0.0,25.8
2026-07-31,HUM,Humana Inc.,Healthcare,50.7,51.9,40.7,69.4,40.7,49.8,363.86,340.48,-6.4,Tier 4 — Low Priority / Avoid,General Watchlist,51.8,62.5,52.5
2026-07-31,HBAN,Huntington Bancshares Incorpora,Financial Services,47.0,52.5,44.2,41.8,47.7,47.3,17.04,20.97,23.1,Tier 4 — Low Priority / Avoid,General Watchlist,46.8,25.0,41.6
2026-07-31,HII,"Huntington Ingalls Industries, ",Industrials,33.5,33.4,29.5,44.6,25.0,34.5,326.45,870.58,166.7,Tier 4 — Low Priority / Avoid,General Watchlist,25.5,15.0,25.6
2026-07-31,IBM,International Business Machines,Technology,44.1,48.9,44.3,27.7,55.5,44.3,223.65,294.47,31.7,Tier 4 — Low Priority / Avoid,General Watchlist,36.5,27.5,37.8
2026-07-31,IEX,IDEX Corporation,Industrials,59.9,62.4,49.3,67.6,62.9,59.4,230.45,220.13,-4.5,Tier 4 — Low Priority / Avoid,General Watchlist,59.7,50.0,55.9
2026-07-31,IDXX,"IDEXX Laboratories, Inc.",Healthcare,57.3,68.5,54.4,34.3,71.1,56.2,559.07,262.91,-53.0,Tier 4 — Low Priority / Avoid,General Watchlist,48.7,25.0,46.7
2026-07-31,ITW,Illinois Tool Works Inc.,Industrials,51.7,54.8,44.7,51.4,58.0,51.5,286.95,281.25,-2.0,Tier 4 — Low Priority / Avoid,General Watchlist,37.0,2.5,33.5
2026-07-31,INCY,Incyte Corporation,Healthcare,82.0,90.2,74.8,74.9,87.8,80.6,119.52,185.68,55.4,Tier 2 — Worth Researching,"Long-Term Compounder, Healthy Business, High Expected Return Candidate",81.9,75.0,79.7
2026-07-31,IR,Ingersoll Rand Inc.,Industrials,49.1,52.6,44.1,46.0,54.7,48.9,83.38,100.39,20.4,Tier 4 — Low Priority / Avoid,General Watchlist,48.8,12.5,39.4
2026-07-31,PODD,Insulet Corporation,Healthcare,46.3,58.0,45.7,27.1,49.8,45.7,165.35,106.49,-35.6,Tier 4 — Low Priority / Avoid,General Watchlist,45.9,15.0,39.3
2026-07-31,INTC,Intel Corporation,Technology,37.2,37.2,29.8,55.9,25.6,36.0,90.2,18.16,-79.9,Tier 4 — Low Priority / Avoid,General Watchlist,25.7,17.5,27.0
2026-07-31,IBKR,"Interactive Brokers Group, Inc.",Financial Services,56.7,61.7,49.0,59.3,57.5,54.9,87.99,53.28,-39.4,Tier 4 — Low Priority / Avoid,General Watchlist,45.1,27.5,44.4
2026-07-31,ICE,Intercontinental Exchange Inc.,Financial Services,47.5,51.1,39.4,45.6,56.7,47.4,152.48,115.5,-24.3,Tier 4 — Low Priority / Avoid,General Watchlist,35.9,2.5,31.3
2026-07-31,IFF,International Flavors & Fragran,Basic Materials,49.5,49.9,44.0,52.5,53.6,49.6,79.22,105.14,32.7,Tier 4 — Low Priority / Avoid,Recovery Candidate,50.1,27.5,43.4
2026-07-31,IP,International Paper Company,Consumer Cyclical,44.8,46.5,41.7,45.7,45.0,44.9,40.83,157.54,285.8,Tier 4 — Low Priority / Avoid,General Watchlist,42.1,15.0,36.1
2026-07-31,INTU,Intuit Inc.,Technology,57.4,67.2,57.9,32.4,70.7,56.8,316.07,472.71,49.6,Tier 4 — Low Priority / Avoid,Recovery Candidate,62.0,50.0,58.1
2026-07-31,ISRG,"Intuitive Surgical, Inc.",Healthcare,62.7,77.8,61.2,29.7,80.5,61.0,353.33,207.7,-41.2,Tier 3 — Watchlist Only,Healthy Business,60.7,50.0,59.9
2026-07-31,IVZ,Invesco Ltd,Financial Services,51.6,53.4,43.0,65.7,44.1,50.7,29.6,15.13,-48.9,Tier 4 — Low Priority / Avoid,General Watchlist,55.6,75.0,57.6
2026-07-31,INVH,Invitation Homes Inc.,Real Estate,41.0,40.6,35.9,50.2,36.9,42.0,29.72,37.02,24.6,Tier 4 — Low Priority / Avoid,General Watchlist,28.7,15.0,29.5
2026-07-31,IQV,"IQVIA Holdings, Inc.",Healthcare,35.7,34.3,31.2,47.4,30.7,35.3,235.02,255.89,8.9,Tier 4 — Low Priority / Avoid,General Watchlist,16.0,0.0,19.0
2026-07-31,IRM,Iron Mountain Incorporated (Del,Real Estate,36.7,35.5,28.3,60.0,22.1,36.7,122.32,91.48,-25.2,Tier 4 — Low Priority / Avoid,General Watchlist,10.2,5.0,18.1
2026-07-31,JBHT,"J.B. Hunt Transport Services, I",Industrials,51.1,52.9,42.1,66.1,43.0,50.5,271.75,222.67,-18.1,Tier 4 — Low Priority / Avoid,General Watchlist,48.2,37.5,45.4
2026-07-31,JBL,Jabil Inc.,Technology,40.2,39.0,32.0,59.3,31.1,39.4,315.05,298.45,-5.3,Tier 4 — Low Priority / Avoid,General Watchlist,20.2,0.0,21.7
2026-07-31,JKHY,"Jack Henry & Associates, Inc.",Technology,55.5,64.9,52.6,36.3,66.8,55.9,154.04,161.45,4.8,Tier 4 — Low Priority / Avoid,General Watchlist,54.2,25.0,48.0
2026-07-31,J,Jacobs Solutions Inc.,Industrials,34.6,37.8,30.2,41.0,26.7,35.6,134.93,133.02,-1.4,Tier 4 — Low Priority / Avoid,General Watchlist,31.5,5.0,25.9
2026-07-31,JNJ,Johnson & Johnson,Healthcare,49.2,46.4,35.1,71.2,48.1,49.9,256.35,214.37,-16.4,Tier 4 — Low Priority / Avoid,General Watchlist,47.9,25.0,40.4
2026-07-31,JCI,Johnson Controls International ,Industrials,59.0,59.9,47.4,70.5,61.8,58.3,146.66,112.6,-23.2,Tier 4 — Low Priority / Avoid,General Watchlist,54.5,27.5,47.8
2026-07-31,JPM,JP Morgan Chase & Co.,Financial Services,59.3,63.5,52.3,62.1,59.5,59.0,351.79,467.79,33.0,Tier 4 — Low Priority / Avoid,General Watchlist,54.1,12.5,45.1
2026-07-31,KVUE,Kenvue Inc.,Consumer Defensive,51.8,55.2,45.9,50.9,55.8,51.8,19.24,22.17,15.2,Tier 4 — Low Priority / Avoid,General Watchlist,39.7,2.5,34.7
2026-07-31,KDP,Keurig Dr Pepper Inc.,Consumer Defensive,33.6,32.3,29.1,44.5,28.3,35.2,31.12,112.67,262.0,Tier 4 — Low Priority / Avoid,General Watchlist,14.4,0.0,17.9
2026-07-31,KEY,KeyCorp,Financial Services,46.3,47.9,39.3,54.5,43.8,46.3,22.59,27.59,22.1,Tier 4 — Low Priority / Avoid,General Watchlist,43.4,25.0,39.1
2026-07-31,KEYS,Keysight Technologies Inc.,Technology,69.5,77.2,61.0,67.1,72.3,67.9,319.08,200.21,-37.3,Tier 3 — Watchlist Only,General Watchlist,61.9,50.0,61.2
2026-07-31,KMB,Kimberly-Clark Corporation,Consumer Defensive,36.5,37.2,29.7,44.8,34.9,37.0,109.31,92.56,-15.3,Tier 4 — Low Priority / Avoid,General Watchlist,22.9,0.0,21.7
2026-07-31,KIM,Kimco Realty Corporation (HC),Real Estate,52.3,51.1,41.0,69.0,51.1,52.4,25.48,26.35,3.4,Tier 4 — Low Priority / Avoid,General Watchlist,41.4,40.0,43.6
2026-07-31,KMI,"Kinder Morgan, Inc.",Energy,45.2,46.6,36.2,55.9,42.6,46.1,32.18,24.53,-23.8,Tier 4 — Low Priority / Avoid,General Watchlist,30.1,0.0,27.5
2026-07-31,KKR,KKR & Co. Inc.,Financial Services,44.3,49.9,39.5,37.6,50.9,43.1,101.43,47.43,-53.2,Tier 4 — Low Priority / Avoid,General Watchlist,37.4,2.5,31.1
2026-07-31,KLAC,KLA Corporation,Technology,66.3,70.2,54.9,70.2,73.7,63.7,182.82,120.75,-34.0,Tier 3 — Watchlist Only,General Watchlist,59.0,52.5,58.6
2026-07-31,KHC,The Kraft Heinz Company,Consumer Defensive,49.6,51.7,46.1,48.3,52.4,50.4,25.85,43.74,69.2,Tier 4 — Low Priority / Avoid,Recovery Candidate,48.2,15.0,40.3
2026-07-31,KR,Kroger Company (The),Consumer Defensive,21.4,22.6,17.9,25.0,19.0,23.0,57.74,39.1,-32.3,Tier 4 — Low Priority / Avoid,Recovery Candidate,5.3,0.0,10.2
2026-07-31,LHX,"L3Harris Technologies, Inc.",Industrials,44.4,50.5,44.6,35.1,43.1,45.8,277.06,705.19,154.5,Tier 4 — Low Priority / Avoid,General Watchlist,43.9,12.5,37.1
2026-07-31,LH,Labcorp Holdings Inc.,Healthcare,40.1,36.6,27.7,67.1,30.8,41.0,309.2,287.67,-7.0,Tier 4 — Low Priority / Avoid,General Watchlist,37.7,25.0,33.4
2026-07-31,LRCX,Lam Research Corporation,Technology,66.7,71.6,54.8,74.0,69.2,63.9,293.02,80.57,-72.5,Tier 3 — Watchlist Only,General Watchlist,54.7,52.5,57.2
2026-07-31,LVS,Las Vegas Sands Corp.,Consumer Cyclical,48.0,54.0,49.4,27.6,60.8,47.8,48.89,64.18,31.3,Tier 4 — Low Priority / Avoid,Recovery Candidate,40.2,27.5,40.9
2026-07-31,LDOS,"Leidos Holdings, Inc.",Technology,31.9,34.1,32.1,26.7,33.2,33.0,115.6,236.77,104.8,Tier 4 — Low Priority / Avoid,Recovery Candidate,27.1,15.0,26.4
2026-07-31,LEN,Lennar Corporation,Consumer Cyclical,27.2,30.2,24.3,22.6,32.0,27.7,82.35,84.55,2.7,Tier 4 — Low Priority / Avoid,General Watchlist,32.8,12.5,25.4
2026-07-31,LII,"Lennox International, Inc.",Industrials,34.7,40.4,32.4,23.5,42.4,34.9,415.88,255.45,-38.6,Tier 4 — Low Priority / Avoid,General Watchlist,18.5,0.0,20.6
2026-07-31,LLY,Eli Lilly and Company,Healthcare,59.3,63.5,49.8,65.6,58.8,58.3,1148.84,535.26,-53.4,Tier 4 — Low Priority / Avoid,General Watchlist,48.3,27.5,46.3
2026-07-31,LIN,Linde plc,Basic Materials,53.3,57.7,45.2,51.8,59.8,54.0,478.38,355.73,-25.6,Tier 4 — Low Priority / Avoid,General Watchlist,49.0,15.0,41.6
2026-07-31,LYV,"Live Nation Entertainment, Inc.",Communication Services,37.8,35.5,28.1,59.9,29.4,37.4,174.13,143.23,-17.7,Tier 4 — Low Priority / Avoid,General Watchlist,22.5,2.5,21.9
2026-07-31,LMT,Lockheed Martin Corporation,Industrials,44.6,45.5,40.4,52.0,39.4,44.9,582.74,818.5,40.5,Tier 4 — Low Priority / Avoid,General Watchlist,31.4,15.0,32.1
2026-07-31,L,Loews Corporation,Financial Services,44.3,44.2,37.6,53.0,43.3,46.0,116.01,135.71,17.0,Tier 4 — Low Priority / Avoid,General Watchlist,45.5,12.5,36.0
2026-07-31,LOW,"Lowe's Companies, Inc.",Consumer Cyclical,31.5,34.1,31.3,26.8,31.7,33.1,207.81,288.01,38.6,Tier 4 — Low Priority / Avoid,General Watchlist,21.7,0.0,20.7
2026-07-31,LULU,lululemon athletica inc.,Consumer Cyclical,49.1,58.5,51.9,20.2,64.1,49.0,118.87,300.67,152.9,Tier 4 — Low Priority / Avoid,Recovery Candidate,54.9,50.0,52.7
2026-07-31,LITE,Lumentum Holdings Inc.,Technology,45.7,47.8,37.8,58.5,39.0,44.0,713.94,41.56,-94.2,Tier 4 — Low Priority / Avoid,General Watchlist,22.8,5.0,26.3
2026-07-31,LYB,LyondellBasell Industries NV,Basic Materials,24.5,18.6,17.3,47.6,17.1,25.3,62.08,68.37,10.1,Tier 4 — Low Priority / Avoid,General Watchlist,8.2,0.0,11.1
2026-07-31,MTB,M&T Bank Corporation,Financial Services,54.8,56.1,45.7,63.9,55.5,54.8,246.29,304.93,23.8,Tier 4 — Low Priority / Avoid,General Watchlist,51.5,37.5,48.1
2026-07-31,MPC,Marathon Petroleum Corporation,Energy,35.8,28.7,23.8,73.5,19.3,36.3,316.47,311.36,-1.6,Tier 4 — Low Priority / Avoid,General Watchlist,16.0,17.5,21.9
2026-07-31,MAR,Marriott International,Consumer Cyclical,57.5,59.8,48.5,62.3,61.9,56.8,372.83,209.78,-43.7,Tier 4 — Low Priority / Avoid,General Watchlist,39.3,15.0,39.3
2026-07-31,MRSH,Marsh,Financial Services,46.2,49.7,39.7,45.2,51.2,46.5,189.69,158.84,-16.3,Tier 4 — Low Priority / Avoid,General Watchlist,34.8,2.5,30.7
2026-07-31,MLM,"Martin Marietta Materials, Inc.",Basic Materials,41.7,47.2,36.7,36.9,45.2,42.1,525.14,369.48,-29.6,Tier 4 — Low Priority / Avoid,General Watchlist,34.6,2.5,29.3
2026-07-31,MRVL,"Marvell Technology, Inc.",Technology,59.5,63.1,50.3,66.2,60.6,56.7,187.56,88.9,-52.6,Tier 4 — Low Priority / Avoid,General Watchlist,50.5,52.5,53.2
2026-07-31,MAS,Masco Corporation,Industrials,54.8,60.4,52.6,41.3,65.8,54.3,71.48,99.42,39.1,Tier 4 — Low Priority / Avoid,General Watchlist,53.7,25.0,47.1
2026-07-31,MA,Mastercard Incorporated,Financial Services,63.4,70.0,55.5,56.2,73.7,62.7,573.1,293.48,-48.8,Tier 3 — Watchlist Only,General Watchlist,51.2,40.0,52.6
2026-07-31,MKC,"McCormick & Company, Incorporat",Consumer Defensive,42.6,48.6,43.2,28.6,47.7,43.6,50.9,131.95,159.2,Tier 4 — Low Priority / Avoid,General Watchlist,31.7,0.0,29.0
2026-07-31,MCD,McDonald's Corporation,Consumer Cyclical,52.6,59.0,48.5,39.6,63.3,53.2,270.64,295.31,9.1,Tier 4 — Low Priority / Avoid,General Watchlist,41.4,15.0,39.4
2026-07-31,MCK,McKesson Corporation,Healthcare,39.0,36.2,30.9,58.0,32.1,39.9,856.19,1138.14,32.9,Tier 4 — Low Priority / Avoid,General Watchlist,36.2,2.5,27.5
2026-07-31,MDT,Medtronic plc.,Healthcare,49.7,55.8,46.2,39.9,56.0,50.6,85.39,106.47,24.7,Tier 4 — Low Priority / Avoid,General Watchlist,48.0,12.5,40.0
2026-07-31,MRK,"Merck & Company, Inc.",Healthcare,56.2,55.8,45.5,69.3,57.6,55.8,130.2,135.1,3.8,Tier 4 — Low Priority / Avoid,General Watchlist,53.7,27.5,46.4
2026-07-31,META,"Meta Platforms, Inc.",Communication Services,49.3,59.4,45.6,29.7,61.9,49.0,556.71,203.32,-63.5,Tier 4 — Low Priority / Avoid,General Watchlist,51.6,37.5,47.6
2026-07-31,MET,"MetLife, Inc.",Financial Services,36.8,34.2,26.1,61.3,26.8,37.4,96.13,67.21,-30.1,Tier 4 — Low Priority / Avoid,General Watchlist,26.4,27.5,29.1
2026-07-31,MTD,"Mettler-Toledo International, I",Healthcare,53.1,56.4,45.2,51.7,62.3,51.6,1416.3,1088.42,-23.2,Tier 4 — Low Priority / Avoid,General Watchlist,35.5,15.0,36.3
2026-07-31,MGM,MGM Resorts International,Consumer Cyclical,36.7,32.8,27.0,60.3,29.8,36.0,44.57,36.17,-18.8,Tier 4 — Low Priority / Avoid,General Watchlist,16.5,7.5,20.4
2026-07-31,MCHP,Microchip Technology Incorporat,Technology,45.3,54.6,45.2,30.8,47.2,43.9,74.29,31.07,-58.2,Tier 4 — Low Priority / Avoid,General Watchlist,37.3,0.0,31.9
2026-07-31,MU,"Micron Technology, Inc.",Technology,65.5,71.5,57.2,66.2,68.6,62.7,823.03,888.87,8.0,Tier 3 — Watchlist Only,General Watchlist,57.6,52.5,58.4
2026-07-31,MSFT,Microsoft Corporation,Technology,50.3,53.3,39.3,57.4,53.4,50.0,464.72,69.49,-85.0,Tier 4 — Low Priority / Avoid,General Watchlist,40.4,27.5,39.7
2026-07-31,MAA,Mid-America Apartment Communiti,Real Estate,36.4,37.7,31.2,40.0,36.7,37.8,132.34,130.98,-1.0,Tier 4 — Low Priority / Avoid,General Watchlist,23.9,2.5,23.1
2026-07-31,MRNA,"Moderna, Inc.",Healthcare,41.4,40.6,31.7,65.5,27.5,40.7,54.82,54.82,0.0,Tier 4 — Low Priority / Avoid,General Watchlist,36.8,52.5,40.9
2026-07-31,TAP,Molson Coors Beverage Company,Consumer Defensive,39.7,44.1,39.7,31.8,40.2,41.1,41.56,58.15,39.9,Tier 4 — Low Priority / Avoid,General Watchlist,30.0,2.5,27.7
2026-07-31,MDLZ,"Mondelez International, Inc.",Consumer Defensive,41.4,43.0,33.1,50.0,40.0,42.3,62.31,42.21,-32.3,Tier 4 — Low Priority / Avoid,General Watchlist,21.2,0.0,23.0
2026-07-31,MPWR,"Monolithic Power Systems, Inc.",Technology,66.5,70.4,55.2,76.4,66.1,63.5,1426.03,542.7,-61.9,Tier 3 — Watchlist Only,Position Trade Candidate,53.5,52.5,56.7
2026-07-31,MNST,Monster Beverage Corporation,Consumer Defensive,79.1,87.4,67.2,77.6,85.0,78.1,96.38,47.34,-50.9,Tier 2 — Worth Researching,"Long-Term Compounder, Position Trade Candidate, Healthy Business",72.1,75.0,74.5
2026-07-31,MCO,Moody's Corporation,Financial Services,53.4,63.1,50.2,36.4,62.4,52.5,478.38,170.88,-64.3,Tier 4 — Low Priority / Avoid,General Watchlist,41.7,15.0,40.1
2026-07-31,MS,Morgan Stanley,Financial Services,55.5,58.2,45.7,66.2,53.0,54.1,210.42,203.91,-3.1,Tier 4 — Low Priority / Avoid,General Watchlist,51.9,37.5,48.3
2026-07-31,MOS,Mosaic Company (The),Basic Materials,22.9,24.6,22.9,26.7,13.5,24.5,22.12,95.14,330.1,Tier 4 — Low Priority / Avoid,General Watchlist,14.3,0.0,14.6
2026-07-31,MSI,"Motorola Solutions, Inc.",Technology,48.3,52.1,42.6,44.2,55.8,48.2,435.75,306.43,-29.7,Tier 4 — Low Priority / Avoid,General Watchlist,30.9,15.0,33.4
2026-07-31,MSCI,MSCI Inc.,Financial Services,53.2,62.4,49.7,36.8,62.9,53.0,572.24,295.41,-48.4,Tier 4 — Low Priority / Avoid,General Watchlist,36.7,27.5,41.4
2026-07-31,NDAQ,"Nasdaq, Inc.",Financial Services,52.9,60.0,47.4,44.8,58.7,53.1,94.19,55.23,-41.4,Tier 4 — Low Priority / Avoid,General Watchlist,40.9,15.0,39.1
2026-07-31,NTAP,"NetApp, Inc.",Technology,60.4,61.3,51.7,72.5,58.4,58.3,178.5,209.49,17.4,Tier 3 — Watchlist Only,General Watchlist,49.9,27.5,47.0
2026-07-31,NFLX,"Netflix, Inc.",Communication Services,62.4,74.7,64.1,26.9,83.3,61.2,71.71,117.88,64.4,Tier 3 — Watchlist Only,Healthy Business,66.4,37.5,58.9
2026-07-31,NEM,Newmont Corporation,Basic Materials,76.0,88.2,74.3,48.2,92.1,75.0,93.71,258.14,175.5,Tier 2 — Worth Researching,"Long-Term Compounder, Recovery Candidate, Healthy Business",81.4,62.5,75.3
2026-07-31,NWSA,News Corporation,Communication Services,53.1,59.0,51.2,40.9,60.3,53.9,27.56,60.5,119.5,Tier 4 — Low Priority / Avoid,General Watchlist,56.7,25.0,47.8
2026-07-31,NWS,News Corporation,Communication Services,52.8,58.9,51.1,39.7,60.3,53.6,31.27,60.5,93.5,Tier 4 — Low Priority / Avoid,General Watchlist,56.5,25.0,47.6
2026-07-31,NEE,"NextEra Energy, Inc.",Utilities,43.8,44.6,38.2,51.1,41.5,44.6,86.92,313.45,260.6,Tier 4 — Low Priority / Avoid,General Watchlist,21.3,5.0,25.6
2026-07-31,NKE,"Nike, Inc.",Consumer Cyclical,41.2,48.2,36.9,29.9,49.9,40.9,41.71,27.87,-33.2,Tier 4 — Low Priority / Avoid,General Watchlist,36.7,15.0,33.1
2026-07-31,NI,NiSource Inc,Utilities,34.1,34.0,30.2,41.1,30.2,36.1,44.43,149.96,237.5,Tier 4 — Low Priority / Avoid,General Watchlist,13.8,0.0,18.2
2026-07-31,NDSN,Nordson Corporation,Industrials,60.6,66.1,53.6,55.9,67.8,60.1,297.78,296.89,-0.3,Tier 3 — Watchlist Only,General Watchlist,59.4,37.5,53.8
2026-07-31,NSC,Norfolk Southern Corporation,Industrials,48.0,49.5,39.6,54.9,49.8,47.9,335.48,203.86,-39.2,Tier 4 — Low Priority / Avoid,General Watchlist,34.0,2.5,30.6
2026-07-31,NTRS,Northern Trust Corporation,Financial Services,59.7,62.8,49.1,71.5,56.3,58.7,182.19,136.22,-25.2,Tier 4 — Low Priority / Avoid,General Watchlist,54.7,50.0,54.1
2026-07-31,NOC,Northrop Grumman Corporation,Industrials,32.0,34.4,27.7,32.6,32.4,33.3,542.48,525.77,-3.1,Tier 4 — Low Priority / Avoid,General Watchlist,31.2,0.0,23.5
2026-07-31,NCLH,Norwegian Cruise Line Holdings ,Consumer Cyclical,19.7,20.4,21.9,20.4,13.7,19.4,18.53,40.17,116.8,Tier 4 — Low Priority / Avoid,Recovery Candidate,0.0,0.0,8.2
2026-07-31,NRG,"NRG Energy, Inc.",Utilities,20.4,22.7,19.4,20.9,16.3,20.8,134.29,17.34,-87.1,Tier 4 — Low Priority / Avoid,General Watchlist,0.0,0.0,8.3
2026-07-31,NUE,Nucor Corporation,Basic Materials,48.4,48.3,38.3,69.6,38.1,47.3,257.29,258.79,0.6,Tier 4 — Low Priority / Avoid,General Watchlist,40.1,40.0,41.7
2026-07-31,NVDA,NVIDIA Corporation,Technology,63.9,75.4,58.1,45.7,76.1,61.6,200.75,60.02,-70.1,Tier 3 — Watchlist Only,General Watchlist,55.5,27.5,51.8
2026-07-31,NVR,"NVR, Inc.",Consumer Cyclical,42.7,49.2,42.2,25.1,53.1,43.5,6147.05,9369.94,52.4,Tier 4 — Low Priority / Avoid,General Watchlist,47.4,12.5,37.5
2026-07-31,NXPI,NXP Semiconductors N.V.,Technology,64.3,75.4,60.7,44.6,75.8,62.0,229.16,181.33,-20.9,Tier 3 — Watchlist Only,General Watchlist,59.1,52.5,59.8
2026-07-31,ORLY,"O'Reilly Automotive, Inc.",Consumer Cyclical,42.4,47.3,37.3,37.4,46.9,43.3,89.35,65.06,-27.2,Tier 4 — Low Priority / Avoid,General Watchlist,29.9,5.0,28.5
2026-07-31,OXY,Occidental Petroleum Corporatio,Energy,53.1,52.7,41.6,68.8,52.2,52.9,57.07,34.53,-39.5,Tier 4 — Low Priority / Avoid,General Watchlist,52.5,37.5,47.2
2026-07-31,ODFL,"Old Dominion Freight Line, Inc.",Industrials,66.6,73.5,56.9,63.5,74.2,64.9,212.14,165.26,-22.1,Tier 3 — Watchlist Only,General Watchlist,61.8,50.0,59.7
2026-07-31,OMC,Omnicom Group Inc.,Communication Services,55.2,59.9,52.8,54.7,50.4,55.4,78.7,324.67,312.5,Tier 4 — Low Priority / Avoid,General Watchlist,47.0,27.5,45.5
2026-07-31,ON,ON Semiconductor Corporation,Technology,51.4,54.9,44.1,54.4,53.9,49.0,81.61,44.87,-45.0,Tier 4 — Low Priority / Avoid,General Watchlist,49.5,27.5,43.7
2026-07-31,OKE,"ONEOK, Inc.",Energy,34.8,34.3,27.6,52.6,23.9,35.4,90.81,84.68,-6.8,Tier 4 — Low Priority / Avoid,General Watchlist,12.7,0.0,17.3
2026-07-31,ORCL,Oracle Corporation,Technology,31.0,36.8,29.0,22.7,34.9,29.6,129.87,118.82,-8.5,Tier 4 — Low Priority / Avoid,General Watchlist,6.3,0.0,14.7
2026-07-31,OTIS,Otis Worldwide Corporation,Industrials,33.7,36.6,32.9,30.3,32.6,35.1,71.95,114.31,58.9,Tier 4 — Low Priority / Avoid,General Watchlist,24.4,2.5,23.0
2026-07-31,PCAR,PACCAR Inc.,Industrials,40.0,39.2,30.3,55.9,36.1,40.6,132.68,123.09,-7.2,Tier 4 — Low Priority / Avoid,General Watchlist,39.1,15.0,32.0
2026-07-31,PKG,Packaging Corporation of Americ,Consumer Cyclical,48.8,49.3,44.0,56.6,44.8,49.4,245.84,733.07,198.2,Tier 4 — Low Priority / Avoid,General Watchlist,46.6,12.5,38.4
2026-07-31,PLTR,Palantir Technologies Inc.,Technology,65.5,82.6,64.3,28.6,84.2,63.2,123.06,23.5,-80.9,Tier 3 — Watchlist Only,"Long-Term Compounder, Healthy Business",54.7,27.5,53.4
2026-07-31,PANW,"Palo Alto Networks, Inc.",Technology,56.6,58.6,46.6,71.9,49.4,56.1,331.83,85.05,-74.4,Tier 4 — Low Priority / Avoid,General Watchlist,52.4,50.0,52.1
2026-07-31,PSKY,Paramount Skydance Corporation,Communication Services,35.2,39.9,38.7,19.7,40.8,34.8,7.96,59.72,650.2,Tier 4 — Low Priority / Avoid,Recovery Candidate,24.2,17.5,27.9
2026-07-31,PH,Parker-Hannifin Corporation,Industrials,44.8,46.5,36.7,52.0,45.1,45.1,976.53,743.1,-23.9,Tier 4 — Low Priority / Avoid,General Watchlist,35.7,0.0,29.4
2026-07-31,PAYX,"Paychex, Inc.",Technology,56.2,59.5,51.0,55.1,60.5,55.3,116.84,279.17,138.9,Tier 4 — Low Priority / Avoid,General Watchlist,42.7,15.0,40.6
2026-07-31,PYPL,"PayPal Holdings, Inc.",Financial Services,47.1,49.9,43.8,42.9,52.7,46.4,57.21,68.37,19.5,Tier 4 — Low Priority / Avoid,Recovery Candidate,50.6,37.5,45.6
2026-07-31,PNR,Pentair plc.,Industrials,41.6,48.0,41.1,22.8,54.4,42.2,65.44,77.97,19.1,Tier 4 — Low Priority / Avoid,Recovery Candidate,44.2,12.5,35.9
2026-07-31,PEP,"Pepsico, Inc.",Consumer Defensive,47.6,52.8,45.9,37.3,53.4,48.1,139.56,183.16,31.2,Tier 4 — Low Priority / Avoid,General Watchlist,34.5,15.0,35.2
2026-07-31,PFE,"Pfizer, Inc.",Healthcare,45.3,46.2,39.9,48.2,48.2,46.4,25.01,42.91,71.6,Tier 4 — Low Priority / Avoid,General Watchlist,46.3,25.0,40.0
2026-07-31,PCG,Pacific Gas & Electric Co.,Utilities,33.4,28.6,26.1,57.1,23.2,34.2,17.38,31.19,79.4,Tier 4 — Low Priority / Avoid,General Watchlist,13.1,5.0,17.7
2026-07-31,PM,Philip Morris International Inc,Consumer Defensive,56.1,58.9,48.6,55.8,63.4,56.3,190.82,206.74,8.3,Tier 4 — Low Priority / Avoid,General Watchlist,42.5,2.5,37.1
2026-07-31,PSX,Phillips 66,Energy,29.8,19.4,19.0,73.3,9.8,31.1,211.68,442.48,109.0,Tier 4 — Low Priority / Avoid,General Watchlist,10.4,17.5,17.5
2026-07-31,PNW,Pinnacle West Capital Corporati,Utilities,35.3,32.2,30.1,51.3,27.3,36.8,100.99,448.06,343.7,Tier 4 — Low Priority / Avoid,General Watchlist,22.8,2.5,21.9
2026-07-31,PNC,"PNC Financial Services Group, I",Financial Services,54.3,56.9,46.4,63.2,50.3,54.1,249.87,292.99,17.3,Tier 4 — Low Priority / Avoid,General Watchlist,49.0,25.0,44.2
2026-07-31,PPG,"PPG Industries, Inc.",Basic Materials,41.1,44.9,40.1,34.1,43.9,41.9,110.52,148.33,34.2,Tier 4 — Low Priority / Avoid,General Watchlist,40.8,25.0,37.3
2026-07-31,PPL,PPL Corporation,Utilities,36.7,36.8,32.9,42.1,34.5,38.6,35.21,139.22,295.4,Tier 4 — Low Priority / Avoid,General Watchlist,24.7,2.5,23.7
2026-07-31,PFG,Principal Financial Group Inc,Financial Services,48.1,46.9,38.0,66.6,41.9,48.7,113.7,113.26,-0.4,Tier 4 — Low Priority / Avoid,General Watchlist,49.7,50.0,47.6
2026-07-31,PG,Procter & Gamble Company (The),Consumer Defensive,46.0,49.2,38.7,43.5,54.6,47.1,144.49,128.75,-10.9,Tier 4 — Low Priority / Avoid,General Watchlist,46.4,25.0,40.3
2026-07-31,PGR,Progressive Corporation (The),Financial Services,44.4,48.5,42.0,38.1,48.1,45.8,211.42,321.39,52.0,Tier 4 — Low Priority / Avoid,General Watchlist,42.6,0.0,32.9
2026-07-31,PLD,"Prologis, Inc.",Real Estate,62.4,66.8,53.9,62.5,67.8,61.4,144.61,143.92,-0.5,Tier 3 — Watchlist Only,General Watchlist,44.7,40.0,49.6
2026-07-31,PRU,"Prudential Financial, Inc.",Financial Services,46.1,44.3,39.8,59.7,41.7,46.6,122.08,156.66,28.3,Tier 4 — Low Priority / Avoid,General Watchlist,37.4,40.0,40.5
2026-07-31,PEG,Public Service Enterprise Group,Utilities,41.4,45.8,39.5,37.8,39.5,42.8,76.68,334.59,336.3,Tier 4 — Low Priority / Avoid,General Watchlist,19.1,5.0,24.9
2026-07-31,PTC,PTC Inc.,Technology,49.8,53.6,46.3,39.2,62.3,49.8,137.2,339.81,147.7,Tier 4 — Low Priority / Avoid,Recovery Candidate,52.2,37.5,47.4
2026-07-31,PSA,Public Storage,Real Estate,62.7,66.5,52.9,64.4,69.8,62.1,324.17,276.61,-14.7,Tier 3 — Watchlist Only,General Watchlist,46.2,52.5,53.2
2026-07-31,PHM,"PulteGroup, Inc.",Consumer Cyclical,39.9,40.3,34.9,41.5,44.9,40.4,126.47,206.52,63.3,Tier 4 — Low Priority / Avoid,Recovery Candidate,43.2,37.5,39.8
2026-07-31,PWR,"Quanta Services, Inc.",Industrials,40.9,38.1,29.7,73.0,22.4,40.6,667.36,277.85,-58.4,Tier 4 — Low Priority / Avoid,General Watchlist,26.9,40.0,33.8
2026-07-31,QCOM,QUALCOMM Incorporated,Technology,50.9,57.6,50.1,30.9,66.0,50.0,147.61,185.34,25.6,Tier 4 — Low Priority / Avoid,Recovery Candidate,58.9,50.0,53.9
2026-07-31,DGX,Quest Diagnostics Incorporated,Healthcare,44.1,39.8,31.4,75.7,30.9,45.1,233.01,228.22,-2.1,Tier 4 — Low Priority / Avoid,Position Trade Candidate,41.4,37.5,39.3
2026-07-31,Q,"Qnity Electronics, Inc.",Technology,38.6,41.9,33.0,42.9,35.2,39.1,131.18,100.65,-23.3,Tier 4 — Low Priority / Avoid,General Watchlist,33.1,0.0,26.6
2026-07-31,RL,Ralph Lauren Corporation,Consumer Cyclical,55.7,62.1,49.4,52.3,59.1,54.6,380.34,338.37,-11.0,Tier 4 — Low Priority / Avoid,General Watchlist,55.4,50.0,53.7
2026-07-31,RJF,"Raymond James Financial, Inc.",Financial Services,58.1,65.4,52.4,50.9,62.5,58.0,175.98,185.22,5.2,Tier 4 — Low Priority / Avoid,Recovery Candidate,55.8,37.5,52.0
2026-07-31,RTX,RTX Corporation,Industrials,50.5,50.2,38.9,70.1,44.2,51.1,215.22,180.17,-16.3,Tier 4 — Low Priority / Avoid,General Watchlist,41.3,27.5,39.8
2026-07-31,O,Realty Income Corporation,Real Estate,50.2,53.1,41.6,56.6,49.4,50.9,63.87,40.0,-37.4,Tier 4 — Low Priority / Avoid,General Watchlist,42.4,15.0,37.8
2026-07-31,REG,Regency Centers Corporation,Real Estate,45.7,43.9,37.2,59.6,44.0,46.9,80.29,374.35,366.2,Tier 4 — Low Priority / Avoid,General Watchlist,32.7,2.5,29.1
2026-07-31,REGN,"Regeneron Pharmaceuticals, Inc.",Healthcare,67.5,72.5,61.6,64.4,72.1,66.5,762.63,1037.26,36.0,Tier 3 — Watchlist Only,General Watchlist,72.5,75.0,70.6
2026-07-31,RF,Regions Financial Corporation,Financial Services,48.1,49.3,37.8,55.6,52.9,47.8,30.95,29.24,-5.5,Tier 4 — Low Priority / Avoid,General Watchlist,46.4,12.5,37.1
2026-07-31,RSG,"Republic Services, Inc.",Industrials,41.5,45.1,36.3,37.5,47.5,42.7,210.55,197.98,-6.0,Tier 4 — Low Priority / Avoid,General Watchlist,29.8,2.5,27.4
2026-07-31,RMD,ResMed Inc.,Healthcare,69.6,81.4,67.7,41.1,87.3,69.1,210.98,289.62,37.3,Tier 3 — Watchlist Only,"Long-Term Compounder, Healthy Business",74.8,62.5,70.5
2026-07-31,RVTY,"Revvity, Inc.",Healthcare,48.1,50.7,40.9,52.5,49.1,48.0,112.52,91.22,-18.9,Tier 4 — Low Priority / Avoid,General Watchlist,47.7,12.5,38.2
2026-07-31,HOOD,"Robinhood Markets, Inc.",Financial Services,50.6,60.8,48.7,32.6,59.3,47.6,86.56,44.59,-48.5,Tier 4 — Low Priority / Avoid,General Watchlist,31.0,5.0,32.6
2026-07-31,ROK,"Rockwell Automation, Inc.",Industrials,51.9,53.5,42.4,63.4,49.5,50.9,480.08,302.49,-37.0,Tier 4 — Low Priority / Avoid,General Watchlist,33.8,40.0,41.2
2026-07-31,ROL,"Rollins, Inc.",Consumer Cyclical,45.3,54.1,43.1,25.6,57.1,45.8,37.97,29.41,-22.5,Tier 4 — Low Priority / Avoid,General Watchlist,38.1,2.5,32.7
2026-07-31,ROP,"Roper Technologies, Inc.",Technology,54.4,59.1,50.9,48.0,59.0,54.5,391.97,740.6,88.9,Tier 4 — Low Priority / Avoid,General Watchlist,44.6,27.5,44.2
2026-07-31,ROST,"Ross Stores, Inc.",Consumer Cyclical,60.9,62.2,48.5,79.2,54.7,60.5,251.07,174.07,-30.7,Tier 3 — Watchlist Only,Position Trade Candidate,51.5,52.5,53.7
2026-07-31,RCL,Royal Caribbean Cruises Ltd.,Consumer Cyclical,29.2,29.6,24.1,34.6,30.3,28.5,318.3,236.76,-25.6,Tier 4 — Low Priority / Avoid,General Watchlist,2.0,0.0,11.6
2026-07-31,SPGI,S&P Global Inc.,Financial Services,51.3,60.6,47.3,33.8,62.5,51.4,411.93,211.1,-48.8,Tier 4 — Low Priority / Avoid,General Watchlist,51.4,12.5,42.0
2026-07-31,CRM,"Salesforce, Inc.",Technology,55.7,63.1,55.1,38.2,65.8,54.6,184.02,407.44,121.4,Tier 4 — Low Priority / Avoid,Recovery Candidate,48.1,40.0,49.6
2026-07-31,SNDK,Sandisk Corporation,Technology,71.9,79.6,62.6,67.7,79.5,69.0,1214.83,484.74,-60.1,Tier 3 — Watchlist Only,General Watchlist,64.8,65.0,66.6
2026-07-31,SBAC,SBA Communications Corporation,Real Estate,48.6,54.4,45.8,35.7,58.8,48.7,180.98,189.84,4.9,Tier 4 — Low Priority / Avoid,General Watchlist,36.6,2.5,33.0
2026-07-31,SLB,SLB Limited,Energy,39.6,39.4,31.4,52.6,35.4,40.4,49.59,42.76,-13.8,Tier 4 — Low Priority / Avoid,General Watchlist,40.3,25.0,35.1
2026-07-31,STX,Seagate Technology Holdings PLC,Technology,67.2,70.3,56.3,77.0,68.3,63.6,856.13,270.47,-68.4,Tier 3 — Watchlist Only,Position Trade Candidate,55.2,52.5,57.5
2026-07-31,SRE,DBA Sempra,Utilities,34.4,34.6,26.5,41.8,36.5,35.5,88.55,50.34,-43.2,Tier 4 — Low Priority / Avoid,General Watchlist,23.6,2.5,21.6
2026-07-31,NOW,"ServiceNow, Inc.",Technology,47.9,55.5,47.1,34.6,52.1,47.4,111.23,110.71,-0.5,Tier 4 — Low Priority / Avoid,General Watchlist,50.2,25.0,43.5
2026-07-31,SHW,Sherwin-Williams Company (The),Basic Materials,43.8,49.4,41.4,33.4,50.3,43.9,340.85,352.54,3.4,Tier 4 — Low Priority / Avoid,General Watchlist,29.0,2.5,28.5
2026-07-31,SPG,"Simon Property Group, Inc.",Real Estate,61.1,62.1,54.8,67.5,61.5,60.1,229.37,322.42,40.6,Tier 3 — Watchlist Only,General Watchlist,41.8,52.5,51.2
2026-07-31,SWKS,"Skyworks Solutions, Inc.",Technology,33.4,35.6,28.1,35.6,35.0,33.0,62.28,46.26,-25.7,Tier 4 — Low Priority / Avoid,General Watchlist,33.1,15.0,28.1
2026-07-31,SJM,The J.M. Smucker Company,Consumer Defensive,48.3,48.1,43.7,55.5,46.1,49.1,119.26,252.05,111.3,Tier 4 — Low Priority / Avoid,General Watchlist,37.1,27.5,38.6
2026-07-31,SW,Smurfit WestRock plc,Consumer Cyclical,29.6,27.8,22.5,46.7,21.8,30.3,45.97,33.69,-26.7,Tier 4 — Low Priority / Avoid,General Watchlist,28.4,0.0,20.6
2026-07-31,SNA,Snap-On Incorporated,Industrials,70.8,77.1,64.0,60.6,83.2,70.7,410.41,535.26,30.4,Tier 3 — Watchlist Only,Healthy Business,73.0,50.0,66.0
2026-07-31,SOLV,Solventum Corporation,Healthcare,32.6,28.5,21.5,54.0,30.0,33.6,85.44,45.54,-46.7,Tier 4 — Low Priority / Avoid,General Watchlist,18.6,0.0,17.6
2026-07-31,SO,Southern Company (The),Utilities,38.1,39.1,30.6,45.0,39.1,38.6,94.54,63.12,-33.2,Tier 4 — Low Priority / Avoid,General Watchlist,16.7,0.0,20.1
2026-07-31,LUV,Southwest Airlines Company,Industrials,30.8,31.8,26.1,44.2,18.5,31.4,44.97,46.19,2.7,Tier 4 — Low Priority / Avoid,General Watchlist,20.7,2.5,19.7
2026-07-31,SWK,"Stanley Black & Decker, Inc.",Industrials,49.8,47.6,42.5,65.7,45.3,49.2,94.58,129.01,36.4,Tier 4 — Low Priority / Avoid,General Watchlist,50.1,50.0,48.6
2026-07-31,SBUX,Starbucks Corporation,Consumer Cyclical,36.2,32.8,25.5,60.3,28.5,36.5,105.25,40.57,-61.5,Tier 4 — Low Priority / Avoid,General Watchlist,19.1,0.0,19.3
2026-07-31,STT,State Street Corporation,Financial Services,47.9,44.5,34.8,69.8,47.7,47.3,184.16,94.38,-48.7,Tier 4 — Low Priority / Avoid,General Watchlist,46.2,37.5,42.3
2026-07-31,STLD,"Steel Dynamics, Inc.",Basic Materials,46.2,46.0,35.3,71.3,31.9,45.7,251.26,60.46,-75.9,Tier 4 — Low Priority / Avoid,General Watchlist,35.5,40.0,39.2
2026-07-31,STE,STERIS plc (Ireland),Healthcare,49.7,57.6,44.8,39.8,54.6,50.3,228.4,212.21,-7.1,Tier 4 — Low Priority / Avoid,General Watchlist,48.4,12.5,40.1
2026-07-31,SYK,Stryker Corporation,Healthcare,59.0,67.9,53.5,44.4,70.4,58.4,325.7,295.34,-9.3,Tier 4 — Low Priority / Avoid,General Watchlist,59.3,50.0,56.8
2026-07-31,SMCI,"Super Micro Computer, Inc.",Technology,30.6,35.1,31.8,27.6,24.0,29.6,28.4,62.68,120.7,Tier 4 — Low Priority / Avoid,General Watchlist,13.0,0.0,17.3
2026-07-31,SYF,Synchrony Financial,Financial Services,48.8,51.4,44.4,45.1,56.3,48.3,75.79,113.45,49.7,Tier 4 — Low Priority / Avoid,Recovery Candidate,49.9,25.0,42.8
2026-07-31,SNPS,"Synopsys, Inc.",Technology,46.0,57.4,48.0,20.5,53.9,45.8,388.76,327.37,-15.8,Tier 4 — Low Priority / Avoid,General Watchlist,48.8,15.0,40.6
2026-07-31,SYY,Sysco Corporation,Consumer Defensive,27.7,26.0,21.7,41.3,22.1,29.0,85.24,82.21,-3.6,Tier 4 — Low Priority / Avoid,General Watchlist,16.1,0.0,15.8
2026-07-31,TMUS,"T-Mobile US, Inc.",Communication Services,44.7,50.5,46.2,27.5,53.2,45.2,172.71,251.01,45.3,Tier 4 — Low Priority / Avoid,Recovery Candidate,35.2,27.5,38.0
2026-07-31,TROW,"T. Rowe Price Group, Inc.",Financial Services,72.7,81.5,64.5,57.4,90.3,71.0,111.75,87.84,-21.4,Tier 3 — Watchlist Only,"Long-Term Compounder, Recovery Candidate, Healthy Business",78.7,62.5,71.6
2026-07-31,TTWO,"Take-Two Interactive Software, ",Communication Services,44.5,47.9,38.1,47.4,44.4,44.9,242.92,144.05,-40.7,Tier 4 — Low Priority / Avoid,General Watchlist,39.7,12.5,34.3
2026-07-31,TPR,"Tapestry, Inc.",Consumer Cyclical,67.0,73.7,60.8,63.0,70.8,64.7,152.37,88.36,-42.0,Tier 3 — Watchlist Only,General Watchlist,56.6,55.0,59.8
2026-07-31,TRGP,"Targa Resources, Inc.",Energy,41.2,36.6,28.9,68.4,34.7,41.1,270.37,132.42,-51.0,Tier 4 — Low Priority / Avoid,General Watchlist,18.2,5.0,21.8
2026-07-31,TGT,Target Corporation,Consumer Defensive,38.1,31.8,28.9,65.7,28.9,38.2,144.49,173.11,19.8,Tier 4 — Low Priority / Avoid,General Watchlist,20.1,5.0,21.5
2026-07-31,TEL,TE Connectivity plc,Technology,57.1,67.0,55.3,36.8,67.4,57.1,205.69,231.53,12.6,Tier 4 — Low Priority / Avoid,General Watchlist,54.6,25.0,48.9
2026-07-31,TDY,Teledyne Technologies Incorpora,Technology,51.6,54.9,42.5,56.3,53.5,52.1,655.57,633.09,-3.4,Tier 4 — Low Priority / Avoid,General Watchlist,51.3,25.0,43.9
2026-07-31,TER,"Teradyne, Inc.",Technology,63.1,66.5,51.4,74.8,62.3,60.3,367.69,239.85,-34.8,Tier 3 — Watchlist Only,General Watchlist,51.4,52.5,54.5
2026-07-31,TSLA,"Tesla, Inc.",Consumer Cyclical,26.6,34.5,26.7,14.6,27.0,26.2,311.21,26.29,-91.6,Tier 4 — Low Priority / Avoid,General Watchlist,12.5,0.0,15.8
2026-07-31,TXN,Texas Instruments Incorporated,Technology,66.3,71.4,55.6,71.9,67.7,64.5,275.74,165.31,-40.0,Tier 3 — Watchlist Only,General Watchlist,60.5,62.5,62.0
2026-07-31,TPL,Texas Pacific Land Corporation,Energy,59.2,67.0,51.0,53.9,65.2,58.0,402.58,149.33,-62.9,Tier 4 — Low Priority / Avoid,General Watchlist,46.8,27.5,46.3
2026-07-31,TXT,Textron Inc.,Industrials,28.8,29.8,26.1,33.5,23.9,30.5,85.26,107.27,25.8,Tier 4 — Low Priority / Avoid,General Watchlist,22.5,2.5,20.0
2026-07-31,TMO,Thermo Fisher Scientific Inc,Healthcare,46.6,47.3,37.3,57.2,46.4,46.6,574.3,455.34,-20.7,Tier 4 — Low Priority / Avoid,General Watchlist,43.6,15.0,36.3
2026-07-31,TJX,"TJX Companies, Inc. (The)",Consumer Cyclical,46.5,49.4,38.2,53.0,45.3,47.4,157.34,119.26,-24.2,Tier 4 — Low Priority / Avoid,General Watchlist,35.1,0.0,30.1
2026-07-31,TKO,"TKO Group Holdings, Inc.",Communication Services,48.5,58.1,46.7,37.4,46.7,49.3,181.81,125.07,-31.2,Tier 4 — Low Priority / Avoid,General Watchlist,44.6,2.5,36.4
2026-07-31,TTD,"The Trade Desk, Inc.",Communication Services,51.2,62.8,52.6,22.8,64.1,50.4,18.04,18.23,1.1,Tier 4 — Low Priority / Avoid,Recovery Candidate,61.2,50.0,55.6
2026-07-31,TSCO,Tractor Supply Company,Consumer Cyclical,23.5,25.8,21.1,21.7,24.6,24.3,30.77,13.9,-54.8,Tier 4 — Low Priority / Avoid,General Watchlist,6.2,0.0,11.6
2026-07-31,TT,Trane Technologies plc,Industrials,53.6,57.6,46.3,50.0,62.5,53.5,454.95,425.99,-6.4,Tier 4 — Low Priority / Avoid,General Watchlist,51.8,25.0,45.1
2026-07-31,TDG,Transdigm Group Incorporated,Industrials,54.0,63.8,49.9,35.2,66.7,53.9,1254.38,861.36,-31.3,Tier 4 — Low Priority / Avoid,General Watchlist,45.9,25.0,44.3
2026-07-31,TRV,"The Travelers Companies, Inc.",Financial Services,77.3,78.0,66.3,86.0,83.1,77.0,374.36,697.2,86.2,Tier 2 — Worth Researching,"Position Trade Candidate, Healthy Business",76.7,75.0,74.9
2026-07-31,TRMB,Trimble Inc.,Technology,38.1,45.2,34.8,29.9,40.1,38.3,56.58,44.95,-20.5,Tier 4 — Low Priority / Avoid,General Watchlist,36.5,0.0,28.3
2026-07-31,TFC,Truist Financial Corporation,Financial Services,51.1,54.1,45.1,53.0,52.3,51.2,51.84,70.18,35.4,Tier 4 — Low Priority / Avoid,General Watchlist,48.1,25.0,42.9
2026-07-31,TYL,"Tyler Technologies, Inc.",Technology,43.4,50.5,42.1,31.7,46.8,43.7,309.6,349.03,12.7,Tier 4 — Low Priority / Avoid,General Watchlist,49.9,37.5,44.8
2026-07-31,TSN,"Tyson Foods, Inc.",Consumer Defensive,29.9,31.8,23.6,37.6,25.1,31.9,57.96,52.41,-9.6,Tier 4 — Low Priority / Avoid,General Watchlist,20.8,0.0,18.8
2026-07-31,USB,U.S. Bancorp,Financial Services,53.4,53.7,44.6,65.6,51.7,53.2,63.01,80.83,28.3,Tier 4 — Low Priority / Avoid,General Watchlist,50.4,37.5,47.1
2026-07-31,UBER,"Uber Technologies, Inc.",Technology,39.0,44.3,39.2,27.9,42.3,39.8,70.36,94.91,34.9,Tier 4 — Low Priority / Avoid,General Watchlist,41.3,12.5,33.9
2026-07-31,UDR,"UDR, Inc.",Real Estate,49.8,53.2,45.1,46.9,54.3,50.3,38.16,44.83,17.5,Tier 4 — Low Priority / Avoid,General Watchlist,38.8,15.0,37.0
2026-07-31,ULTA,"Ulta Beauty, Inc.",Consumer Cyclical,51.4,59.7,51.5,31.9,60.6,51.5,512.83,649.06,26.6,Tier 4 — Low Priority / Avoid,General Watchlist,47.4,12.5,41.1
2026-07-31,UNP,Union Pacific Corporation,Industrials,60.5,61.6,51.0,68.6,63.8,60.1,292.13,319.47,9.4,Tier 3 — Watchlist Only,General Watchlist,46.9,40.0,49.2
2026-07-31,UAL,"United Airlines Holdings, Inc.",Industrials,31.5,28.0,28.0,50.3,19.3,31.1,121.33,271.29,123.6,Tier 4 — Low Priority / Avoid,General Watchlist,5.8,0.0,13.7
2026-07-31,UPS,"United Parcel Service, Inc.",Industrials,34.2,33.2,31.4,41.1,31.4,34.8,104.22,170.65,63.7,Tier 4 — Low Priority / Avoid,General Watchlist,25.7,15.0,26.0
2026-07-31,URI,"United Rentals, Inc.",Industrials,51.4,52.1,42.8,63.4,49.7,49.7,1079.26,816.64,-24.3,Tier 4 — Low Priority / Avoid,General Watchlist,31.0,42.5,40.6
2026-07-31,UNH,UnitedHealth Group Incorporated,Healthcare,55.5,54.0,44.9,70.0,57.7,54.6,414.4,452.75,9.3,Tier 4 — Low Priority / Avoid,General Watchlist,53.0,40.0,48.9
2026-07-31,UHS,"Universal Health Services, Inc.",Healthcare,32.2,35.1,31.9,29.9,29.1,33.2,168.44,223.71,32.8,Tier 4 — Low Priority / Avoid,Recovery Candidate,29.9,2.5,24.4
2026-07-31,VLO,Valero Energy Corporation,Energy,63.0,61.9,53.0,86.3,51.3,62.6,312.9,761.1,143.2,Tier 3 — Watchlist Only,Position Trade Candidate,61.1,62.5,60.5
2026-07-31,VEEV,Veeva Systems Inc.,Healthcare,69.5,81.7,67.6,42.3,85.4,68.3,203.78,258.76,27.0,Tier 3 — Watchlist Only,"Long-Term Compounder, Healthy Business",72.2,50.0,66.3
2026-07-31,VTR,"Ventas, Inc.",Real Estate,44.6,41.5,38.1,66.6,31.4,46.1,93.51,228.0,143.8,Tier 4 — Low Priority / Avoid,General Watchlist,27.3,15.0,30.1
2026-07-31,VLTO,Veralto Corp,Industrials,53.4,60.0,51.1,39.3,62.5,54.0,94.17,125.93,33.7,Tier 4 — Low Priority / Avoid,General Watchlist,51.4,25.0,46.0
2026-07-31,VRSN,"VeriSign, Inc.",Technology,60.4,64.2,51.6,60.1,68.4,60.0,290.02,276.2,-4.8,Tier 3 — Watchlist Only,General Watchlist,51.3,27.5,48.0
2026-07-31,VRSK,"Verisk Analytics, Inc.",Industrials,52.0,59.4,49.6,33.5,66.0,51.8,194.85,206.49,6.0,Tier 4 — Low Priority / Avoid,General Watchlist,42.3,15.0,39.7
2026-07-31,VZ,Verizon Communications Inc.,Communication Services,46.7,44.8,41.6,54.4,48.3,47.6,46.81,64.69,38.2,Tier 4 — Low Priority / Avoid,Recovery Candidate,37.8,27.5,38.0
2026-07-31,VRTX,Vertex Pharmaceuticals Incorpor,Healthcare,68.1,80.3,61.6,45.9,84.5,67.5,477.1,306.54,-35.7,Tier 3 — Watchlist Only,"Long-Term Compounder, Healthy Business",68.3,37.5,60.7
2026-07-31,VRT,"Vertiv Holdings, LLC",Industrials,71.8,79.0,64.5,68.5,76.6,68.2,241.57,204.47,-15.4,Tier 3 — Watchlist Only,General Watchlist,65.8,65.0,67.1
2026-07-31,VTRS,Viatris Inc.,Healthcare,49.7,45.7,41.7,73.0,40.5,49.5,17.56,48.57,176.6,Tier 4 — Low Priority / Avoid,General Watchlist,50.1,40.0,45.8
2026-07-31,VICI,VICI Properties Inc.,Real Estate,42.1,44.3,37.4,41.5,45.4,43.8,26.35,51.2,94.3,Tier 4 — Low Priority / Avoid,General Watchlist,33.4,2.5,28.9
2026-07-31,V,Visa Inc.,Financial Services,65.1,71.3,55.5,57.5,78.7,64.8,366.13,142.04,-61.2,Tier 3 — Watchlist Only,General Watchlist,63.0,50.0,59.7
2026-07-31,VST,Vistra Corp.,Utilities,34.5,41.3,34.2,24.2,35.5,33.3,148.19,133.94,-9.6,Tier 4 — Low Priority / Avoid,General Watchlist,7.8,7.5,18.9
2026-07-31,VMC,Vulcan Materials Company (Holdi,Basic Materials,39.8,45.8,35.9,30.1,46.4,40.7,268.57,233.01,-13.2,Tier 4 — Low Priority / Avoid,General Watchlist,37.9,0.0,29.3
2026-07-31,WRB,W.R. Berkley Corporation,Financial Services,52.2,56.2,44.9,51.2,56.8,53.1,72.54,78.41,8.1,Tier 4 — Low Priority / Avoid,General Watchlist,52.4,25.0,44.9
2026-07-31,GWW,"W.W. Grainger, Inc.",Industrials,52.5,52.6,40.3,68.8,50.8,52.4,1382.22,1023.34,-26.0,Tier 4 — Low Priority / Avoid,General Watchlist,45.4,40.0,45.1
2026-07-31,WAB,Westinghouse Air Brake Technolo,Industrials,52.1,51.2,40.3,74.6,43.6,52.2,290.86,209.59,-27.9,Tier 4 — Low Priority / Avoid,General Watchlist,46.0,30.0,42.6
2026-07-31,WMT,Walmart Inc.,Consumer Defensive,26.5,27.6,20.1,34.7,22.5,28.4,111.2,23.42,-78.9,Tier 4 — Low Priority / Avoid,General Watchlist,11.4,0.0,14.0
2026-07-31,DIS,Walt Disney Company (The),Communication Services,27.0,30.1,23.6,24.8,28.8,28.2,96.19,36.78,-61.8,Tier 4 — Low Priority / Avoid,General Watchlist,20.7,0.0,18.0
2026-07-31,WBD,"Warner Bros. Discovery, Inc. - ",Communication Services,46.1,47.1,44.1,47.1,46.4,45.4,26.3,98.89,276.0,Tier 4 — Low Priority / Avoid,General Watchlist,30.8,5.0,30.2
2026-07-31,WM,"Waste Management, Inc.",Industrials,38.8,41.7,33.8,38.4,40.9,39.7,226.55,142.89,-36.9,Tier 4 — Low Priority / Avoid,General Watchlist,20.7,2.5,23.1
2026-07-31,WAT,Waters Corporation,Healthcare,35.6,37.5,29.5,48.1,25.1,36.1,377.31,224.64,-40.5,Tier 4 — Low Priority / Avoid,General Watchlist,18.5,0.0,20.1
2026-07-31,WEC,"WEC Energy Group, Inc.",Utilities,32.0,32.2,24.6,42.6,28.5,33.7,109.42,97.41,-11.0,Tier 4 — Low Priority / Avoid,General Watchlist,12.3,0.0,16.3
2026-07-31,WFC,Wells Fargo & Company,Financial Services,49.0,52.5,43.1,48.6,52.4,49.2,86.45,111.0,28.4,Tier 4 — Low Priority / Avoid,General Watchlist,48.1,25.0,42.2
2026-07-31,WELL,Welltower Inc.,Real Estate,57.9,60.0,47.2,73.5,50.3,58.3,234.44,84.61,-63.9,Tier 4 — Low Priority / Avoid,General Watchlist,38.7,27.5,42.2
2026-07-31,WST,"West Pharmaceutical Services, I",Healthcare,55.2,56.3,42.9,72.4,51.1,53.8,340.96,107.14,-68.6,Tier 4 — Low Priority / Avoid,General Watchlist,46.2,52.5,49.4
2026-07-31,WDC,Western Digital Corporation,Technology,73.3,78.3,62.7,77.4,77.9,70.0,544.84,550.29,1.0,Tier 3 — Watchlist Only,Position Trade Candidate,64.9,65.0,66.7
2026-07-31,WY,Weyerhaeuser Company,Real Estate,25.5,23.2,17.0,46.0,15.7,26.9,25.03,15.68,-37.3,Tier 4 — Low Priority / Avoid,General Watchlist,1.5,0.0,9.4
2026-07-31,WSM,"Williams-Sonoma, Inc.",Consumer Cyclical,55.3,59.5,48.7,51.3,64.1,54.0,228.66,216.92,-5.1,Tier 4 — Low Priority / Avoid,General Watchlist,52.3,25.0,45.9
2026-07-31,WMB,"Williams Companies, Inc. (The)",Energy,42.3,42.1,36.3,52.0,39.4,43.3,71.54,249.93,249.4,Tier 4 — Low Priority / Avoid,General Watchlist,19.3,0.0,22.9
2026-07-31,WTW,Willis Towers Watson Public Lim,Financial Services,41.2,39.6,31.5,58.9,36.4,42.0,335.92,239.11,-28.8,Tier 4 — Low Priority / Avoid,General Watchlist,39.0,15.0,32.4
2026-07-31,WDAY,"Workday, Inc.",Technology,59.7,69.1,58.4,41.3,68.1,58.5,160.34,181.81,13.4,Tier 4 — Low Priority / Avoid,General Watchlist,64.0,50.0,59.3
2026-07-31,WYNN,"Wynn Resorts, Limited",Consumer Cyclical,37.5,43.4,35.1,31.0,37.9,37.8,99.31,84.97,-14.4,Tier 4 — Low Priority / Avoid,General Watchlist,24.6,0.0,23.9
2026-07-31,XEL,Xcel Energy Inc.,Utilities,26.5,24.0,18.5,44.9,18.9,28.4,78.2,67.27,-14.0,Tier 4 — Low Priority / Avoid,General Watchlist,7.6,0.0,12.1
2026-07-31,XYL,Xylem Inc.,Industrials,42.7,48.2,39.0,34.7,48.1,43.6,116.97,133.54,14.2,Tier 4 — Low Priority / Avoid,General Watchlist,43.9,12.5,35.7
2026-07-31,YUM,"Yum! Brands, Inc.",Consumer Cyclical,48.8,53.8,44.3,44.8,51.0,49.7,153.28,185.17,20.8,Tier 4 — Low Priority / Avoid,General Watchlist,32.8,5.0,32.2
2026-07-31,ZBRA,Zebra Technologies Corporation,Technology,38.4,38.2,31.9,51.2,33.2,37.6,293.82,273.17,-7.0,Tier 4 — Low Priority / Avoid,General Watchlist,19.3,0.0,21.0
2026-07-31,ZBH,"Zimmer Biomet Holdings, Inc.",Healthcare,50.9,54.3,45.5,52.6,50.2,51.4,93.93,110.18,17.3,Tier 4 — Low Priority / Avoid,Recovery Candidate,48.1,25.0,43.1
2026-07-31,ZTS,Zoetis Inc.,Healthcare,48.9,56.7,47.9,26.4,65.2,48.2,77.29,94.43,22.2,Tier 4 — Low Priority / Avoid,Recovery Candidate,51.2,37.5,47.4
2026-08-03,KIM,Kimco Realty Corporation (HC),Real Estate,51.8,51.5,41.7,67.0,48.8,52.0,25.5,26.27,3.0,Tier 4 — Low Priority / Avoid,General Watchlist,40.1,27.5,40.1
2026-08-03,KMI,"Kinder Morgan, Inc.",Energy,44.2,46.6,36.3,51.0,42.7,45.1,31.69,24.64,-22.2,Tier 4 — Low Priority / Avoid,General Watchlist,28.8,0.0,27.0
2026-08-03,KKR,KKR & Co. Inc.,Financial Services,42.3,50.0,39.6,28.2,51.0,41.3,103.72,45.98,-55.7,Tier 4 — Low Priority / Avoid,General Watchlist,34.3,0.0,29.1
2026-08-03,KLAC,KLA Corporation,Technology,65.0,70.2,55.1,64.3,73.7,62.5,179.47,119.55,-33.4,Tier 3 — Watchlist Only,General Watchlist,56.9,40.0,54.6
2026-08-03,KHC,The Kraft Heinz Company,Consumer Defensive,50.2,51.7,46.2,50.8,52.4,51.0,26.3,46.23,75.8,Tier 4 — Low Priority / Avoid,General Watchlist,48.5,15.0,40.5
2026-08-03,KR,Kroger Company (The),Consumer Defensive,25.2,27.8,23.5,24.0,23.4,26.7,58.31,53.89,-7.6,Tier 4 — Low Priority / Avoid,Recovery Candidate,16.0,2.5,16.5
2026-08-03,LHX,"L3Harris Technologies, Inc.",Industrials,42.4,50.3,44.5,26.8,42.9,44.1,275.87,683.66,147.8,Tier 4 — Low Priority / Avoid,General Watchlist,41.1,0.0,32.7
2026-08-03,LH,Labcorp Holdings Inc.,Healthcare,38.6,37.2,28.2,60.3,29.0,39.7,309.61,246.22,-20.5,Tier 4 — Low Priority / Avoid,General Watchlist,34.9,15.0,29.9
2026-08-03,LRCX,Lam Research Corporation,Technology,63.8,70.2,53.8,65.2,67.3,61.1,290.42,82.6,-71.6,Tier 3 — Watchlist Only,General Watchlist,51.0,40.0,52.1
2026-08-03,LVS,Las Vegas Sands Corp.,Consumer Cyclical,47.6,54.1,50.0,24.7,61.1,47.4,46.87,63.14,34.7,Tier 4 — Low Priority / Avoid,Recovery Candidate,40.5,27.5,41.1
2026-08-03,LDOS,"Leidos Holdings, Inc.",Technology,31.4,34.1,32.2,24.4,33.2,32.5,117.66,265.34,125.5,Tier 4 — Low Priority / Avoid,Recovery Candidate,25.5,2.5,22.7
2026-08-03,LEN,Lennar Corporation,Consumer Cyclical,27.1,30.1,24.7,21.6,31.9,27.6,84.25,89.96,6.8,Tier 4 — Low Priority / Avoid,General Watchlist,32.1,12.5,25.2
2026-08-03,LII,"Lennox International, Inc.",Industrials,34.4,40.2,32.3,22.4,42.2,34.5,425.0,260.55,-38.7,Tier 4 — Low Priority / Avoid,General Watchlist,18.8,0.0,20.6
2026-08-03,LLY,Eli Lilly and Company,Healthcare,57.5,61.5,47.5,63.2,59.1,56.6,1121.14,457.36,-59.2,Tier 4 — Low Priority / Avoid,General Watchlist,46.9,40.0,48.2
2026-08-03,LIN,Linde plc,Basic Materials,49.6,55.8,43.7,41.5,57.2,50.5,480.53,316.19,-34.2,Tier 4 — Low Priority / Avoid,General Watchlist,44.4,2.5,35.9
2026-08-03,LYV,"Live Nation Entertainment, Inc.",Communication Services,38.4,37.6,30.2,56.8,29.4,38.3,181.26,160.39,-11.5,Tier 4 — Low Priority / Avoid,General Watchlist,21.6,2.5,22.2
2026-08-03,LMT,Lockheed Martin Corporation,Industrials,44.2,46.3,41.2,47.3,40.5,44.6,580.12,795.12,37.1,Tier 4 — Low Priority / Avoid,General Watchlist,30.2,2.5,28.7
2026-08-03,L,Loews Corporation,Financial Services,44.3,44.2,37.6,52.8,43.3,46.0,116.64,135.71,16.4,Tier 4 — Low Priority / Avoid,General Watchlist,44.9,12.5,35.8
2026-08-03,LOW,"Lowe's Companies, Inc.",Consumer Cyclical,32.1,35.5,32.8,25.7,31.9,33.8,208.6,298.43,43.1,Tier 4 — Low Priority / Avoid,General Watchlist,21.7,0.0,21.1
2026-08-03,LULU,lululemon athletica inc.,Consumer Cyclical,50.0,58.5,52.0,24.3,64.1,49.9,121.16,291.38,140.5,Tier 4 — Low Priority / Avoid,Recovery Candidate,55.7,50.0,53.1
2026-08-03,LITE,Lumentum Holdings Inc.,Technology,46.4,47.8,37.9,61.6,39.0,44.6,760.73,43.78,-94.2,Tier 4 — Low Priority / Avoid,General Watchlist,24.3,17.5,30.0
2026-08-03,LYB,LyondellBasell Industries NV,Basic Materials,45.1,46.4,41.7,54.3,36.2,45.0,61.62,130.3,111.5,Tier 4 — Low Priority / Avoid,General Watchlist,33.7,27.5,36.3
2026-08-03,MTB,M&T Bank Corporation,Financial Services,54.7,56.2,45.5,63.4,55.5,54.7,248.49,295.4,18.9,Tier 4 — Low Priority / Avoid,General Watchlist,50.7,25.0,44.6
2026-08-03,MPC,Marathon Petroleum Corporation,Energy,35.6,28.7,24.0,72.3,19.3,36.1,316.35,312.77,-1.1,Tier 4 — Low Priority / Avoid,General Watchlist,15.1,5.0,18.4
2026-08-03,MAR,Marriott International,Consumer Cyclical,55.3,59.5,48.4,54.6,60.0,54.8,346.32,220.29,-36.4,Tier 4 — Low Priority / Avoid,General Watchlist,37.4,15.0,38.3
2026-08-03,MRSH,Marsh,Financial Services,48.1,51.6,41.4,46.7,53.8,48.3,191.45,158.84,-17.0,Tier 4 — Low Priority / Avoid,General Watchlist,36.8,15.0,35.2
2026-08-03,MLM,"Martin Marietta Materials, Inc.",Basic Materials,38.6,46.1,36.4,27.5,41.5,39.6,540.83,329.38,-39.1,Tier 4 — Low Priority / Avoid,General Watchlist,30.6,0.0,26.7
2026-08-03,MRVL,"Marvell Technology, Inc.",Technology,58.2,62.7,50.0,61.7,60.0,55.5,189.41,88.62,-53.2,Tier 4 — Low Priority / Avoid,General Watchlist,48.0,40.0,48.9
2026-08-03,MAS,Masco Corporation,Industrials,54.5,60.3,51.7,41.0,65.5,54.0,73.24,92.36,26.1,Tier 4 — Low Priority / Avoid,General Watchlist,53.0,25.0,46.7
2026-08-03,MA,Mastercard Incorporated,Financial Services,63.2,71.0,56.1,49.8,77.8,62.5,573.21,161.01,-71.9,Tier 3 — Watchlist Only,General Watchlist,50.3,27.5,49.4
2026-08-03,MKC,"McCormick & Company, Incorporat",Consumer Defensive,43.4,48.6,43.3,32.2,47.7,44.4,51.47,133.38,159.1,Tier 4 — Low Priority / Avoid,General Watchlist,32.1,0.0,29.2
2026-08-03,MCD,McDonald's Corporation,Consumer Cyclical,51.6,59.1,49.5,34.4,62.5,52.4,269.49,319.43,18.5,Tier 4 — Low Priority / Avoid,General Watchlist,39.0,2.5,35.5
2026-08-03,MCK,McKesson Corporation,Healthcare,38.7,38.8,33.8,47.7,33.7,39.7,851.42,1216.7,42.9,Tier 4 — Low Priority / Avoid,General Watchlist,35.3,0.0,27.3
2026-08-03,MDT,Medtronic plc.,Healthcare,49.0,55.5,45.9,38.9,53.8,49.9,86.28,102.52,18.8,Tier 4 — Low Priority / Avoid,General Watchlist,46.6,0.0,36.2
2026-08-03,MRK,"Merck & Company, Inc.",Healthcare,58.4,59.6,49.0,65.6,62.8,58.0,127.73,134.4,5.2,Tier 4 — Low Priority / Avoid,General Watchlist,56.5,40.0,51.8
2026-08-03,META,"Meta Platforms, Inc.",Communication Services,49.2,59.5,45.8,28.8,61.8,48.9,593.89,221.52,-62.7,Tier 4 — Low Priority / Avoid,General Watchlist,49.7,15.0,41.3
2026-08-03,MET,"MetLife, Inc.",Financial Services,37.1,34.3,26.3,62.3,26.8,37.7,96.42,67.21,-30.3,Tier 4 — Low Priority / Avoid,General Watchlist,26.9,27.5,29.3
2026-08-03,MTD,"Mettler-Toledo International, I",Healthcare,52.7,56.6,45.5,50.8,60.0,51.4,1429.64,918.55,-35.7,Tier 4 — Low Priority / Avoid,General Watchlist,33.9,15.0,35.8
2026-08-03,MGM,MGM Resorts International,Consumer Cyclical,37.2,35.3,30.0,54.8,30.1,36.6,44.61,38.93,-12.7,Tier 4 — Low Priority / Avoid,General Watchlist,17.6,5.0,20.9
2026-08-03,MCHP,Microchip Technology Incorporat,Technology,44.3,53.8,44.6,28.8,46.0,42.9,74.64,30.34,-59.3,Tier 4 — Low Priority / Avoid,General Watchlist,36.4,0.0,31.2
2026-08-03,MU,"Micron Technology, Inc.",Technology,64.6,69.4,53.3,70.0,68.8,61.7,813.59,547.42,-32.7,Tier 3 — Watchlist Only,General Watchlist,57.1,67.5,61.0
2026-08-03,MSFT,Microsoft Corporation,Technology,51.4,53.5,39.6,61.7,53.4,51.0,486.01,71.84,-85.2,Tier 4 — Low Priority / Avoid,General Watchlist,42.1,40.0,43.7
2026-08-03,MAA,Mid-America Apartment Communiti,Real Estate,44.9,48.4,39.8,42.8,48.6,45.9,133.33,132.04,-1.0,Tier 4 — Low Priority / Avoid,General Watchlist,30.4,2.5,29.0
2026-08-03,MRNA,"Moderna, Inc.",Healthcare,38.4,36.3,27.7,62.3,29.0,37.9,56.86,19.31,-66.0,Tier 4 — Low Priority / Avoid,General Watchlist,34.4,27.5,32.4
2026-08-03,TAP,Molson Coors Beverage Company,Consumer Defensive,40.4,44.2,39.9,34.8,40.2,41.7,42.07,60.36,43.5,Tier 4 — Low Priority / Avoid,General Watchlist,30.4,2.5,27.9
2026-08-03,MDLZ,"Mondelez International, Inc.",Consumer Defensive,40.0,43.0,33.2,43.6,40.0,41.1,62.05,42.59,-31.4,Tier 4 — Low Priority / Avoid,General Watchlist,19.0,0.0,22.1
2026-08-03,MPWR,"Monolithic Power Systems, Inc.",Technology,61.1,70.0,55.2,53.1,65.8,58.3,1333.79,535.92,-59.8,Tier 3 — Watchlist Only,General Watchlist,47.7,27.5,47.6
2026-08-03,MNST,Monster Beverage Corporation,Consumer Defensive,78.6,87.4,67.4,75.2,85.0,77.7,94.09,48.37,-48.6,Tier 2 — Worth Researching,"Long-Term Compounder, Position Trade Candidate, Healthy Business",71.8,75.0,74.4
2026-08-03,MCO,Moody's Corporation,Financial Services,54.0,63.3,50.5,38.3,62.6,53.1,479.1,166.74,-65.2,Tier 4 — Low Priority / Avoid,General Watchlist,43.2,27.5,43.9
2026-08-03,MS,Morgan Stanley,Financial Services,56.4,58.1,45.6,70.6,52.8,55.0,210.79,203.02,-3.7,Tier 4 — Low Priority / Avoid,General Watchlist,53.4,37.5,49.0
2026-08-03,MOS,Mosaic Company (The),Basic Materials,22.5,24.6,23.0,24.5,13.5,24.1,21.74,95.54,339.5,Tier 4 — Low Priority / Avoid,General Watchlist,14.3,0.0,14.5
2026-08-03,MSI,"Motorola Solutions, Inc.",Technology,47.6,52.1,42.7,40.9,55.8,47.6,438.28,310.59,-29.1,Tier 4 — Low Priority / Avoid,General Watchlist,29.2,2.5,29.6
2026-08-03,MSCI,MSCI Inc.,Financial Services,53.2,62.3,49.8,36.5,62.7,53.0,571.5,286.33,-49.9,Tier 4 — Low Priority / Avoid,General Watchlist,36.9,27.5,41.4
2026-08-03,NDAQ,"Nasdaq, Inc.",Financial Services,53.3,60.2,47.7,45.4,59.0,53.4,93.86,55.18,-41.2,Tier 4 — Low Priority / Avoid,General Watchlist,42.0,27.5,42.8
2026-08-03,NTAP,"NetApp, Inc.",Technology,60.7,61.5,51.7,73.6,58.7,58.6,182.28,207.42,13.8,Tier 3 — Watchlist Only,General Watchlist,50.5,27.5,47.2
2026-08-04,NFLX,"Netflix, Inc.",Communication Services,62.8,74.7,64.2,28.2,83.3,61.5,73.04,118.09,61.7,Tier 3 — Watchlist Only,Healthy Business,65.7,25.0,55.6
2026-08-04,NEM,Newmont Corporation,Basic Materials,76.1,88.2,74.4,48.6,92.1,75.1,97.4,248.97,155.6,Tier 2 — Worth Researching,"Long-Term Compounder, Recovery Candidate, Healthy Business",81.0,62.5,75.2
2026-08-04,NWSA,News Corporation,Communication Services,54.3,59.0,51.4,46.1,60.3,55.0,28.03,59.93,113.8,Tier 4 — Low Priority / Avoid,General Watchlist,57.4,25.0,48.2
2026-08-04,NWS,News Corporation,Communication Services,54.1,59.0,51.3,45.2,60.3,54.7,31.93,59.93,87.7,Tier 4 — Low Priority / Avoid,General Watchlist,57.2,25.0,48.1
2026-08-04,NEE,"NextEra Energy, Inc.",Utilities,40.4,42.3,36.4,43.8,38.4,41.5,86.33,313.12,262.7,Tier 4 — Low Priority / Avoid,General Watchlist,17.8,0.0,22.1
2026-08-04,NKE,"Nike, Inc.",Consumer Cyclical,39.7,48.1,37.1,22.9,49.9,39.5,41.65,28.93,-30.5,Tier 4 — Low Priority / Avoid,General Watchlist,33.6,2.5,28.7
2026-08-04,NI,NiSource Inc,Utilities,33.2,33.9,30.3,36.9,30.2,35.3,44.27,149.59,237.9,Tier 4 — Low Priority / Avoid,General Watchlist,12.6,0.0,17.6
2026-08-04,NDSN,Nordson Corporation,Industrials,61.2,66.1,53.3,59.0,67.7,60.6,305.64,287.89,-5.8,Tier 3 — Watchlist Only,General Watchlist,59.6,37.5,53.9
2026-08-04,NSC,Norfolk Southern Corporation,Industrials,47.4,49.5,39.8,52.0,49.8,47.4,338.79,203.49,-39.9,Tier 4 — Low Priority / Avoid,General Watchlist,28.1,2.5,28.5
2026-08-04,NTRS,Northern Trust Corporation,Financial Services,59.7,63.9,49.7,68.3,57.4,58.7,183.75,137.66,-25.1,Tier 4 — Low Priority / Avoid,General Watchlist,54.4,50.0,54.2
2026-08-04,NOC,Northrop Grumman Corporation,Industrials,31.7,35.2,28.4,28.6,33.6,33.1,550.12,522.14,-5.1,Tier 4 — Low Priority / Avoid,General Watchlist,30.1,0.0,23.3
2026-08-04,NCLH,Norwegian Cruise Line Holdings ,Consumer Cyclical,23.2,23.5,23.8,26.5,17.6,22.6,19.98,41.52,107.8,Tier 4 — Low Priority / Avoid,Recovery Candidate,0.0,0.0,9.3
2026-08-04,NRG,"NRG Energy, Inc.",Utilities,17.7,20.3,17.6,18.6,11.0,18.3,120.86,20.31,-83.2,Tier 4 — Low Priority / Avoid,General Watchlist,0.0,0.0,7.4
2026-08-04,NUE,Nucor Corporation,Basic Materials,48.3,49.1,38.2,68.7,37.2,47.2,267.54,106.46,-60.2,Tier 4 — Low Priority / Avoid,General Watchlist,38.4,40.0,41.2
2026-08-04,NVDA,NVIDIA Corporation,Technology,64.9,74.9,57.9,52.0,75.3,62.6,209.91,62.05,-70.4,Tier 3 — Watchlist Only,General Watchlist,56.1,27.5,52.1
2026-08-04,NVR,"NVR, Inc.",Consumer Cyclical,44.9,51.5,44.3,26.7,56.3,45.6,6238.58,9163.23,46.9,Tier 4 — Low Priority / Avoid,General Watchlist,49.1,12.5,38.9
2026-08-04,NXPI,NXP Semiconductors N.V.,Technology,63.6,75.3,60.8,41.9,75.5,61.4,235.87,177.09,-24.9,Tier 3 — Watchlist Only,General Watchlist,58.3,52.5,59.4
2026-08-04,ORLY,"O'Reilly Automotive, Inc.",Consumer Cyclical,41.6,47.3,37.5,33.9,46.8,42.6,90.37,65.02,-28.1,Tier 4 — Low Priority / Avoid,General Watchlist,27.9,0.0,26.5
2026-08-04,OXY,Occidental Petroleum Corporatio,Energy,50.9,53.0,42.1,57.1,52.7,50.9,55.02,34.3,-37.7,Tier 4 — Low Priority / Avoid,General Watchlist,49.3,12.5,39.6
2026-08-04,ODFL,"Old Dominion Freight Line, Inc.",Industrials,66.3,73.7,57.2,61.4,74.2,64.7,215.04,156.81,-27.1,Tier 3 — Watchlist Only,General Watchlist,61.4,50.0,59.6
2026-08-04,OMC,Omnicom Group Inc.,Communication Services,54.7,59.8,52.9,52.7,50.3,55.0,79.14,331.23,318.5,Tier 4 — Low Priority / Avoid,General Watchlist,44.8,15.0,41.6
2026-08-04,ON,ON Semiconductor Corporation,Technology,53.3,54.5,44.0,64.2,53.2,50.7,80.64,43.77,-45.7,Tier 4 — Low Priority / Avoid,General Watchlist,52.8,40.0,48.1
2026-08-04,OKE,"ONEOK, Inc.",Energy,33.1,34.3,28.1,44.1,23.9,33.9,86.58,84.45,-2.5,Tier 4 — Low Priority / Avoid,General Watchlist,12.2,5.0,18.2
2026-08-04,ORCL,Oracle Corporation,Technology,32.0,36.4,28.8,28.0,34.8,30.4,144.92,128.68,-11.2,Tier 4 — Low Priority / Avoid,General Watchlist,6.5,0.0,14.8
2026-08-04,OTIS,Otis Worldwide Corporation,Industrials,33.5,36.1,32.7,31.1,32.0,34.9,72.8,111.86,53.7,Tier 4 — Low Priority / Avoid,General Watchlist,24.1,2.5,22.8
2026-08-04,PCAR,PACCAR Inc.,Industrials,39.4,39.3,30.6,52.5,36.1,40.1,133.39,123.63,-7.3,Tier 4 — Low Priority / Avoid,General Watchlist,38.6,15.0,31.8
2026-08-04,PKG,Packaging Corporation of Americ,Consumer Cyclical,49.7,49.9,44.8,58.5,45.5,50.3,252.88,758.09,199.8,Tier 4 — Low Priority / Avoid,General Watchlist,47.6,25.0,42.2
2026-08-04,PLTR,Palantir Technologies Inc.,Technology,71.1,82.6,64.5,53.6,84.2,68.2,158.85,29.07,-81.7,Tier 3 — Watchlist Only,"Long-Term Compounder, Healthy Business",58.3,52.5,61.7
2026-08-04,PANW,"Palo Alto Networks, Inc.",Technology,58.6,58.4,46.6,81.3,49.3,57.9,360.52,86.09,-76.1,Tier 4 — Low Priority / Avoid,Position Trade Candidate,55.1,62.5,56.4
2026-08-04,PSKY,Paramount Skydance Corporation,Communication Services,34.4,39.8,38.9,16.2,40.8,34.2,8.36,69.19,727.8,Tier 4 — Low Priority / Avoid,Recovery Candidate,23.1,5.0,24.3
2026-08-04,PH,Parker-Hannifin Corporation,Industrials,44.9,46.5,36.9,52.3,45.0,45.2,988.32,733.46,-25.8,Tier 4 — Low Priority / Avoid,General Watchlist,35.9,2.5,30.2
2026-08-04,PAYX,"Paychex, Inc.",Technology,56.8,59.3,51.0,58.4,60.0,55.8,117.23,278.72,137.7,Tier 4 — Low Priority / Avoid,General Watchlist,44.0,27.5,44.2
2026-08-04,PYPL,"PayPal Holdings, Inc.",Financial Services,49.1,50.0,43.8,51.9,52.7,48.3,58.02,67.93,17.1,Tier 4 — Low Priority / Avoid,General Watchlist,51.0,37.5,46.0
2026-08-04,PNR,Pentair plc.,Industrials,41.4,47.7,40.5,23.4,53.9,42.0,67.86,78.09,15.1,Tier 4 — Low Priority / Avoid,Recovery Candidate,43.8,12.5,35.6
2026-08-04,PEP,"Pepsico, Inc.",Consumer Defensive,46.3,52.7,46.2,31.1,53.5,47.0,138.49,185.13,33.7,Tier 4 — Low Priority / Avoid,General Watchlist,32.6,2.5,31.3
2026-08-04,PFE,"Pfizer, Inc.",Healthcare,49.8,50.7,44.6,52.4,52.6,50.7,25.31,56.13,121.8,Tier 4 — Low Priority / Avoid,General Watchlist,52.6,37.5,47.2
2026-08-04,PCG,Pacific Gas & Electric Co.,Utilities,31.7,28.7,26.3,48.4,23.6,32.6,17.41,30.03,72.4,Tier 4 — Low Priority / Avoid,Recovery Candidate,11.0,0.0,15.6
2026-08-04,PM,Philip Morris International Inc,Consumer Defensive,54.5,59.0,49.2,47.5,63.6,54.9,184.82,207.41,12.2,Tier 4 — Low Priority / Avoid,General Watchlist,42.2,15.0,40.0
2026-08-04,PSX,Phillips 66,Energy,29.4,19.4,19.2,71.2,9.8,30.8,205.49,416.43,102.6,Tier 4 — Low Priority / Avoid,General Watchlist,10.4,17.5,17.5
2026-08-04,PNW,Pinnacle West Capital Corporati,Utilities,31.4,28.7,27.1,48.4,20.2,33.2,101.17,447.47,342.3,Tier 4 — Low Priority / Avoid,General Watchlist,11.4,0.0,15.9
2026-08-04,PNC,"PNC Financial Services Group, I",Financial Services,53.8,56.8,46.1,61.8,50.1,53.7,255.67,289.26,13.1,Tier 4 — Low Priority / Avoid,General Watchlist,47.9,12.5,40.5
2026-08-04,PPG,"PPG Industries, Inc.",Basic Materials,41.7,45.1,39.8,36.7,43.9,42.4,116.84,149.31,27.8,Tier 4 — Low Priority / Avoid,General Watchlist,39.1,0.0,30.5
2026-08-04,PPL,PPL Corporation,Utilities,32.9,33.6,30.2,37.8,28.0,35.0,35.14,139.43,296.8,Tier 4 — Low Priority / Avoid,General Watchlist,12.9,0.0,17.7
2026-08-04,PFG,Principal Financial Group Inc,Financial Services,48.9,48.5,39.2,64.9,44.1,49.5,115.48,109.78,-4.9,Tier 4 — Low Priority / Avoid,General Watchlist,50.4,50.0,48.3
2026-08-04,PG,Procter & Gamble Company (The),Consumer Defensive,45.8,50.6,40.0,37.0,56.8,46.9,146.37,119.92,-18.1,Tier 4 — Low Priority / Avoid,General Watchlist,45.0,25.0,40.1
2026-08-04,PGR,Progressive Corporation (The),Financial Services,44.6,48.5,42.1,38.7,48.1,45.9,209.34,310.41,48.3,Tier 4 — Low Priority / Avoid,General Watchlist,43.5,12.5,36.4
2026-08-04,PLD,"Prologis, Inc.",Real Estate,62.6,66.9,54.4,63.0,67.9,61.7,141.44,143.62,1.5,Tier 3 — Watchlist Only,General Watchlist,45.1,40.0,49.9
2026-08-04,PRU,"Prudential Financial, Inc.",Financial Services,47.6,46.8,42.5,58.8,42.3,48.1,123.38,152.94,24.0,Tier 4 — Low Priority / Avoid,General Watchlist,39.9,40.0,42.2
2026-08-04,PEG,Public Service Enterprise Group,Utilities,40.9,45.7,39.7,35.6,39.5,42.4,75.57,331.72,339.0,Tier 4 — Low Priority / Avoid,General Watchlist,19.1,5.0,24.8
2026-08-04,PTC,PTC Inc.,Technology,57.2,63.7,55.7,36.4,74.7,56.9,140.43,278.94,98.6,Tier 4 — Low Priority / Avoid,Recovery Candidate,60.0,37.5,53.6
2026-08-04,PSA,Public Storage,Real Estate,61.7,66.4,52.9,59.8,69.8,61.2,324.96,279.97,-13.8,Tier 3 — Watchlist Only,General Watchlist,44.4,40.0,49.3
2026-08-04,PHM,"PulteGroup, Inc.",Consumer Cyclical,41.1,43.0,37.7,38.5,46.1,41.6,129.84,189.09,45.6,Tier 4 — Low Priority / Avoid,Recovery Candidate,43.6,37.5,40.8
2026-08-04,PWR,"Quanta Services, Inc.",Industrials,45.6,44.8,35.4,70.5,31.4,45.2,694.32,420.26,-39.5,Tier 4 — Low Priority / Avoid,General Watchlist,31.4,40.0,37.6
2026-08-04,QCOM,QUALCOMM Incorporated,Technology,50.9,56.4,48.5,36.3,64.2,50.0,160.77,190.23,18.3,Tier 4 — Low Priority / Avoid,Recovery Candidate,49.8,40.0,47.8
2026-08-04,DGX,Quest Diagnostics Incorporated,Healthcare,43.6,39.7,31.5,73.3,30.9,44.7,233.35,228.19,-2.2,Tier 4 — Low Priority / Avoid,General Watchlist,40.6,37.5,39.0
2026-08-05,Q,"Qnity Electronics, Inc.",Technology,39.1,40.7,32.2,49.4,33.6,39.6,136.07,103.07,-24.3,Tier 4 — Low Priority / Avoid,General Watchlist,35.1,12.5,30.2
2026-08-05,RL,Ralph Lauren Corporation,Consumer Cyclical,55.0,62.1,49.8,48.4,59.1,53.9,389.15,356.73,-8.3,Tier 4 — Low Priority / Avoid,General Watchlist,53.1,37.5,49.7
2026-08-05,RJF,"Raymond James Financial, Inc.",Financial Services,57.6,65.3,52.0,49.6,62.2,57.5,180.31,179.54,-0.4,Tier 4 — Low Priority / Avoid,Recovery Candidate,55.2,37.5,51.6
2026-08-05,RTX,RTX Corporation,Industrials,50.0,50.5,39.4,66.3,44.4,50.6,219.35,174.18,-20.6,Tier 4 — Low Priority / Avoid,General Watchlist,39.6,27.5,39.3
2026-08-05,O,Realty Income Corporation,Real Estate,54.3,59.7,47.4,51.6,58.5,55.0,62.32,39.83,-36.1,Tier 4 — Low Priority / Avoid,General Watchlist,46.4,15.0,41.3
2026-08-05,REG,Regency Centers Corporation,Real Estate,42.5,43.4,37.2,48.2,40.8,44.0,79.0,368.2,366.1,Tier 4 — Low Priority / Avoid,General Watchlist,29.3,0.0,26.8
2026-08-05,REGN,"Regeneron Pharmaceuticals, Inc.",Healthcare,61.4,68.5,56.8,51.3,68.7,60.7,772.54,959.64,24.2,Tier 3 — Watchlist Only,General Watchlist,64.0,37.5,56.2
2026-08-05,RF,Regions Financial Corporation,Financial Services,47.8,49.4,37.8,54.4,52.8,47.6,32.02,29.24,-8.7,Tier 4 — Low Priority / Avoid,General Watchlist,45.0,0.0,33.5
2026-08-05,RSG,"Republic Services, Inc.",Industrials,40.1,45.0,36.3,31.4,47.5,41.4,205.54,191.11,-7.0,Tier 4 — Low Priority / Avoid,General Watchlist,28.4,0.0,26.1
2026-08-05,RMD,ResMed Inc.,Healthcare,68.9,81.1,67.6,38.6,87.0,68.5,222.0,297.13,33.8,Tier 3 — Watchlist Only,"Long-Term Compounder, Healthy Business",71.5,37.5,62.9
2026-08-05,RVTY,"Revvity, Inc.",Healthcare,48.6,50.8,41.1,54.4,49.1,48.5,113.58,94.83,-16.5,Tier 4 — Low Priority / Avoid,General Watchlist,48.3,12.5,38.6
2026-08-05,HOOD,"Robinhood Markets, Inc.",Financial Services,53.0,61.1,49.2,42.0,59.6,49.8,93.88,44.85,-52.2,Tier 4 — Low Priority / Avoid,General Watchlist,32.4,5.0,33.6
2026-08-05,ROK,"Rockwell Automation, Inc.",Industrials,46.9,50.2,38.9,52.2,46.9,46.5,452.61,323.62,-28.5,Tier 4 — Low Priority / Avoid,General Watchlist,31.9,2.5,29.6
2026-08-05,ROL,"Rollins, Inc.",Consumer Cyclical,45.9,54.2,43.4,28.0,57.2,46.4,37.11,29.73,-19.9,Tier 4 — Low Priority / Avoid,General Watchlist,39.9,15.0,36.6
2026-08-05,ROP,"Roper Technologies, Inc.",Technology,54.1,58.7,50.8,47.7,58.5,54.3,393.06,750.75,91.0,Tier 4 — Low Priority / Avoid,General Watchlist,43.8,27.5,43.8
2026-08-05,ROST,"Ross Stores, Inc.",Consumer Cyclical,60.5,62.2,48.7,77.2,54.7,60.2,252.81,168.93,-33.2,Tier 3 — Watchlist Only,Position Trade Candidate,50.1,40.0,50.1
2026-08-05,RCL,Royal Caribbean Cruises Ltd.,Consumer Cyclical,29.7,29.7,24.4,36.0,30.3,29.0,325.67,230.62,-29.2,Tier 4 — Low Priority / Avoid,General Watchlist,2.4,0.0,11.8
2026-08-05,SPGI,S&P Global Inc.,Financial Services,52.5,60.6,47.5,39.1,62.6,52.6,411.07,207.46,-49.5,Tier 4 — Low Priority / Avoid,General Watchlist,53.2,25.0,45.9
2026-08-05,CRM,"Salesforce, Inc.",Technology,56.6,63.3,55.4,41.7,65.9,55.5,191.78,400.92,109.1,Tier 4 — Low Priority / Avoid,Recovery Candidate,48.1,40.0,49.8
2026-08-05,SNDK,Sandisk Corporation,Technology,72.4,79.2,62.5,70.9,79.4,69.5,1416.94,524.14,-63.0,Tier 3 — Watchlist Only,General Watchlist,65.8,52.5,63.9
2026-08-05,SBAC,SBA Communications Corporation,Real Estate,46.5,53.2,43.7,30.7,58.7,46.7,172.59,138.36,-19.8,Tier 4 — Low Priority / Avoid,General Watchlist,37.3,27.5,38.8
2026-08-05,SLB,SLB Limited,Energy,38.0,39.3,31.5,45.7,35.3,39.0,50.2,42.12,-16.1,Tier 4 — Low Priority / Avoid,General Watchlist,37.3,0.0,27.6
2026-08-05,STX,Seagate Technology Holdings PLC,Technology,66.8,70.3,56.4,75.1,68.2,63.3,879.24,275.91,-68.6,Tier 3 — Watchlist Only,Position Trade Candidate,55.4,52.5,57.5
2026-08-05,SRE,DBA Sempra,Utilities,32.2,34.5,26.6,32.0,36.5,33.6,84.78,48.48,-42.8,Tier 4 — Low Priority / Avoid,General Watchlist,21.8,0.0,20.1
2026-08-05,NOW,"ServiceNow, Inc.",Technology,48.4,55.1,46.6,38.5,51.5,47.9,117.44,113.34,-3.5,Tier 4 — Low Priority / Avoid,General Watchlist,49.1,12.5,40.0
2026-08-05,SHW,Sherwin-Williams Company (The),Basic Materials,45.2,49.9,41.0,38.7,51.1,45.1,364.34,334.74,-8.1,Tier 4 — Low Priority / Avoid,General Watchlist,24.5,2.5,27.1
2026-08-05,SPG,"Simon Property Group, Inc.",Real Estate,59.9,62.3,55.1,61.1,62.0,59.0,223.84,316.83,41.5,Tier 4 — Low Priority / Avoid,General Watchlist,41.2,52.5,50.9
2026-08-05,SWKS,"Skyworks Solutions, Inc.",Technology,33.9,35.5,28.2,38.4,34.6,33.5,66.3,45.84,-30.9,Tier 4 — Low Priority / Avoid,General Watchlist,31.5,2.5,24.5
2026-08-05,SJM,The J.M. Smucker Company,Consumer Defensive,47.1,48.1,43.9,49.8,46.2,48.0,118.53,252.21,112.8,Tier 4 — Low Priority / Avoid,General Watchlist,35.8,27.5,38.0
2026-08-05,SW,Smurfit WestRock plc,Consumer Cyclical,28.9,27.5,22.4,44.8,21.2,29.7,48.35,33.18,-31.4,Tier 4 — Low Priority / Avoid,General Watchlist,26.4,0.0,19.8
2026-08-05,SNA,Snap-On Incorporated,Industrials,70.2,77.1,63.6,58.6,83.0,70.1,418.67,521.12,24.5,Tier 3 — Watchlist Only,Healthy Business,71.5,37.5,62.2
2026-08-05,SOLV,Solventum Corporation,Healthcare,32.5,28.5,21.7,53.4,30.0,33.6,85.82,48.01,-44.1,Tier 4 — Low Priority / Avoid,General Watchlist,18.7,0.0,17.7
2026-08-05,SO,Southern Company (The),Utilities,38.5,40.4,31.4,42.3,40.4,39.6,92.11,64.79,-29.7,Tier 4 — Low Priority / Avoid,General Watchlist,16.4,0.0,20.4
2026-08-05,LUV,Southwest Airlines Company,Industrials,31.1,31.8,26.3,45.1,18.5,31.6,49.37,50.25,1.8,Tier 4 — Low Priority / Avoid,General Watchlist,19.9,2.5,19.5
2026-08-05,SWK,"Stanley Black & Decker, Inc.",Industrials,49.9,47.2,41.4,68.8,44.9,49.3,102.92,125.8,22.2,Tier 4 — Low Priority / Avoid,General Watchlist,48.7,40.0,45.4
2026-08-05,SBUX,Starbucks Corporation,Consumer Cyclical,31.4,31.1,24.3,44.1,26.3,32.1,105.24,39.97,-62.0,Tier 4 — Low Priority / Avoid,General Watchlist,14.3,0.0,16.6
2026-08-05,STT,State Street Corporation,Financial Services,48.9,45.2,35.7,71.5,48.5,48.3,187.46,95.01,-49.3,Tier 4 — Low Priority / Avoid,General Watchlist,47.9,37.5,43.3
2026-08-05,STLD,"Steel Dynamics, Inc.",Basic Materials,46.3,45.9,35.5,71.4,31.9,45.7,265.22,59.03,-77.7,Tier 4 — Low Priority / Avoid,General Watchlist,35.5,40.0,39.2
2026-08-05,STE,STERIS plc (Ireland),Healthcare,50.1,56.7,44.7,44.0,53.4,50.7,229.49,225.37,-1.8,Tier 4 — Low Priority / Avoid,General Watchlist,49.6,25.0,43.6
2026-08-05,SYK,Stryker Corporation,Healthcare,56.5,65.2,51.0,42.8,66.5,56.6,330.74,280.46,-15.2,Tier 4 — Low Priority / Avoid,General Watchlist,54.3,37.5,51.0
2026-08-05,SMCI,"Super Micro Computer, Inc.",Technology,30.1,35.1,32.0,25.1,24.0,29.1,30.96,62.06,100.5,Tier 4 — Low Priority / Avoid,General Watchlist,13.6,7.5,19.3
2026-08-05,SYF,Synchrony Financial,Financial Services,49.1,51.5,44.7,45.8,56.3,48.5,79.31,113.19,42.7,Tier 4 — Low Priority / Avoid,General Watchlist,48.0,12.5,39.1
2026-08-05,SNPS,"Synopsys, Inc.",Technology,46.6,57.2,48.0,23.9,53.6,46.4,402.12,328.68,-18.3,Tier 4 — Low Priority / Avoid,General Watchlist,49.2,15.0,40.8
2026-08-05,SYY,Sysco Corporation,Consumer Defensive,26.9,25.2,20.8,41.9,20.1,27.6,84.07,63.33,-24.7,Tier 4 — Low Priority / Avoid,General Watchlist,9.8,0.0,13.2
2026-08-05,TMUS,"T-Mobile US, Inc.",Communication Services,44.4,50.6,46.6,25.2,53.5,44.9,171.97,242.05,40.8,Tier 4 — Low Priority / Avoid,Recovery Candidate,34.6,15.0,34.6
2026-08-05,TROW,"T. Rowe Price Group, Inc.",Financial Services,78.5,88.0,73.3,60.5,93.1,76.8,115.45,150.7,30.5,Tier 2 — Worth Researching,"Long-Term Compounder, Recovery Candidate, Healthy Business",83.5,75.0,79.3
2026-08-05,TTWO,"Take-Two Interactive Software, ",Communication Services,44.1,47.9,38.3,45.2,44.5,44.5,238.01,154.25,-35.2,Tier 4 — Low Priority / Avoid,General Watchlist,38.7,0.0,30.8
2026-08-05,TPR,"Tapestry, Inc.",Consumer Cyclical,66.8,73.5,60.8,62.4,70.5,64.5,159.26,87.39,-45.1,Tier 3 — Watchlist Only,General Watchlist,54.9,42.5,56.0
2026-08-05,TRGP,"Targa Resources, Inc.",Energy,40.5,36.6,29.1,64.9,34.7,40.4,258.89,131.13,-49.4,Tier 4 — Low Priority / Avoid,General Watchlist,18.6,5.0,21.8
2026-08-05,TGT,Target Corporation,Consumer Defensive,38.4,31.8,29.0,67.1,28.9,38.5,147.35,176.87,20.0,Tier 4 — Low Priority / Avoid,General Watchlist,21.4,17.5,25.2
2026-08-05,TEL,TE Connectivity plc,Technology,58.8,67.2,55.6,44.0,67.3,58.7,216.13,241.63,11.8,Tier 4 — Low Priority / Avoid,General Watchlist,56.6,37.5,53.0
2026-08-05,TDY,Teledyne Technologies Incorpora,Technology,51.6,54.8,42.2,57.2,53.2,52.1,686.0,624.77,-8.9,Tier 4 — Low Priority / Avoid,General Watchlist,50.4,25.0,43.5
2026-08-05,TER,"Teradyne, Inc.",Technology,63.4,67.6,52.4,73.3,61.9,60.5,393.12,160.48,-59.2,Tier 3 — Watchlist Only,General Watchlist,48.7,42.5,51.4
2026-08-05,TSLA,"Tesla, Inc.",Consumer Cyclical,28.0,34.6,27.0,20.2,27.0,27.4,322.39,25.48,-92.1,Tier 4 — Low Priority / Avoid,General Watchlist,14.8,5.0,18.0
2026-08-05,TXN,Texas Instruments Incorporated,Technology,64.7,70.4,55.0,68.0,66.4,63.0,276.82,158.73,-42.7,Tier 3 — Watchlist Only,General Watchlist,59.0,50.0,57.9
2026-08-06,TPL,Texas Pacific Land Corporation,Energy,55.6,66.7,50.8,38.3,65.2,54.7,353.18,148.95,-57.8,Tier 4 — Low Priority / Avoid,General Watchlist,45.3,40.0,48.3
2026-08-06,TXT,Textron Inc.,Industrials,29.6,29.7,26.0,37.3,23.7,31.1,88.09,109.32,24.1,Tier 4 — Low Priority / Avoid,General Watchlist,23.0,2.5,20.2
2026-08-06,TMO,Thermo Fisher Scientific Inc,Healthcare,44.6,46.2,36.4,52.6,43.9,44.8,574.65,510.19,-11.2,Tier 4 — Low Priority / Avoid,General Watchlist,39.9,2.5,31.4
2026-08-06,TJX,"TJX Companies, Inc. (The)",Consumer Cyclical,46.2,49.2,38.2,51.9,45.2,47.1,160.19,121.03,-24.4,Tier 4 — Low Priority / Avoid,General Watchlist,34.8,0.0,29.9
2026-08-06,TKO,"TKO Group Holdings, Inc.",Communication Services,47.5,54.7,44.1,40.6,47.2,48.3,188.7,142.04,-24.7,Tier 4 — Low Priority / Avoid,General Watchlist,43.5,2.5,35.2
2026-08-06,TTD,"The Trade Desk, Inc.",Communication Services,50.9,62.8,52.9,21.1,64.1,50.2,17.79,18.27,2.7,Tier 4 — Low Priority / Avoid,Recovery Candidate,60.9,50.0,55.6
2026-08-06,TSCO,Tractor Supply Company,Consumer Cyclical,24.0,25.7,21.2,24.0,24.6,24.7,33.9,13.76,-59.4,Tier 4 — Low Priority / Avoid,General Watchlist,4.9,0.0,11.2
2026-08-06,TT,Trane Technologies plc,Industrials,56.6,61.6,49.1,53.0,64.0,56.3,480.79,405.0,-15.8,Tier 4 — Low Priority / Avoid,General Watchlist,54.2,25.0,47.2
2026-08-06,TDG,Transdigm Group Incorporated,Industrials,55.8,64.7,51.0,42.7,63.8,55.6,1254.18,994.43,-20.7,Tier 4 — Low Priority / Avoid,General Watchlist,47.4,37.5,48.4
2026-08-06,TRV,"The Travelers Companies, Inc.",Financial Services,76.5,78.0,66.4,81.8,83.1,76.2,383.1,689.49,80.0,Tier 2 — Worth Researching,"Position Trade Candidate, Healthy Business",75.4,75.0,74.3
2026-08-06,TRMB,Trimble Inc.,Technology,38.9,45.1,34.9,33.7,40.0,39.0,58.28,44.57,-23.5,Tier 4 — Low Priority / Avoid,General Watchlist,36.5,0.0,28.4
2026-08-06,TFC,Truist Financial Corporation,Financial Services,51.9,56.0,46.7,50.0,54.6,52.0,52.86,68.42,29.4,Tier 4 — Low Priority / Avoid,General Watchlist,49.5,25.0,44.0
2026-08-06,TYL,"Tyler Technologies, Inc.",Technology,42.2,50.0,42.2,27.5,46.1,42.7,303.58,352.78,16.2,Tier 4 — Low Priority / Avoid,General Watchlist,48.0,25.0,40.8
2026-08-06,TSN,"Tyson Foods, Inc.",Consumer Defensive,29.0,31.6,24.0,33.6,24.8,31.1,57.94,51.5,-11.1,Tier 4 — Low Priority / Avoid,General Watchlist,28.0,2.5,21.8
2026-08-06,USB,U.S. Bancorp,Financial Services,53.0,53.8,44.3,63.7,51.6,52.8,64.03,78.8,23.1,Tier 4 — Low Priority / Avoid,General Watchlist,49.8,37.5,46.7
2026-08-06,UBER,"Uber Technologies, Inc.",Technology,43.7,49.8,43.3,32.7,46.5,44.1,68.71,102.13,48.6,Tier 4 — Low Priority / Avoid,General Watchlist,44.6,12.5,36.8
2026-08-06,UDR,"UDR, Inc.",Real Estate,52.9,58.0,49.6,43.2,60.6,53.3,38.15,45.52,19.3,Tier 4 — Low Priority / Avoid,General Watchlist,40.3,2.5,36.0
2026-08-06,ULTA,"Ulta Beauty, Inc.",Consumer Cyclical,51.7,59.6,50.7,34.8,60.4,51.8,539.75,629.24,16.6,Tier 4 — Low Priority / Avoid,General Watchlist,47.1,12.5,40.9
2026-08-06,UNP,Union Pacific Corporation,Industrials,59.1,61.6,50.7,62.5,63.8,58.8,295.06,307.07,4.1,Tier 4 — Low Priority / Avoid,General Watchlist,45.0,27.5,45.2
2026-08-06,UAL,"United Airlines Holdings, Inc.",Industrials,32.4,28.1,28.3,54.1,19.2,31.9,131.18,259.38,97.7,Tier 4 — Low Priority / Avoid,General Watchlist,5.7,0.0,13.8
2026-08-06,UPS,"United Parcel Service, Inc.",Industrials,33.7,33.7,32.0,37.1,32.0,34.4,103.83,162.42,56.4,Tier 4 — Low Priority / Avoid,General Watchlist,25.2,15.0,25.9
2026-08-06,URI,"United Rentals, Inc.",Industrials,52.0,52.3,43.2,65.2,49.5,50.2,1162.38,804.86,-30.8,Tier 4 — Low Priority / Avoid,General Watchlist,29.3,30.0,37.0
2026-08-06,UNH,UnitedHealth Group Incorporated,Healthcare,55.4,54.3,45.7,67.5,58.0,54.5,405.87,456.98,12.6,Tier 4 — Low Priority / Avoid,General Watchlist,52.3,27.5,45.6
2026-08-06,UHS,"Universal Health Services, Inc.",Healthcare,32.4,35.1,31.9,31.0,29.0,33.4,170.99,225.11,31.7,Tier 4 — Low Priority / Avoid,Recovery Candidate,30.5,2.5,24.6
2026-08-06,VLO,Valero Energy Corporation,Energy,64.4,63.6,54.6,85.3,54.8,64.0,301.83,816.07,170.4,Tier 3 — Watchlist Only,Position Trade Candidate,64.6,75.0,65.5
2026-08-06,VEEV,Veeva Systems Inc.,Healthcare,71.6,81.5,67.3,52.7,85.1,70.2,212.83,263.01,23.6,Tier 3 — Watchlist Only,"Long-Term Compounder, Healthy Business",74.0,62.5,70.3
2026-08-06,VTR,"Ventas, Inc.",Real Estate,47.6,49.4,41.1,57.3,40.8,48.7,92.33,70.91,-23.2,Tier 4 — Low Priority / Avoid,General Watchlist,29.9,2.5,29.5
2026-08-06,VLTO,Veralto Corp,Industrials,58.2,65.1,53.7,45.1,69.2,58.3,96.73,110.31,14.0,Tier 4 — Low Priority / Avoid,General Watchlist,55.5,25.0,49.0
2026-08-06,VRSN,"VeriSign, Inc.",Technology,59.2,64.1,51.4,55.0,68.4,58.9,291.74,267.87,-8.2,Tier 4 — Low Priority / Avoid,General Watchlist,50.0,15.0,44.2
2026-08-06,VRSK,"Verisk Analytics, Inc.",Industrials,53.0,59.6,50.7,36.3,66.3,52.8,184.67,210.29,13.9,Tier 4 — Low Priority / Avoid,General Watchlist,44.4,27.5,43.9
2026-08-06,VZ,Verizon Communications Inc.,Communication Services,44.1,45.0,41.4,42.0,48.7,45.2,46.81,60.54,29.3,Tier 4 — Low Priority / Avoid,Recovery Candidate,33.4,15.0,32.9
2026-08-06,VRTX,Vertex Pharmaceuticals Incorpor,Healthcare,65.0,73.8,57.0,53.7,76.1,64.5,483.76,379.36,-21.6,Tier 3 — Watchlist Only,General Watchlist,65.7,37.5,58.0
2026-08-06,VRT,"Vertiv Holdings, LLC",Industrials,69.9,78.2,63.7,62.8,75.6,66.5,283.24,193.2,-31.8,Tier 3 — Watchlist Only,General Watchlist,57.9,52.5,60.7
2026-08-06,VTRS,Viatris Inc.,Healthcare,47.9,45.7,41.9,64.2,40.5,47.8,17.32,49.02,182.9,Tier 4 — Low Priority / Avoid,General Watchlist,50.6,52.5,48.9
2026-08-06,VICI,VICI Properties Inc.,Real Estate,40.7,44.3,37.6,34.9,45.4,42.5,26.41,50.29,90.4,Tier 4 — Low Priority / Avoid,General Watchlist,31.2,0.0,27.4
2026-08-06,V,Visa Inc.,Financial Services,64.9,71.4,55.7,56.3,78.7,64.6,367.12,139.66,-62.0,Tier 3 — Watchlist Only,General Watchlist,62.5,50.0,59.6
2026-08-06,VST,Vistra Corp.,Utilities,34.5,41.3,34.4,24.0,35.5,33.3,142.15,128.7,-9.5,Tier 4 — Low Priority / Avoid,General Watchlist,8.6,7.5,19.2
2026-08-06,VMC,Vulcan Materials Company (Holdi,Basic Materials,40.1,45.8,36.1,31.5,46.3,41.0,281.05,221.79,-21.1,Tier 4 — Low Priority / Avoid,General Watchlist,38.1,0.0,29.5
2026-08-06,WRB,W.R. Berkley Corporation,Financial Services,57.8,65.5,54.0,42.5,68.6,58.6,71.69,76.44,6.6,Tier 4 — Low Priority / Avoid,General Watchlist,60.2,37.5,53.9
2026-08-06,GWW,"W.W. Grainger, Inc.",Industrials,51.5,56.3,43.6,53.0,53.3,51.7,1270.34,892.76,-29.7,Tier 4 — Low Priority / Avoid,General Watchlist,43.0,15.0,38.7
2026-08-06,WAB,Westinghouse Air Brake Technolo,Industrials,51.8,51.1,40.5,73.0,43.5,51.9,295.04,204.98,-30.5,Tier 4 — Low Priority / Avoid,General Watchlist,45.6,30.0,42.4
2026-08-06,WMT,Walmart Inc.,Consumer Defensive,26.9,27.5,20.1,37.0,22.5,28.8,112.2,23.42,-79.1,Tier 4 — Low Priority / Avoid,General Watchlist,12.8,0.0,14.6
2026-08-06,DIS,Walt Disney Company (The),Communication Services,30.4,30.8,24.5,37.9,28.9,31.4,103.49,70.58,-31.8,Tier 4 — Low Priority / Avoid,General Watchlist,29.8,0.0,21.9
2026-08-06,WBD,"Warner Bros. Discovery, Inc. - ",Communication Services,46.0,47.1,44.3,46.6,46.4,45.4,26.46,105.22,297.6,Tier 4 — Low Priority / Avoid,General Watchlist,31.4,5.0,30.4
2026-08-06,WM,"Waste Management, Inc.",Industrials,37.6,41.7,34.0,33.1,40.9,38.7,224.64,139.79,-37.8,Tier 4 — Low Priority / Avoid,General Watchlist,19.3,0.0,21.8
2026-08-06,WAT,Waters Corporation,Healthcare,47.6,51.6,42.0,53.8,40.8,47.6,394.39,115.21,-70.8,Tier 4 — Low Priority / Avoid,General Watchlist,45.8,25.0,40.9
2026-08-06,WEC,"WEC Energy Group, Inc.",Utilities,30.6,32.5,25.1,34.7,29.0,32.4,108.31,95.43,-11.9,Tier 4 — Low Priority / Avoid,General Watchlist,10.1,0.0,15.4
2026-08-06,WFC,Wells Fargo & Company,Financial Services,48.8,52.5,42.9,47.8,52.3,49.0,87.66,108.21,23.5,Tier 4 — Low Priority / Avoid,General Watchlist,47.5,25.0,41.9
2026-08-06,WELL,Welltower Inc.,Real Estate,56.8,59.9,47.3,68.7,50.3,57.4,234.83,84.61,-64.0,Tier 4 — Low Priority / Avoid,General Watchlist,37.7,27.5,41.8
2026-08-06,WST,"West Pharmaceutical Services, I",Healthcare,55.2,56.4,43.2,72.2,51.1,54.0,348.1,170.7,-51.0,Tier 4 — Low Priority / Avoid,General Watchlist,46.1,52.5,49.5
2026-08-06,WDC,Western Digital Corporation,Technology,73.1,78.2,65.8,72.6,77.8,70.1,477.11,829.6,73.9,Tier 3 — Watchlist Only,General Watchlist,66.2,65.0,67.6
2026-08-06,WY,Weyerhaeuser Company,Real Estate,23.2,23.1,16.7,36.8,14.9,24.7,25.5,5.65,-77.8,Tier 4 — Low Priority / Avoid,General Watchlist,0.0,0.0,8.5
2026-08-06,WSM,"Williams-Sonoma, Inc.",Consumer Cyclical,56.0,59.1,48.1,56.2,63.6,54.7,247.29,210.22,-15.0,Tier 4 — Low Priority / Avoid,General Watchlist,52.9,37.5,49.2
2026-08-06,WMB,"Williams Companies, Inc. (The)",Energy,43.2,43.4,37.3,51.5,41.2,44.1,72.0,250.6,248.1,Tier 4 — Low Priority / Avoid,General Watchlist,19.8,0.0,23.5
2026-08-06,WTW,Willis Towers Watson Public Lim,Financial Services,39.6,41.0,32.8,46.2,38.4,40.5,336.76,235.99,-29.9,Tier 4 — Low Priority / Avoid,General Watchlist,37.3,15.0,31.9
2026-08-07,WDAY,"Workday, Inc.",Technology,60.0,68.2,56.8,47.4,66.7,58.8,181.58,188.27,3.7,Tier 3 — Watchlist Only,General Watchlist,63.1,50.0,58.7
2026-08-07,WYNN,"Wynn Resorts, Limited",Consumer Cyclical,45.1,51.6,42.7,35.0,49.3,45.0,100.28,98.38,-1.9,Tier 4 — Low Priority / Avoid,General Watchlist,34.3,2.5,30.9
2026-08-07,XEL,Xcel Energy Inc.,Utilities,28.0,28.1,21.4,37.7,24.9,29.8,77.37,55.12,-28.8,Tier 4 — Low Priority / Avoid,General Watchlist,7.5,0.0,13.1
2026-08-07,XYL,Xylem Inc.,Industrials,42.8,47.5,37.5,38.9,47.0,43.6,121.6,124.66,2.5,Tier 4 — Low Priority / Avoid,General Watchlist,44.7,25.0,38.8
2026-08-07,YUM,"Yum! Brands, Inc.",Consumer Cyclical,48.7,55.3,46.2,38.1,53.1,49.7,151.18,187.8,24.2,Tier 4 — Low Priority / Avoid,General Watchlist,32.5,15.0,35.0
2026-08-07,ZBRA,Zebra Technologies Corporation,Technology,50.9,52.0,42.3,65.7,44.6,49.2,377.19,332.77,-11.8,Tier 4 — Low Priority / Avoid,General Watchlist,29.6,30.0,36.8
2026-08-07,ZBH,"Zimmer Biomet Holdings, Inc.",Healthcare,48.2,50.2,43.0,52.4,46.9,48.9,96.14,119.86,24.7,Tier 4 — Low Priority / Avoid,Recovery Candidate,46.6,25.0,41.4
2026-08-07,ZTS,Zoetis Inc.,Healthcare,41.8,47.0,41.0,24.4,56.2,41.0,75.59,99.98,32.3,Tier 4 — Low Priority / Avoid,General Watchlist,33.4,0.0,28.7
